names,scores,logfoldchanges,pvals,pvals_adj,group
A1BG,0.0,,1.0,1.0,Unknown
ZZZ3,0.0,,1.0,1.0,Unknown
ZZEF1,0.0,,1.0,1.0,Unknown
ZYX,0.0,,1.0,1.0,Unknown
ZYG11B,0.0,,1.0,1.0,Unknown
ZYG11A,0.0,,1.0,1.0,Unknown
ZXDC,0.0,,1.0,1.0,Unknown
ZXDB,0.0,,1.0,1.0,Unknown
ZXDA,0.0,,1.0,1.0,Unknown
AADACL4,0.0,,1.0,1.0,Unknown
AADAT,0.0,,1.0,1.0,Unknown
AAED1,0.0,,1.0,1.0,Unknown
AAGAB,0.0,,1.0,1.0,Unknown
AAK1,0.0,,1.0,1.0,Unknown
AAMDC,0.0,,1.0,1.0,Unknown
AAMP,0.0,,1.0,1.0,Unknown
AANAT,0.0,,1.0,1.0,Unknown
AAR2,0.0,,1.0,1.0,Unknown
AARD,0.0,,1.0,1.0,Unknown
AARS,0.0,,1.0,1.0,Unknown
AARS2,0.0,,1.0,1.0,Unknown
AARSD1,0.0,,1.0,1.0,Unknown
AASDH,0.0,,1.0,1.0,Unknown
AASDHPPT,0.0,,1.0,1.0,Unknown
AASS,0.0,,1.0,1.0,Unknown
ZSCAN10,0.0,,1.0,1.0,Unknown
ZSCAN12,0.0,,1.0,1.0,Unknown
ZSCAN12P1,0.0,,1.0,1.0,Unknown
ZSCAN16,0.0,,1.0,1.0,Unknown
ZSCAN18,0.0,,1.0,1.0,Unknown
ZSCAN2,0.0,,1.0,1.0,Unknown
ZSCAN20,0.0,,1.0,1.0,Unknown
ZSCAN21,0.0,,1.0,1.0,Unknown
ZSCAN22,0.0,,1.0,1.0,Unknown
ZSCAN23,0.0,,1.0,1.0,Unknown
ZSCAN25,0.0,,1.0,1.0,Unknown
ZSCAN26,0.0,,1.0,1.0,Unknown
ZSCAN29,0.0,,1.0,1.0,Unknown
ZSCAN30,0.0,,1.0,1.0,Unknown
ZSCAN31,0.0,,1.0,1.0,Unknown
ZSCAN32,0.0,,1.0,1.0,Unknown
ZNRF3-AS1,0.0,,1.0,1.0,Unknown
ZNRF4,0.0,,1.0,1.0,Unknown
ZP1,0.0,,1.0,1.0,Unknown
ZP2,0.0,,1.0,1.0,Unknown
ZP3,0.0,,1.0,1.0,Unknown
ZP4,0.0,,1.0,1.0,Unknown
ZPBP,0.0,,1.0,1.0,Unknown
ZPBP2,0.0,,1.0,1.0,Unknown
ZPLD1,0.0,,1.0,1.0,Unknown
ZRANB1,0.0,,1.0,1.0,Unknown
ZRANB2,0.0,,1.0,1.0,Unknown
ZRANB2-AS1,0.0,,1.0,1.0,Unknown
ZRANB2-AS2,0.0,,1.0,1.0,Unknown
ZRANB3,0.0,,1.0,1.0,Unknown
ZRSR2,0.0,,1.0,1.0,Unknown
ZSCAN1,0.0,,1.0,1.0,Unknown
ZNF91,0.0,,1.0,1.0,Unknown
ZNF92,0.0,,1.0,1.0,Unknown
ZNF93,0.0,,1.0,1.0,Unknown
ZNF98,0.0,,1.0,1.0,Unknown
ZNF99,0.0,,1.0,1.0,Unknown
ZNFX1,0.0,,1.0,1.0,Unknown
ZNHIT1,0.0,,1.0,1.0,Unknown
ZNHIT2,0.0,,1.0,1.0,Unknown
ZNHIT3,0.0,,1.0,1.0,Unknown
ZNHIT6,0.0,,1.0,1.0,Unknown
ZNRD1,0.0,,1.0,1.0,Unknown
ZNRF1,0.0,,1.0,1.0,Unknown
ZNRF2,0.0,,1.0,1.0,Unknown
ZNRF2P1,0.0,,1.0,1.0,Unknown
ZNRF2P2,0.0,,1.0,1.0,Unknown
ZNRF3,0.0,,1.0,1.0,Unknown
ZNF846,0.0,,1.0,1.0,Unknown
ZNF847P,0.0,,1.0,1.0,Unknown
ZNF85,0.0,,1.0,1.0,Unknown
ZNF850,0.0,,1.0,1.0,Unknown
ZNF853,0.0,,1.0,1.0,Unknown
ZNF860,0.0,,1.0,1.0,Unknown
ZNF862,0.0,,1.0,1.0,Unknown
ZNF865,0.0,,1.0,1.0,Unknown
ZNF876P,0.0,,1.0,1.0,Unknown
ZNF878,0.0,,1.0,1.0,Unknown
ZNF879,0.0,,1.0,1.0,Unknown
ZNF880,0.0,,1.0,1.0,Unknown
ZNF883,0.0,,1.0,1.0,Unknown
ZNF890P,0.0,,1.0,1.0,Unknown
ZNF891,0.0,,1.0,1.0,Unknown
ZNF90,0.0,,1.0,1.0,Unknown
ZNF826P,0.0,,1.0,1.0,Unknown
ZNF827,0.0,,1.0,1.0,Unknown
ZNF829,0.0,,1.0,1.0,Unknown
ZNF83,0.0,,1.0,1.0,Unknown
ZNF830,0.0,,1.0,1.0,Unknown
ZNF831,0.0,,1.0,1.0,Unknown
ZNF833P,0.0,,1.0,1.0,Unknown
ZNF835,0.0,,1.0,1.0,Unknown
ZNF836,0.0,,1.0,1.0,Unknown
ZNF837,0.0,,1.0,1.0,Unknown
ZNF839,0.0,,1.0,1.0,Unknown
ZNF84,0.0,,1.0,1.0,Unknown
ZNF841,0.0,,1.0,1.0,Unknown
ZNF843,0.0,,1.0,1.0,Unknown
ZNF844,0.0,,1.0,1.0,Unknown
ZNF845,0.0,,1.0,1.0,Unknown
ZNF799,0.0,,1.0,1.0,Unknown
ZNF8,0.0,,1.0,1.0,Unknown
ZNF80,0.0,,1.0,1.0,Unknown
ZNF800,0.0,,1.0,1.0,Unknown
ZNF804A,0.0,,1.0,1.0,Unknown
ZNF804B,0.0,,1.0,1.0,Unknown
ZNF805,0.0,,1.0,1.0,Unknown
ZNF808,0.0,,1.0,1.0,Unknown
ZNF81,0.0,,1.0,1.0,Unknown
ZNF813,0.0,,1.0,1.0,Unknown
ZNF814,0.0,,1.0,1.0,Unknown
ZNF815P,0.0,,1.0,1.0,Unknown
ZNF816,0.0,,1.0,1.0,Unknown
ZNF816-ZNF321P,0.0,,1.0,1.0,Unknown
ZNF821,0.0,,1.0,1.0,Unknown
ZNF823,0.0,,1.0,1.0,Unknown
ZNF780A,0.0,,1.0,1.0,Unknown
ZNF780B,0.0,,1.0,1.0,Unknown
ZNF781,0.0,,1.0,1.0,Unknown
ZNF782,0.0,,1.0,1.0,Unknown
ZNF783,0.0,,1.0,1.0,Unknown
ZNF784,0.0,,1.0,1.0,Unknown
ZNF785,0.0,,1.0,1.0,Unknown
ZNF786,0.0,,1.0,1.0,Unknown
ZNF787,0.0,,1.0,1.0,Unknown
ZNF788,0.0,,1.0,1.0,Unknown
ZNF789,0.0,,1.0,1.0,Unknown
ZNF79,0.0,,1.0,1.0,Unknown
ZNF790,0.0,,1.0,1.0,Unknown
ZNF791,0.0,,1.0,1.0,Unknown
ZNF792,0.0,,1.0,1.0,Unknown
ZNF793,0.0,,1.0,1.0,Unknown
ZNF761,0.0,,1.0,1.0,Unknown
ZNF763,0.0,,1.0,1.0,Unknown
ZNF764,0.0,,1.0,1.0,Unknown
ZNF765,0.0,,1.0,1.0,Unknown
ZNF766,0.0,,1.0,1.0,Unknown
ZNF768,0.0,,1.0,1.0,Unknown
ZNF77,0.0,,1.0,1.0,Unknown
ZNF770,0.0,,1.0,1.0,Unknown
ZNF771,0.0,,1.0,1.0,Unknown
ZNF772,0.0,,1.0,1.0,Unknown
ZNF773,0.0,,1.0,1.0,Unknown
ZNF774,0.0,,1.0,1.0,Unknown
ZNF775,0.0,,1.0,1.0,Unknown
ZNF776,0.0,,1.0,1.0,Unknown
ZNF777,0.0,,1.0,1.0,Unknown
ZNF778,0.0,,1.0,1.0,Unknown
ZNF730,0.0,,1.0,1.0,Unknown
ZNF732,0.0,,1.0,1.0,Unknown
ZNF733P,0.0,,1.0,1.0,Unknown
ZNF735,0.0,,1.0,1.0,Unknown
ZNF736,0.0,,1.0,1.0,Unknown
ZNF737,0.0,,1.0,1.0,Unknown
ZNF738,0.0,,1.0,1.0,Unknown
ZNF74,0.0,,1.0,1.0,Unknown
ZNF740,0.0,,1.0,1.0,Unknown
ZNF746,0.0,,1.0,1.0,Unknown
ZNF747,0.0,,1.0,1.0,Unknown
ZNF749,0.0,,1.0,1.0,Unknown
ZNF750,0.0,,1.0,1.0,Unknown
ZNF75A,0.0,,1.0,1.0,Unknown
ZNF75D,0.0,,1.0,1.0,Unknown
ZNF76,0.0,,1.0,1.0,Unknown
ZNF708,0.0,,1.0,1.0,Unknown
ZNF709,0.0,,1.0,1.0,Unknown
ZNF71,0.0,,1.0,1.0,Unknown
ZNF710,0.0,,1.0,1.0,Unknown
ZNF711,0.0,,1.0,1.0,Unknown
ZNF713,0.0,,1.0,1.0,Unknown
ZNF714,0.0,,1.0,1.0,Unknown
ZNF716,0.0,,1.0,1.0,Unknown
ZNF717,0.0,,1.0,1.0,Unknown
ZNF718,0.0,,1.0,1.0,Unknown
ZNF720,0.0,,1.0,1.0,Unknown
ZNF721,0.0,,1.0,1.0,Unknown
ZNF726,0.0,,1.0,1.0,Unknown
ZNF727,0.0,,1.0,1.0,Unknown
ZNF728,0.0,,1.0,1.0,Unknown
ZNF729,0.0,,1.0,1.0,Unknown
ZNF696,0.0,,1.0,1.0,Unknown
ZNF697,0.0,,1.0,1.0,Unknown
ZNF699,0.0,,1.0,1.0,Unknown
ZNF7,0.0,,1.0,1.0,Unknown
ZNF70,0.0,,1.0,1.0,Unknown
ZNF700,0.0,,1.0,1.0,Unknown
ZNF701,0.0,,1.0,1.0,Unknown
ZNF702P,0.0,,1.0,1.0,Unknown
ZNF703,0.0,,1.0,1.0,Unknown
ZNF704,0.0,,1.0,1.0,Unknown
ZNF705A,0.0,,1.0,1.0,Unknown
ZNF705B,0.0,,1.0,1.0,Unknown
ZNF705D,0.0,,1.0,1.0,Unknown
ZNF705G,0.0,,1.0,1.0,Unknown
ZNF706,0.0,,1.0,1.0,Unknown
ZNF707,0.0,,1.0,1.0,Unknown
ZNF676,0.0,,1.0,1.0,Unknown
ZNF677,0.0,,1.0,1.0,Unknown
ZNF678,0.0,,1.0,1.0,Unknown
ZNF679,0.0,,1.0,1.0,Unknown
ZNF680,0.0,,1.0,1.0,Unknown
ZNF681,0.0,,1.0,1.0,Unknown
ZNF682,0.0,,1.0,1.0,Unknown
ZNF683,0.0,,1.0,1.0,Unknown
ZNF684,0.0,,1.0,1.0,Unknown
ZNF687,0.0,,1.0,1.0,Unknown
ZNF688,0.0,,1.0,1.0,Unknown
ZNF689,0.0,,1.0,1.0,Unknown
ZNF69,0.0,,1.0,1.0,Unknown
ZNF691,0.0,,1.0,1.0,Unknown
ZNF692,0.0,,1.0,1.0,Unknown
ZNF695,0.0,,1.0,1.0,Unknown
ZNF658B,0.0,,1.0,1.0,Unknown
ZNF660,0.0,,1.0,1.0,Unknown
ZNF662,0.0,,1.0,1.0,Unknown
ZNF664,0.0,,1.0,1.0,Unknown
ZNF665,0.0,,1.0,1.0,Unknown
ZNF667,0.0,,1.0,1.0,Unknown
ZNF667-AS1,0.0,,1.0,1.0,Unknown
ZNF668,0.0,,1.0,1.0,Unknown
ZNF669,0.0,,1.0,1.0,Unknown
ZNF670,0.0,,1.0,1.0,Unknown
ZNF670-ZNF695,0.0,,1.0,1.0,Unknown
ZNF671,0.0,,1.0,1.0,Unknown
ZNF672,0.0,,1.0,1.0,Unknown
ZNF674,0.0,,1.0,1.0,Unknown
ZNF674-AS1,0.0,,1.0,1.0,Unknown
ZNF675,0.0,,1.0,1.0,Unknown
ZNF628,0.0,,1.0,1.0,Unknown
ZNF629,0.0,,1.0,1.0,Unknown
ZNF630,0.0,,1.0,1.0,Unknown
ZNF638,0.0,,1.0,1.0,Unknown
ZNF639,0.0,,1.0,1.0,Unknown
ZNF641,0.0,,1.0,1.0,Unknown
ZNF644,0.0,,1.0,1.0,Unknown
ZNF645,0.0,,1.0,1.0,Unknown
ZNF646,0.0,,1.0,1.0,Unknown
ZNF648,0.0,,1.0,1.0,Unknown
ZNF649,0.0,,1.0,1.0,Unknown
ZNF652,0.0,,1.0,1.0,Unknown
ZNF653,0.0,,1.0,1.0,Unknown
ZNF654,0.0,,1.0,1.0,Unknown
ZNF655,0.0,,1.0,1.0,Unknown
ZNF658,0.0,,1.0,1.0,Unknown
ZNF611,0.0,,1.0,1.0,Unknown
ZNF613,0.0,,1.0,1.0,Unknown
ZNF614,0.0,,1.0,1.0,Unknown
ZNF615,0.0,,1.0,1.0,Unknown
ZNF616,0.0,,1.0,1.0,Unknown
ZNF618,0.0,,1.0,1.0,Unknown
ZNF619,0.0,,1.0,1.0,Unknown
ZNF620,0.0,,1.0,1.0,Unknown
ZNF621,0.0,,1.0,1.0,Unknown
ZNF622,0.0,,1.0,1.0,Unknown
ZNF623,0.0,,1.0,1.0,Unknown
ZNF624,0.0,,1.0,1.0,Unknown
ZNF625,0.0,,1.0,1.0,Unknown
ZNF625-ZNF20,0.0,,1.0,1.0,Unknown
ZNF626,0.0,,1.0,1.0,Unknown
ZNF627,0.0,,1.0,1.0,Unknown
ZNF589,0.0,,1.0,1.0,Unknown
ZNF592,0.0,,1.0,1.0,Unknown
ZNF593,0.0,,1.0,1.0,Unknown
ZNF594,0.0,,1.0,1.0,Unknown
ZNF595,0.0,,1.0,1.0,Unknown
ZNF596,0.0,,1.0,1.0,Unknown
ZNF597,0.0,,1.0,1.0,Unknown
ZNF598,0.0,,1.0,1.0,Unknown
ZNF599,0.0,,1.0,1.0,Unknown
ZNF600,0.0,,1.0,1.0,Unknown
ZNF605,0.0,,1.0,1.0,Unknown
ZNF606,0.0,,1.0,1.0,Unknown
ZNF607,0.0,,1.0,1.0,Unknown
ZNF608,0.0,,1.0,1.0,Unknown
ZNF609,0.0,,1.0,1.0,Unknown
ZNF610,0.0,,1.0,1.0,Unknown
ZNF575,0.0,,1.0,1.0,Unknown
ZNF576,0.0,,1.0,1.0,Unknown
ZNF577,0.0,,1.0,1.0,Unknown
ZNF578,0.0,,1.0,1.0,Unknown
ZNF579,0.0,,1.0,1.0,Unknown
ZNF580,0.0,,1.0,1.0,Unknown
ZNF581,0.0,,1.0,1.0,Unknown
ZNF582,0.0,,1.0,1.0,Unknown
ZNF582-AS1,0.0,,1.0,1.0,Unknown
ZNF583,0.0,,1.0,1.0,Unknown
ZNF584,0.0,,1.0,1.0,Unknown
ZNF585A,0.0,,1.0,1.0,Unknown
ZNF585B,0.0,,1.0,1.0,Unknown
ZNF586,0.0,,1.0,1.0,Unknown
ZNF587,0.0,,1.0,1.0,Unknown
ZNF587B,0.0,,1.0,1.0,Unknown
ZNF561,0.0,,1.0,1.0,Unknown
ZNF562,0.0,,1.0,1.0,Unknown
ZNF563,0.0,,1.0,1.0,Unknown
ZNF564,0.0,,1.0,1.0,Unknown
ZNF565,0.0,,1.0,1.0,Unknown
ZNF566,0.0,,1.0,1.0,Unknown
ZNF567,0.0,,1.0,1.0,Unknown
ZNF568,0.0,,1.0,1.0,Unknown
ZNF569,0.0,,1.0,1.0,Unknown
ZNF57,0.0,,1.0,1.0,Unknown
ZNF570,0.0,,1.0,1.0,Unknown
ZNF571,0.0,,1.0,1.0,Unknown
ZNF571-AS1,0.0,,1.0,1.0,Unknown
ZNF572,0.0,,1.0,1.0,Unknown
ZNF573,0.0,,1.0,1.0,Unknown
ZNF574,0.0,,1.0,1.0,Unknown
ZNF544,0.0,,1.0,1.0,Unknown
ZNF546,0.0,,1.0,1.0,Unknown
ZNF547,0.0,,1.0,1.0,Unknown
ZNF548,0.0,,1.0,1.0,Unknown
ZNF549,0.0,,1.0,1.0,Unknown
ZNF550,0.0,,1.0,1.0,Unknown
ZNF551,0.0,,1.0,1.0,Unknown
ZNF552,0.0,,1.0,1.0,Unknown
ZNF554,0.0,,1.0,1.0,Unknown
ZNF555,0.0,,1.0,1.0,Unknown
ZNF556,0.0,,1.0,1.0,Unknown
ZNF557,0.0,,1.0,1.0,Unknown
ZNF558,0.0,,1.0,1.0,Unknown
ZNF559,0.0,,1.0,1.0,Unknown
ZNF559-ZNF177,0.0,,1.0,1.0,Unknown
ZNF560,0.0,,1.0,1.0,Unknown
ZNF518B,0.0,,1.0,1.0,Unknown
ZNF519,0.0,,1.0,1.0,Unknown
ZNF521,0.0,,1.0,1.0,Unknown
ZNF524,0.0,,1.0,1.0,Unknown
ZNF525,0.0,,1.0,1.0,Unknown
ZNF526,0.0,,1.0,1.0,Unknown
ZNF527,0.0,,1.0,1.0,Unknown
ZNF528,0.0,,1.0,1.0,Unknown
ZNF529,0.0,,1.0,1.0,Unknown
ZNF530,0.0,,1.0,1.0,Unknown
ZNF532,0.0,,1.0,1.0,Unknown
ZNF534,0.0,,1.0,1.0,Unknown
ZNF536,0.0,,1.0,1.0,Unknown
ZNF540,0.0,,1.0,1.0,Unknown
ZNF541,0.0,,1.0,1.0,Unknown
ZNF543,0.0,,1.0,1.0,Unknown
ZNF501,0.0,,1.0,1.0,Unknown
ZNF502,0.0,,1.0,1.0,Unknown
ZNF503,0.0,,1.0,1.0,Unknown
ZNF503-AS1,0.0,,1.0,1.0,Unknown
ZNF503-AS2,0.0,,1.0,1.0,Unknown
ZNF506,0.0,,1.0,1.0,Unknown
ZNF507,0.0,,1.0,1.0,Unknown
ZNF510,0.0,,1.0,1.0,Unknown
ZNF511,0.0,,1.0,1.0,Unknown
ZNF512,0.0,,1.0,1.0,Unknown
ZNF512B,0.0,,1.0,1.0,Unknown
ZNF513,0.0,,1.0,1.0,Unknown
ZNF514,0.0,,1.0,1.0,Unknown
ZNF516,0.0,,1.0,1.0,Unknown
ZNF517,0.0,,1.0,1.0,Unknown
ZNF518A,0.0,,1.0,1.0,Unknown
ZNF474,0.0,,1.0,1.0,Unknown
ZNF479,0.0,,1.0,1.0,Unknown
ZNF48,0.0,,1.0,1.0,Unknown
ZNF480,0.0,,1.0,1.0,Unknown
ZNF483,0.0,,1.0,1.0,Unknown
ZNF484,0.0,,1.0,1.0,Unknown
ZNF485,0.0,,1.0,1.0,Unknown
ZNF486,0.0,,1.0,1.0,Unknown
ZNF488,0.0,,1.0,1.0,Unknown
ZNF490,0.0,,1.0,1.0,Unknown
ZNF491,0.0,,1.0,1.0,Unknown
ZNF492,0.0,,1.0,1.0,Unknown
ZNF493,0.0,,1.0,1.0,Unknown
ZNF496,0.0,,1.0,1.0,Unknown
ZNF497,0.0,,1.0,1.0,Unknown
ZNF500,0.0,,1.0,1.0,Unknown
ZNF444,0.0,,1.0,1.0,Unknown
ZNF445,0.0,,1.0,1.0,Unknown
ZNF446,0.0,,1.0,1.0,Unknown
ZNF449,0.0,,1.0,1.0,Unknown
ZNF45,0.0,,1.0,1.0,Unknown
ZNF451,0.0,,1.0,1.0,Unknown
ZNF454,0.0,,1.0,1.0,Unknown
ZNF460,0.0,,1.0,1.0,Unknown
ZNF461,0.0,,1.0,1.0,Unknown
ZNF462,0.0,,1.0,1.0,Unknown
ZNF467,0.0,,1.0,1.0,Unknown
ZNF468,0.0,,1.0,1.0,Unknown
ZNF469,0.0,,1.0,1.0,Unknown
ZNF470,0.0,,1.0,1.0,Unknown
ZNF471,0.0,,1.0,1.0,Unknown
ZNF473,0.0,,1.0,1.0,Unknown
ZNF426,0.0,,1.0,1.0,Unknown
ZNF428,0.0,,1.0,1.0,Unknown
ZNF429,0.0,,1.0,1.0,Unknown
ZNF43,0.0,,1.0,1.0,Unknown
ZNF430,0.0,,1.0,1.0,Unknown
ZNF431,0.0,,1.0,1.0,Unknown
ZNF432,0.0,,1.0,1.0,Unknown
ZNF433,0.0,,1.0,1.0,Unknown
ZNF436,0.0,,1.0,1.0,Unknown
ZNF438,0.0,,1.0,1.0,Unknown
ZNF439,0.0,,1.0,1.0,Unknown
ZNF44,0.0,,1.0,1.0,Unknown
ZNF440,0.0,,1.0,1.0,Unknown
ZNF441,0.0,,1.0,1.0,Unknown
ZNF442,0.0,,1.0,1.0,Unknown
ZNF443,0.0,,1.0,1.0,Unknown
ZNF397,0.0,,1.0,1.0,Unknown
ZNF398,0.0,,1.0,1.0,Unknown
ZNF404,0.0,,1.0,1.0,Unknown
ZNF407,0.0,,1.0,1.0,Unknown
ZNF408,0.0,,1.0,1.0,Unknown
ZNF41,0.0,,1.0,1.0,Unknown
ZNF410,0.0,,1.0,1.0,Unknown
ZNF414,0.0,,1.0,1.0,Unknown
ZNF415,0.0,,1.0,1.0,Unknown
ZNF416,0.0,,1.0,1.0,Unknown
ZNF417,0.0,,1.0,1.0,Unknown
ZNF418,0.0,,1.0,1.0,Unknown
ZNF419,0.0,,1.0,1.0,Unknown
ZNF420,0.0,,1.0,1.0,Unknown
ZNF423,0.0,,1.0,1.0,Unknown
ZNF425,0.0,,1.0,1.0,Unknown
ZNF365,0.0,,1.0,1.0,Unknown
ZNF366,0.0,,1.0,1.0,Unknown
ZNF367,0.0,,1.0,1.0,Unknown
ZNF37A,0.0,,1.0,1.0,Unknown
ZNF37BP,0.0,,1.0,1.0,Unknown
ZNF382,0.0,,1.0,1.0,Unknown
ZNF383,0.0,,1.0,1.0,Unknown
ZNF384,0.0,,1.0,1.0,Unknown
ZNF385A,0.0,,1.0,1.0,Unknown
ZNF385B,0.0,,1.0,1.0,Unknown
ZNF385C,0.0,,1.0,1.0,Unknown
ZNF385D,0.0,,1.0,1.0,Unknown
ZNF391,0.0,,1.0,1.0,Unknown
ZNF394,0.0,,1.0,1.0,Unknown
ZNF395,0.0,,1.0,1.0,Unknown
ZNF396,0.0,,1.0,1.0,Unknown
ZNF33A,0.0,,1.0,1.0,Unknown
ZNF33B,0.0,,1.0,1.0,Unknown
ZNF33BP1,0.0,,1.0,1.0,Unknown
ZNF34,0.0,,1.0,1.0,Unknown
ZNF341,0.0,,1.0,1.0,Unknown
ZNF343,0.0,,1.0,1.0,Unknown
ZNF345,0.0,,1.0,1.0,Unknown
ZNF346,0.0,,1.0,1.0,Unknown
ZNF347,0.0,,1.0,1.0,Unknown
ZNF35,0.0,,1.0,1.0,Unknown
ZNF350,0.0,,1.0,1.0,Unknown
ZNF354A,0.0,,1.0,1.0,Unknown
ZNF354B,0.0,,1.0,1.0,Unknown
ZNF354C,0.0,,1.0,1.0,Unknown
ZNF358,0.0,,1.0,1.0,Unknown
ZNF362,0.0,,1.0,1.0,Unknown
ZNF32-AS1,0.0,,1.0,1.0,Unknown
ZNF32-AS2,0.0,,1.0,1.0,Unknown
ZNF32-AS3,0.0,,1.0,1.0,Unknown
ZNF320,0.0,,1.0,1.0,Unknown
ZNF321P,0.0,,1.0,1.0,Unknown
ZNF322,0.0,,1.0,1.0,Unknown
ZNF324,0.0,,1.0,1.0,Unknown
ZNF324B,0.0,,1.0,1.0,Unknown
ZNF326,0.0,,1.0,1.0,Unknown
ZNF329,0.0,,1.0,1.0,Unknown
ZNF330,0.0,,1.0,1.0,Unknown
ZNF331,0.0,,1.0,1.0,Unknown
ZNF333,0.0,,1.0,1.0,Unknown
ZNF334,0.0,,1.0,1.0,Unknown
ZNF335,0.0,,1.0,1.0,Unknown
ZNF337,0.0,,1.0,1.0,Unknown
ZNF287,0.0,,1.0,1.0,Unknown
ZNF292,0.0,,1.0,1.0,Unknown
ZNF295-AS1,0.0,,1.0,1.0,Unknown
ZNF296,0.0,,1.0,1.0,Unknown
ZNF3,0.0,,1.0,1.0,Unknown
ZNF30,0.0,,1.0,1.0,Unknown
ZNF300,0.0,,1.0,1.0,Unknown
ZNF300P1,0.0,,1.0,1.0,Unknown
ZNF302,0.0,,1.0,1.0,Unknown
ZNF304,0.0,,1.0,1.0,Unknown
ZNF311,0.0,,1.0,1.0,Unknown
ZNF316,0.0,,1.0,1.0,Unknown
ZNF317,0.0,,1.0,1.0,Unknown
ZNF318,0.0,,1.0,1.0,Unknown
ZNF319,0.0,,1.0,1.0,Unknown
ZNF32,0.0,,1.0,1.0,Unknown
ZNF274,0.0,,1.0,1.0,Unknown
ZNF275,0.0,,1.0,1.0,Unknown
ZNF276,0.0,,1.0,1.0,Unknown
ZNF277,0.0,,1.0,1.0,Unknown
ZNF28,0.0,,1.0,1.0,Unknown
ZNF280A,0.0,,1.0,1.0,Unknown
ZNF280B,0.0,,1.0,1.0,Unknown
ZNF280C,0.0,,1.0,1.0,Unknown
ZNF280D,0.0,,1.0,1.0,Unknown
ZNF281,0.0,,1.0,1.0,Unknown
ZNF282,0.0,,1.0,1.0,Unknown
ZNF283,0.0,,1.0,1.0,Unknown
ZNF284,0.0,,1.0,1.0,Unknown
ZNF285,0.0,,1.0,1.0,Unknown
ZNF286A,0.0,,1.0,1.0,Unknown
ZNF286B,0.0,,1.0,1.0,Unknown
ZNF250,0.0,,1.0,1.0,Unknown
ZNF251,0.0,,1.0,1.0,Unknown
ZNF252P,0.0,,1.0,1.0,Unknown
ZNF252P-AS1,0.0,,1.0,1.0,Unknown
ZNF253,0.0,,1.0,1.0,Unknown
ZNF254,0.0,,1.0,1.0,Unknown
ZNF256,0.0,,1.0,1.0,Unknown
ZNF257,0.0,,1.0,1.0,Unknown
ZNF26,0.0,,1.0,1.0,Unknown
ZNF260,0.0,,1.0,1.0,Unknown
ZNF263,0.0,,1.0,1.0,Unknown
ZNF264,0.0,,1.0,1.0,Unknown
ZNF266,0.0,,1.0,1.0,Unknown
ZNF267,0.0,,1.0,1.0,Unknown
ZNF268,0.0,,1.0,1.0,Unknown
ZNF273,0.0,,1.0,1.0,Unknown
ZNF224,0.0,,1.0,1.0,Unknown
ZNF225,0.0,,1.0,1.0,Unknown
ZNF226,0.0,,1.0,1.0,Unknown
ZNF227,0.0,,1.0,1.0,Unknown
ZNF229,0.0,,1.0,1.0,Unknown
ZNF23,0.0,,1.0,1.0,Unknown
ZNF230,0.0,,1.0,1.0,Unknown
ZNF232,0.0,,1.0,1.0,Unknown
ZNF233,0.0,,1.0,1.0,Unknown
ZNF234,0.0,,1.0,1.0,Unknown
ZNF235,0.0,,1.0,1.0,Unknown
ZNF236,0.0,,1.0,1.0,Unknown
ZNF239,0.0,,1.0,1.0,Unknown
ZNF24,0.0,,1.0,1.0,Unknown
ZNF248,0.0,,1.0,1.0,Unknown
ZNF25,0.0,,1.0,1.0,Unknown
ZNF202,0.0,,1.0,1.0,Unknown
ZNF204P,0.0,,1.0,1.0,Unknown
ZNF205,0.0,,1.0,1.0,Unknown
ZNF207,0.0,,1.0,1.0,Unknown
ZNF208,0.0,,1.0,1.0,Unknown
ZNF211,0.0,,1.0,1.0,Unknown
ZNF212,0.0,,1.0,1.0,Unknown
ZNF213,0.0,,1.0,1.0,Unknown
ZNF214,0.0,,1.0,1.0,Unknown
ZNF215,0.0,,1.0,1.0,Unknown
ZNF217,0.0,,1.0,1.0,Unknown
ZNF219,0.0,,1.0,1.0,Unknown
ZNF22,0.0,,1.0,1.0,Unknown
ZNF221,0.0,,1.0,1.0,Unknown
ZNF222,0.0,,1.0,1.0,Unknown
ZNF223,0.0,,1.0,1.0,Unknown
ZNF175,0.0,,1.0,1.0,Unknown
ZNF177,0.0,,1.0,1.0,Unknown
ZNF18,0.0,,1.0,1.0,Unknown
ZNF180,0.0,,1.0,1.0,Unknown
ZNF181,0.0,,1.0,1.0,Unknown
ZNF182,0.0,,1.0,1.0,Unknown
ZNF184,0.0,,1.0,1.0,Unknown
ZNF185,0.0,,1.0,1.0,Unknown
ZNF189,0.0,,1.0,1.0,Unknown
ZNF19,0.0,,1.0,1.0,Unknown
ZNF192P1,0.0,,1.0,1.0,Unknown
ZNF195,0.0,,1.0,1.0,Unknown
ZNF197,0.0,,1.0,1.0,Unknown
ZNF2,0.0,,1.0,1.0,Unknown
ZNF20,0.0,,1.0,1.0,Unknown
ZNF200,0.0,,1.0,1.0,Unknown
ZNF14,0.0,,1.0,1.0,Unknown
ZNF140,0.0,,1.0,1.0,Unknown
ZNF141,0.0,,1.0,1.0,Unknown
ZNF142,0.0,,1.0,1.0,Unknown
ZNF143,0.0,,1.0,1.0,Unknown
ZNF146,0.0,,1.0,1.0,Unknown
ZNF148,0.0,,1.0,1.0,Unknown
ZNF154,0.0,,1.0,1.0,Unknown
ZNF155,0.0,,1.0,1.0,Unknown
ZNF157,0.0,,1.0,1.0,Unknown
ZNF16,0.0,,1.0,1.0,Unknown
ZNF160,0.0,,1.0,1.0,Unknown
ZNF165,0.0,,1.0,1.0,Unknown
ZNF169,0.0,,1.0,1.0,Unknown
ZNF17,0.0,,1.0,1.0,Unknown
ZNF174,0.0,,1.0,1.0,Unknown
ZNF101,0.0,,1.0,1.0,Unknown
ZNF106,0.0,,1.0,1.0,Unknown
ZNF107,0.0,,1.0,1.0,Unknown
ZNF114,0.0,,1.0,1.0,Unknown
ZNF117,0.0,,1.0,1.0,Unknown
ZNF12,0.0,,1.0,1.0,Unknown
ZNF121,0.0,,1.0,1.0,Unknown
ZNF124,0.0,,1.0,1.0,Unknown
ZNF131,0.0,,1.0,1.0,Unknown
ZNF132,0.0,,1.0,1.0,Unknown
ZNF133,0.0,,1.0,1.0,Unknown
ZNF134,0.0,,1.0,1.0,Unknown
ZNF135,0.0,,1.0,1.0,Unknown
ZNF136,0.0,,1.0,1.0,Unknown
ZNF137P,0.0,,1.0,1.0,Unknown
ZNF138,0.0,,1.0,1.0,Unknown
ZMIZ2,0.0,,1.0,1.0,Unknown
ZMPSTE24,0.0,,1.0,1.0,Unknown
ZMYM1,0.0,,1.0,1.0,Unknown
ZMYM2,0.0,,1.0,1.0,Unknown
ZMYM3,0.0,,1.0,1.0,Unknown
ZMYM4,0.0,,1.0,1.0,Unknown
ZMYM5,0.0,,1.0,1.0,Unknown
ZMYM6,0.0,,1.0,1.0,Unknown
ZMYND10,0.0,,1.0,1.0,Unknown
ZMYND11,0.0,,1.0,1.0,Unknown
ZMYND12,0.0,,1.0,1.0,Unknown
ZMYND15,0.0,,1.0,1.0,Unknown
ZMYND19,0.0,,1.0,1.0,Unknown
ZMYND8,0.0,,1.0,1.0,Unknown
ZNF10,0.0,,1.0,1.0,Unknown
ZNF100,0.0,,1.0,1.0,Unknown
ZIM2,0.0,,1.0,1.0,Unknown
ZIM3,0.0,,1.0,1.0,Unknown
ZKSCAN1,0.0,,1.0,1.0,Unknown
ZKSCAN2,0.0,,1.0,1.0,Unknown
ZKSCAN3,0.0,,1.0,1.0,Unknown
ZKSCAN4,0.0,,1.0,1.0,Unknown
ZKSCAN5,0.0,,1.0,1.0,Unknown
ZKSCAN7,0.0,,1.0,1.0,Unknown
ZKSCAN8,0.0,,1.0,1.0,Unknown
ZMAT1,0.0,,1.0,1.0,Unknown
ZMAT2,0.0,,1.0,1.0,Unknown
ZMAT3,0.0,,1.0,1.0,Unknown
ZMAT4,0.0,,1.0,1.0,Unknown
ZMAT5,0.0,,1.0,1.0,Unknown
ZMIZ1,0.0,,1.0,1.0,Unknown
ZMIZ1-AS1,0.0,,1.0,1.0,Unknown
ZFYVE27,0.0,,1.0,1.0,Unknown
ZFYVE28,0.0,,1.0,1.0,Unknown
ZFYVE9,0.0,,1.0,1.0,Unknown
ZG16,0.0,,1.0,1.0,Unknown
ZG16B,0.0,,1.0,1.0,Unknown
ZGLP1,0.0,,1.0,1.0,Unknown
ZGPAT,0.0,,1.0,1.0,Unknown
ZHX1,0.0,,1.0,1.0,Unknown
ZHX2,0.0,,1.0,1.0,Unknown
ZHX3,0.0,,1.0,1.0,Unknown
ZIC1,0.0,,1.0,1.0,Unknown
ZIC2,0.0,,1.0,1.0,Unknown
ZIC3,0.0,,1.0,1.0,Unknown
ZIC4,0.0,,1.0,1.0,Unknown
ZIC5,0.0,,1.0,1.0,Unknown
ZIK1,0.0,,1.0,1.0,Unknown
ZFP91,0.0,,1.0,1.0,Unknown
ZFP91-CNTF,0.0,,1.0,1.0,Unknown
ZFP92,0.0,,1.0,1.0,Unknown
ZFPL1,0.0,,1.0,1.0,Unknown
ZFPM1,0.0,,1.0,1.0,Unknown
ZFPM2,0.0,,1.0,1.0,Unknown
ZFR,0.0,,1.0,1.0,Unknown
ZFR2,0.0,,1.0,1.0,Unknown
ZFX,0.0,,1.0,1.0,Unknown
ZFX-AS1,0.0,,1.0,1.0,Unknown
ZFY,0.0,,1.0,1.0,Unknown
ZFYVE1,0.0,,1.0,1.0,Unknown
ZFYVE16,0.0,,1.0,1.0,Unknown
ZFYVE19,0.0,,1.0,1.0,Unknown
ZFYVE21,0.0,,1.0,1.0,Unknown
ZFYVE26,0.0,,1.0,1.0,Unknown
ZFP28,0.0,,1.0,1.0,Unknown
ZFP3,0.0,,1.0,1.0,Unknown
ZFP30,0.0,,1.0,1.0,Unknown
ZFP36,0.0,,1.0,1.0,Unknown
ZFP36L1,0.0,,1.0,1.0,Unknown
ZFP36L2,0.0,,1.0,1.0,Unknown
ZFP37,0.0,,1.0,1.0,Unknown
ZFP41,0.0,,1.0,1.0,Unknown
ZFP42,0.0,,1.0,1.0,Unknown
ZFP57,0.0,,1.0,1.0,Unknown
ZFP62,0.0,,1.0,1.0,Unknown
ZFP64,0.0,,1.0,1.0,Unknown
ZFP69,0.0,,1.0,1.0,Unknown
ZFP69B,0.0,,1.0,1.0,Unknown
ZFP82,0.0,,1.0,1.0,Unknown
ZFP90,0.0,,1.0,1.0,Unknown
ZFAND2B,0.0,,1.0,1.0,Unknown
ZFAND3,0.0,,1.0,1.0,Unknown
ZFAND4,0.0,,1.0,1.0,Unknown
ZFAND5,0.0,,1.0,1.0,Unknown
ZFAND6,0.0,,1.0,1.0,Unknown
ZFAS1,0.0,,1.0,1.0,Unknown
ZFAT,0.0,,1.0,1.0,Unknown
ZFAT-AS1,0.0,,1.0,1.0,Unknown
ZFC3H1,0.0,,1.0,1.0,Unknown
ZFHX2,0.0,,1.0,1.0,Unknown
ZFHX3,0.0,,1.0,1.0,Unknown
ZFHX4,0.0,,1.0,1.0,Unknown
ZFHX4-AS1,0.0,,1.0,1.0,Unknown
ZFP1,0.0,,1.0,1.0,Unknown
ZFP14,0.0,,1.0,1.0,Unknown
ZFP2,0.0,,1.0,1.0,Unknown
ZDHHC24,0.0,,1.0,1.0,Unknown
ZDHHC3,0.0,,1.0,1.0,Unknown
ZDHHC4,0.0,,1.0,1.0,Unknown
ZDHHC5,0.0,,1.0,1.0,Unknown
ZDHHC6,0.0,,1.0,1.0,Unknown
ZDHHC7,0.0,,1.0,1.0,Unknown
ZDHHC8,0.0,,1.0,1.0,Unknown
ZDHHC8P1,0.0,,1.0,1.0,Unknown
ZDHHC9,0.0,,1.0,1.0,Unknown
ZEB1,0.0,,1.0,1.0,Unknown
ZEB1-AS1,0.0,,1.0,1.0,Unknown
ZEB2,0.0,,1.0,1.0,Unknown
ZEB2-AS1,0.0,,1.0,1.0,Unknown
ZER1,0.0,,1.0,1.0,Unknown
ZFAND1,0.0,,1.0,1.0,Unknown
ZFAND2A,0.0,,1.0,1.0,Unknown
ZDBF2,0.0,,1.0,1.0,Unknown
ZDHHC1,0.0,,1.0,1.0,Unknown
ZDHHC11,0.0,,1.0,1.0,Unknown
ZDHHC12,0.0,,1.0,1.0,Unknown
ZDHHC13,0.0,,1.0,1.0,Unknown
ZDHHC14,0.0,,1.0,1.0,Unknown
ZDHHC15,0.0,,1.0,1.0,Unknown
ZDHHC16,0.0,,1.0,1.0,Unknown
ZDHHC17,0.0,,1.0,1.0,Unknown
ZDHHC18,0.0,,1.0,1.0,Unknown
ZDHHC19,0.0,,1.0,1.0,Unknown
ZDHHC2,0.0,,1.0,1.0,Unknown
ZDHHC20,0.0,,1.0,1.0,Unknown
ZDHHC21,0.0,,1.0,1.0,Unknown
ZDHHC22,0.0,,1.0,1.0,Unknown
ZDHHC23,0.0,,1.0,1.0,Unknown
ZCCHC12,0.0,,1.0,1.0,Unknown
ZCCHC13,0.0,,1.0,1.0,Unknown
ZCCHC14,0.0,,1.0,1.0,Unknown
ZCCHC17,0.0,,1.0,1.0,Unknown
ZCCHC18,0.0,,1.0,1.0,Unknown
ZCCHC2,0.0,,1.0,1.0,Unknown
ZCCHC24,0.0,,1.0,1.0,Unknown
ZCCHC3,0.0,,1.0,1.0,Unknown
ZCCHC4,0.0,,1.0,1.0,Unknown
ZCCHC6,0.0,,1.0,1.0,Unknown
ZCCHC7,0.0,,1.0,1.0,Unknown
ZCCHC8,0.0,,1.0,1.0,Unknown
ZCCHC9,0.0,,1.0,1.0,Unknown
ZCRB1,0.0,,1.0,1.0,Unknown
ZCWPW1,0.0,,1.0,1.0,Unknown
ZCWPW2,0.0,,1.0,1.0,Unknown
ZC3H13,0.0,,1.0,1.0,Unknown
ZC3H14,0.0,,1.0,1.0,Unknown
ZC3H15,0.0,,1.0,1.0,Unknown
ZC3H18,0.0,,1.0,1.0,Unknown
ZC3H3,0.0,,1.0,1.0,Unknown
ZC3H4,0.0,,1.0,1.0,Unknown
ZC3H6,0.0,,1.0,1.0,Unknown
ZC3H7A,0.0,,1.0,1.0,Unknown
ZC3H7B,0.0,,1.0,1.0,Unknown
ZC3H8,0.0,,1.0,1.0,Unknown
ZC3HAV1,0.0,,1.0,1.0,Unknown
ZC3HAV1L,0.0,,1.0,1.0,Unknown
ZC3HC1,0.0,,1.0,1.0,Unknown
ZC4H2,0.0,,1.0,1.0,Unknown
ZCCHC10,0.0,,1.0,1.0,Unknown
ZCCHC11,0.0,,1.0,1.0,Unknown
ZBTB7A,0.0,,1.0,1.0,Unknown
ZBTB7B,0.0,,1.0,1.0,Unknown
ZBTB7C,0.0,,1.0,1.0,Unknown
ZBTB8A,0.0,,1.0,1.0,Unknown
ZBTB8B,0.0,,1.0,1.0,Unknown
ZBTB8OS,0.0,,1.0,1.0,Unknown
ZBTB9,0.0,,1.0,1.0,Unknown
ZC2HC1A,0.0,,1.0,1.0,Unknown
ZC2HC1B,0.0,,1.0,1.0,Unknown
ZC2HC1C,0.0,,1.0,1.0,Unknown
ZC3H10,0.0,,1.0,1.0,Unknown
ZC3H11A,0.0,,1.0,1.0,Unknown
ZC3H12A,0.0,,1.0,1.0,Unknown
ZC3H12B,0.0,,1.0,1.0,Unknown
ZC3H12C,0.0,,1.0,1.0,Unknown
ZC3H12D,0.0,,1.0,1.0,Unknown
ZBTB37,0.0,,1.0,1.0,Unknown
ZBTB38,0.0,,1.0,1.0,Unknown
ZBTB39,0.0,,1.0,1.0,Unknown
ZBTB4,0.0,,1.0,1.0,Unknown
ZBTB40,0.0,,1.0,1.0,Unknown
ZBTB41,0.0,,1.0,1.0,Unknown
ZBTB42,0.0,,1.0,1.0,Unknown
ZBTB43,0.0,,1.0,1.0,Unknown
ZBTB44,0.0,,1.0,1.0,Unknown
ZBTB45,0.0,,1.0,1.0,Unknown
ZBTB46,0.0,,1.0,1.0,Unknown
ZBTB47,0.0,,1.0,1.0,Unknown
ZBTB48,0.0,,1.0,1.0,Unknown
ZBTB49,0.0,,1.0,1.0,Unknown
ZBTB5,0.0,,1.0,1.0,Unknown
ZBTB6,0.0,,1.0,1.0,Unknown
ZBTB14,0.0,,1.0,1.0,Unknown
ZBTB16,0.0,,1.0,1.0,Unknown
ZBTB17,0.0,,1.0,1.0,Unknown
ZBTB18,0.0,,1.0,1.0,Unknown
ZBTB2,0.0,,1.0,1.0,Unknown
ZBTB20,0.0,,1.0,1.0,Unknown
ZBTB20-AS1,0.0,,1.0,1.0,Unknown
ZBTB21,0.0,,1.0,1.0,Unknown
ZBTB22,0.0,,1.0,1.0,Unknown
ZBTB24,0.0,,1.0,1.0,Unknown
ZBTB25,0.0,,1.0,1.0,Unknown
ZBTB26,0.0,,1.0,1.0,Unknown
ZBTB3,0.0,,1.0,1.0,Unknown
ZBTB32,0.0,,1.0,1.0,Unknown
ZBTB33,0.0,,1.0,1.0,Unknown
ZBTB34,0.0,,1.0,1.0,Unknown
ZBBX,0.0,,1.0,1.0,Unknown
ZBED1,0.0,,1.0,1.0,Unknown
ZBED2,0.0,,1.0,1.0,Unknown
ZBED3,0.0,,1.0,1.0,Unknown
ZBED3-AS1,0.0,,1.0,1.0,Unknown
ZBED4,0.0,,1.0,1.0,Unknown
ZBED5,0.0,,1.0,1.0,Unknown
ZBED5-AS1,0.0,,1.0,1.0,Unknown
ZBED6,0.0,,1.0,1.0,Unknown
ZBED6CL,0.0,,1.0,1.0,Unknown
ZBP1,0.0,,1.0,1.0,Unknown
ZBTB1,0.0,,1.0,1.0,Unknown
ZBTB10,0.0,,1.0,1.0,Unknown
ZBTB11,0.0,,1.0,1.0,Unknown
ZBTB11-AS1,0.0,,1.0,1.0,Unknown
ZBTB12,0.0,,1.0,1.0,Unknown
YWHAB,0.0,,1.0,1.0,Unknown
YWHAE,0.0,,1.0,1.0,Unknown
YWHAG,0.0,,1.0,1.0,Unknown
YWHAH,0.0,,1.0,1.0,Unknown
YWHAQ,0.0,,1.0,1.0,Unknown
YWHAZ,0.0,,1.0,1.0,Unknown
YY1,0.0,,1.0,1.0,Unknown
YY1AP1,0.0,,1.0,1.0,Unknown
YY1P2,0.0,,1.0,1.0,Unknown
YY2,0.0,,1.0,1.0,Unknown
ZACN,0.0,,1.0,1.0,Unknown
ZADH2,0.0,,1.0,1.0,Unknown
ZAN,0.0,,1.0,1.0,Unknown
ZAP70,0.0,,1.0,1.0,Unknown
ZAR1,0.0,,1.0,1.0,Unknown
ZAR1L,0.0,,1.0,1.0,Unknown
YKT6,0.0,,1.0,1.0,Unknown
YLPM1,0.0,,1.0,1.0,Unknown
YME1L1,0.0,,1.0,1.0,Unknown
YOD1,0.0,,1.0,1.0,Unknown
YPEL1,0.0,,1.0,1.0,Unknown
YPEL2,0.0,,1.0,1.0,Unknown
YPEL3,0.0,,1.0,1.0,Unknown
YPEL4,0.0,,1.0,1.0,Unknown
YPEL5,0.0,,1.0,1.0,Unknown
YRDC,0.0,,1.0,1.0,Unknown
YTHDC1,0.0,,1.0,1.0,Unknown
YTHDC2,0.0,,1.0,1.0,Unknown
YTHDF1,0.0,,1.0,1.0,Unknown
YTHDF2,0.0,,1.0,1.0,Unknown
YTHDF3,0.0,,1.0,1.0,Unknown
YTHDF3-AS1,0.0,,1.0,1.0,Unknown
YBX2,0.0,,1.0,1.0,Unknown
YBX3,0.0,,1.0,1.0,Unknown
YDJC,0.0,,1.0,1.0,Unknown
YEATS2,0.0,,1.0,1.0,Unknown
YEATS4,0.0,,1.0,1.0,Unknown
YES1,0.0,,1.0,1.0,Unknown
YIF1A,0.0,,1.0,1.0,Unknown
YIF1B,0.0,,1.0,1.0,Unknown
YIPF1,0.0,,1.0,1.0,Unknown
YIPF2,0.0,,1.0,1.0,Unknown
YIPF3,0.0,,1.0,1.0,Unknown
YIPF4,0.0,,1.0,1.0,Unknown
YIPF5,0.0,,1.0,1.0,Unknown
YIPF6,0.0,,1.0,1.0,Unknown
YIPF7,0.0,,1.0,1.0,Unknown
YJEFN3,0.0,,1.0,1.0,Unknown
XRCC6P5,0.0,,1.0,1.0,Unknown
XRN1,0.0,,1.0,1.0,Unknown
XRN2,0.0,,1.0,1.0,Unknown
XRRA1,0.0,,1.0,1.0,Unknown
XXYLT1,0.0,,1.0,1.0,Unknown
XXYLT1-AS2,0.0,,1.0,1.0,Unknown
XYLB,0.0,,1.0,1.0,Unknown
XYLT1,0.0,,1.0,1.0,Unknown
XYLT2,0.0,,1.0,1.0,Unknown
YAE1D1,0.0,,1.0,1.0,Unknown
YAF2,0.0,,1.0,1.0,Unknown
YAP1,0.0,,1.0,1.0,Unknown
YARS,0.0,,1.0,1.0,Unknown
YARS2,0.0,,1.0,1.0,Unknown
YBEY,0.0,,1.0,1.0,Unknown
YBX1,0.0,,1.0,1.0,Unknown
XPNPEP1,0.0,,1.0,1.0,Unknown
XPNPEP2,0.0,,1.0,1.0,Unknown
XPNPEP3,0.0,,1.0,1.0,Unknown
XPO1,0.0,,1.0,1.0,Unknown
XPO4,0.0,,1.0,1.0,Unknown
XPO5,0.0,,1.0,1.0,Unknown
XPO6,0.0,,1.0,1.0,Unknown
XPO7,0.0,,1.0,1.0,Unknown
XPOT,0.0,,1.0,1.0,Unknown
XPR1,0.0,,1.0,1.0,Unknown
XRCC1,0.0,,1.0,1.0,Unknown
XRCC2,0.0,,1.0,1.0,Unknown
XRCC3,0.0,,1.0,1.0,Unknown
XRCC4,0.0,,1.0,1.0,Unknown
XRCC5,0.0,,1.0,1.0,Unknown
XRCC6,0.0,,1.0,1.0,Unknown
XIRP1,0.0,,1.0,1.0,Unknown
XIRP2,0.0,,1.0,1.0,Unknown
XIST,0.0,,1.0,1.0,Unknown
XK,0.0,,1.0,1.0,Unknown
XKR3,0.0,,1.0,1.0,Unknown
XKR4,0.0,,1.0,1.0,Unknown
XKR5,0.0,,1.0,1.0,Unknown
XKR6,0.0,,1.0,1.0,Unknown
XKR7,0.0,,1.0,1.0,Unknown
XKR8,0.0,,1.0,1.0,Unknown
XKR9,0.0,,1.0,1.0,Unknown
XKRX,0.0,,1.0,1.0,Unknown
XKRY,0.0,,1.0,1.0,Unknown
XKRY2,0.0,,1.0,1.0,Unknown
XPA,0.0,,1.0,1.0,Unknown
XPC,0.0,,1.0,1.0,Unknown
WWTR1,0.0,,1.0,1.0,Unknown
WWTR1-AS1,0.0,,1.0,1.0,Unknown
XAB2,0.0,,1.0,1.0,Unknown
XAF1,0.0,,1.0,1.0,Unknown
XAGE1A,0.0,,1.0,1.0,Unknown
XAGE1B,0.0,,1.0,1.0,Unknown
XAGE2,0.0,,1.0,1.0,Unknown
XAGE3,0.0,,1.0,1.0,Unknown
XAGE5,0.0,,1.0,1.0,Unknown
XBP1,0.0,,1.0,1.0,Unknown
XCL1,0.0,,1.0,1.0,Unknown
XCL2,0.0,,1.0,1.0,Unknown
XCR1,0.0,,1.0,1.0,Unknown
XDH,0.0,,1.0,1.0,Unknown
XG,0.0,,1.0,1.0,Unknown
XIAP,0.0,,1.0,1.0,Unknown
WSB1,0.0,,1.0,1.0,Unknown
WSB2,0.0,,1.0,1.0,Unknown
WSCD1,0.0,,1.0,1.0,Unknown
WSCD2,0.0,,1.0,1.0,Unknown
WT1,0.0,,1.0,1.0,Unknown
WT1-AS,0.0,,1.0,1.0,Unknown
WTAP,0.0,,1.0,1.0,Unknown
WTAPP1,0.0,,1.0,1.0,Unknown
WTIP,0.0,,1.0,1.0,Unknown
WWC1,0.0,,1.0,1.0,Unknown
WWC2,0.0,,1.0,1.0,Unknown
WWC2-AS2,0.0,,1.0,1.0,Unknown
WWC3,0.0,,1.0,1.0,Unknown
WWOX,0.0,,1.0,1.0,Unknown
WWP1,0.0,,1.0,1.0,Unknown
WWP2,0.0,,1.0,1.0,Unknown
WNT3A,0.0,,1.0,1.0,Unknown
WNT4,0.0,,1.0,1.0,Unknown
WNT5A,0.0,,1.0,1.0,Unknown
WNT5B,0.0,,1.0,1.0,Unknown
WNT6,0.0,,1.0,1.0,Unknown
WNT7A,0.0,,1.0,1.0,Unknown
WNT7B,0.0,,1.0,1.0,Unknown
WNT8A,0.0,,1.0,1.0,Unknown
WNT8B,0.0,,1.0,1.0,Unknown
WNT9A,0.0,,1.0,1.0,Unknown
WNT9B,0.0,,1.0,1.0,Unknown
WRAP53,0.0,,1.0,1.0,Unknown
WRAP73,0.0,,1.0,1.0,Unknown
WRB,0.0,,1.0,1.0,Unknown
WRN,0.0,,1.0,1.0,Unknown
WRNIP1,0.0,,1.0,1.0,Unknown
WISP2,0.0,,1.0,1.0,Unknown
WISP3,0.0,,1.0,1.0,Unknown
WIZ,0.0,,1.0,1.0,Unknown
WLS,0.0,,1.0,1.0,Unknown
WNK1,0.0,,1.0,1.0,Unknown
WNK2,0.0,,1.0,1.0,Unknown
WNK3,0.0,,1.0,1.0,Unknown
WNK4,0.0,,1.0,1.0,Unknown
WNT1,0.0,,1.0,1.0,Unknown
WNT10A,0.0,,1.0,1.0,Unknown
WNT10B,0.0,,1.0,1.0,Unknown
WNT11,0.0,,1.0,1.0,Unknown
WNT16,0.0,,1.0,1.0,Unknown
WNT2,0.0,,1.0,1.0,Unknown
WNT2B,0.0,,1.0,1.0,Unknown
WNT3,0.0,,1.0,1.0,Unknown
WFDC6,0.0,,1.0,1.0,Unknown
WFDC8,0.0,,1.0,1.0,Unknown
WFDC9,0.0,,1.0,1.0,Unknown
WFIKKN1,0.0,,1.0,1.0,Unknown
WFIKKN2,0.0,,1.0,1.0,Unknown
WFS1,0.0,,1.0,1.0,Unknown
WHAMM,0.0,,1.0,1.0,Unknown
WHAMMP2,0.0,,1.0,1.0,Unknown
WHAMMP3,0.0,,1.0,1.0,Unknown
WIF1,0.0,,1.0,1.0,Unknown
WIPF1,0.0,,1.0,1.0,Unknown
WIPF2,0.0,,1.0,1.0,Unknown
WIPF3,0.0,,1.0,1.0,Unknown
WIPI1,0.0,,1.0,1.0,Unknown
WIPI2,0.0,,1.0,1.0,Unknown
WISP1,0.0,,1.0,1.0,Unknown
WDR93,0.0,,1.0,1.0,Unknown
WDSUB1,0.0,,1.0,1.0,Unknown
WDTC1,0.0,,1.0,1.0,Unknown
WDYHV1,0.0,,1.0,1.0,Unknown
WEE1,0.0,,1.0,1.0,Unknown
WEE2,0.0,,1.0,1.0,Unknown
WEE2-AS1,0.0,,1.0,1.0,Unknown
WFDC1,0.0,,1.0,1.0,Unknown
WFDC10A,0.0,,1.0,1.0,Unknown
WFDC10B,0.0,,1.0,1.0,Unknown
WFDC11,0.0,,1.0,1.0,Unknown
WFDC12,0.0,,1.0,1.0,Unknown
WFDC13,0.0,,1.0,1.0,Unknown
WFDC2,0.0,,1.0,1.0,Unknown
WFDC3,0.0,,1.0,1.0,Unknown
WFDC5,0.0,,1.0,1.0,Unknown
WDR75,0.0,,1.0,1.0,Unknown
WDR76,0.0,,1.0,1.0,Unknown
WDR77,0.0,,1.0,1.0,Unknown
WDR78,0.0,,1.0,1.0,Unknown
WDR81,0.0,,1.0,1.0,Unknown
WDR82,0.0,,1.0,1.0,Unknown
WDR83,0.0,,1.0,1.0,Unknown
WDR83OS,0.0,,1.0,1.0,Unknown
WDR86,0.0,,1.0,1.0,Unknown
WDR86-AS1,0.0,,1.0,1.0,Unknown
WDR87,0.0,,1.0,1.0,Unknown
WDR88,0.0,,1.0,1.0,Unknown
WDR89,0.0,,1.0,1.0,Unknown
WDR90,0.0,,1.0,1.0,Unknown
WDR91,0.0,,1.0,1.0,Unknown
WDR92,0.0,,1.0,1.0,Unknown
WDR54,0.0,,1.0,1.0,Unknown
WDR55,0.0,,1.0,1.0,Unknown
WDR59,0.0,,1.0,1.0,Unknown
WDR5B,0.0,,1.0,1.0,Unknown
WDR6,0.0,,1.0,1.0,Unknown
WDR60,0.0,,1.0,1.0,Unknown
WDR61,0.0,,1.0,1.0,Unknown
WDR62,0.0,,1.0,1.0,Unknown
WDR63,0.0,,1.0,1.0,Unknown
WDR64,0.0,,1.0,1.0,Unknown
WDR66,0.0,,1.0,1.0,Unknown
WDR7,0.0,,1.0,1.0,Unknown
WDR70,0.0,,1.0,1.0,Unknown
WDR72,0.0,,1.0,1.0,Unknown
WDR73,0.0,,1.0,1.0,Unknown
WDR74,0.0,,1.0,1.0,Unknown
WDR35,0.0,,1.0,1.0,Unknown
WDR36,0.0,,1.0,1.0,Unknown
WDR37,0.0,,1.0,1.0,Unknown
WDR38,0.0,,1.0,1.0,Unknown
WDR4,0.0,,1.0,1.0,Unknown
WDR41,0.0,,1.0,1.0,Unknown
WDR43,0.0,,1.0,1.0,Unknown
WDR44,0.0,,1.0,1.0,Unknown
WDR45,0.0,,1.0,1.0,Unknown
WDR45B,0.0,,1.0,1.0,Unknown
WDR46,0.0,,1.0,1.0,Unknown
WDR47,0.0,,1.0,1.0,Unknown
WDR48,0.0,,1.0,1.0,Unknown
WDR49,0.0,,1.0,1.0,Unknown
WDR5,0.0,,1.0,1.0,Unknown
WDR53,0.0,,1.0,1.0,Unknown
WDR11,0.0,,1.0,1.0,Unknown
WDR11-AS1,0.0,,1.0,1.0,Unknown
WDR12,0.0,,1.0,1.0,Unknown
WDR13,0.0,,1.0,1.0,Unknown
WDR17,0.0,,1.0,1.0,Unknown
WDR18,0.0,,1.0,1.0,Unknown
WDR19,0.0,,1.0,1.0,Unknown
WDR20,0.0,,1.0,1.0,Unknown
WDR24,0.0,,1.0,1.0,Unknown
WDR25,0.0,,1.0,1.0,Unknown
WDR26,0.0,,1.0,1.0,Unknown
WDR27,0.0,,1.0,1.0,Unknown
WDR3,0.0,,1.0,1.0,Unknown
WDR31,0.0,,1.0,1.0,Unknown
WDR33,0.0,,1.0,1.0,Unknown
WDR34,0.0,,1.0,1.0,Unknown
WBP1,0.0,,1.0,1.0,Unknown
WBP11,0.0,,1.0,1.0,Unknown
WBP1L,0.0,,1.0,1.0,Unknown
WBP2,0.0,,1.0,1.0,Unknown
WBP2NL,0.0,,1.0,1.0,Unknown
WBP4,0.0,,1.0,1.0,Unknown
WBSCR17,0.0,,1.0,1.0,Unknown
WBSCR28,0.0,,1.0,1.0,Unknown
WDFY1,0.0,,1.0,1.0,Unknown
WDFY2,0.0,,1.0,1.0,Unknown
WDFY3,0.0,,1.0,1.0,Unknown
WDFY3-AS2,0.0,,1.0,1.0,Unknown
WDFY4,0.0,,1.0,1.0,Unknown
WDHD1,0.0,,1.0,1.0,Unknown
WDPCP,0.0,,1.0,1.0,Unknown
WDR1,0.0,,1.0,1.0,Unknown
VWC2L-IT1,0.0,,1.0,1.0,Unknown
VWCE,0.0,,1.0,1.0,Unknown
VWDE,0.0,,1.0,1.0,Unknown
VWF,0.0,,1.0,1.0,Unknown
WAC,0.0,,1.0,1.0,Unknown
WAC-AS1,0.0,,1.0,1.0,Unknown
WARS,0.0,,1.0,1.0,Unknown
WARS2,0.0,,1.0,1.0,Unknown
WAS,0.0,,1.0,1.0,Unknown
WASF1,0.0,,1.0,1.0,Unknown
WASF2,0.0,,1.0,1.0,Unknown
WASF3,0.0,,1.0,1.0,Unknown
WASH2P,0.0,,1.0,1.0,Unknown
WASH3P,0.0,,1.0,1.0,Unknown
WASH7P,0.0,,1.0,1.0,Unknown
WASL,0.0,,1.0,1.0,Unknown
VTRNA1-1,0.0,,1.0,1.0,Unknown
VTRNA1-2,0.0,,1.0,1.0,Unknown
VTRNA1-3,0.0,,1.0,1.0,Unknown
VTRNA2-1,0.0,,1.0,1.0,Unknown
VWA1,0.0,,1.0,1.0,Unknown
VWA2,0.0,,1.0,1.0,Unknown
VWA3A,0.0,,1.0,1.0,Unknown
VWA3B,0.0,,1.0,1.0,Unknown
VWA5A,0.0,,1.0,1.0,Unknown
VWA5B1,0.0,,1.0,1.0,Unknown
VWA5B2,0.0,,1.0,1.0,Unknown
VWA7,0.0,,1.0,1.0,Unknown
VWA8,0.0,,1.0,1.0,Unknown
VWA8-AS1,0.0,,1.0,1.0,Unknown
VWC2,0.0,,1.0,1.0,Unknown
VWC2L,0.0,,1.0,1.0,Unknown
VSIG4,0.0,,1.0,1.0,Unknown
VSIG8,0.0,,1.0,1.0,Unknown
VSNL1,0.0,,1.0,1.0,Unknown
VSTM1,0.0,,1.0,1.0,Unknown
VSTM2A,0.0,,1.0,1.0,Unknown
VSTM2B,0.0,,1.0,1.0,Unknown
VSTM2L,0.0,,1.0,1.0,Unknown
VSTM4,0.0,,1.0,1.0,Unknown
VSTM5,0.0,,1.0,1.0,Unknown
VSX1,0.0,,1.0,1.0,Unknown
VSX2,0.0,,1.0,1.0,Unknown
VTA1,0.0,,1.0,1.0,Unknown
VTCN1,0.0,,1.0,1.0,Unknown
VTI1A,0.0,,1.0,1.0,Unknown
VTI1B,0.0,,1.0,1.0,Unknown
VTN,0.0,,1.0,1.0,Unknown
VPS4B,0.0,,1.0,1.0,Unknown
VPS51,0.0,,1.0,1.0,Unknown
VPS52,0.0,,1.0,1.0,Unknown
VPS53,0.0,,1.0,1.0,Unknown
VPS54,0.0,,1.0,1.0,Unknown
VPS72,0.0,,1.0,1.0,Unknown
VPS8,0.0,,1.0,1.0,Unknown
VPS9D1,0.0,,1.0,1.0,Unknown
VRK1,0.0,,1.0,1.0,Unknown
VRK2,0.0,,1.0,1.0,Unknown
VRK3,0.0,,1.0,1.0,Unknown
VRTN,0.0,,1.0,1.0,Unknown
VSIG1,0.0,,1.0,1.0,Unknown
VSIG10,0.0,,1.0,1.0,Unknown
VSIG10L,0.0,,1.0,1.0,Unknown
VSIG2,0.0,,1.0,1.0,Unknown
VPS26A,0.0,,1.0,1.0,Unknown
VPS26B,0.0,,1.0,1.0,Unknown
VPS28,0.0,,1.0,1.0,Unknown
VPS29,0.0,,1.0,1.0,Unknown
VPS33A,0.0,,1.0,1.0,Unknown
VPS33B,0.0,,1.0,1.0,Unknown
VPS35,0.0,,1.0,1.0,Unknown
VPS36,0.0,,1.0,1.0,Unknown
VPS37A,0.0,,1.0,1.0,Unknown
VPS37B,0.0,,1.0,1.0,Unknown
VPS37C,0.0,,1.0,1.0,Unknown
VPS37D,0.0,,1.0,1.0,Unknown
VPS39,0.0,,1.0,1.0,Unknown
VPS41,0.0,,1.0,1.0,Unknown
VPS45,0.0,,1.0,1.0,Unknown
VPS4A,0.0,,1.0,1.0,Unknown
VN1R5,0.0,,1.0,1.0,Unknown
VNN1,0.0,,1.0,1.0,Unknown
VNN2,0.0,,1.0,1.0,Unknown
VNN3,0.0,,1.0,1.0,Unknown
VOPP1,0.0,,1.0,1.0,Unknown
VPREB1,0.0,,1.0,1.0,Unknown
VPREB3,0.0,,1.0,1.0,Unknown
VPS11,0.0,,1.0,1.0,Unknown
VPS13A,0.0,,1.0,1.0,Unknown
VPS13A-AS1,0.0,,1.0,1.0,Unknown
VPS13B,0.0,,1.0,1.0,Unknown
VPS13C,0.0,,1.0,1.0,Unknown
VPS13D,0.0,,1.0,1.0,Unknown
VPS16,0.0,,1.0,1.0,Unknown
VPS18,0.0,,1.0,1.0,Unknown
VPS25,0.0,,1.0,1.0,Unknown
VIP,0.0,,1.0,1.0,Unknown
VIPAS39,0.0,,1.0,1.0,Unknown
VIPR1,0.0,,1.0,1.0,Unknown
VIPR2,0.0,,1.0,1.0,Unknown
VIT,0.0,,1.0,1.0,Unknown
VKORC1,0.0,,1.0,1.0,Unknown
VKORC1L1,0.0,,1.0,1.0,Unknown
VLDLR,0.0,,1.0,1.0,Unknown
VMA21,0.0,,1.0,1.0,Unknown
VMAC,0.0,,1.0,1.0,Unknown
VMO1,0.0,,1.0,1.0,Unknown
VMP1,0.0,,1.0,1.0,Unknown
VN1R1,0.0,,1.0,1.0,Unknown
VN1R10P,0.0,,1.0,1.0,Unknown
VN1R2,0.0,,1.0,1.0,Unknown
VN1R4,0.0,,1.0,1.0,Unknown
VENTX,0.0,,1.0,1.0,Unknown
VENTXP1,0.0,,1.0,1.0,Unknown
VENTXP7,0.0,,1.0,1.0,Unknown
VEPH1,0.0,,1.0,1.0,Unknown
VEZF1,0.0,,1.0,1.0,Unknown
VEZT,0.0,,1.0,1.0,Unknown
VGF,0.0,,1.0,1.0,Unknown
VGLL1,0.0,,1.0,1.0,Unknown
VGLL2,0.0,,1.0,1.0,Unknown
VGLL3,0.0,,1.0,1.0,Unknown
VGLL4,0.0,,1.0,1.0,Unknown
VHL,0.0,,1.0,1.0,Unknown
VHLL,0.0,,1.0,1.0,Unknown
VIL1,0.0,,1.0,1.0,Unknown
VILL,0.0,,1.0,1.0,Unknown
VIM,0.0,,1.0,1.0,Unknown
VCL,0.0,,1.0,1.0,Unknown
VCP,0.0,,1.0,1.0,Unknown
VCPIP1,0.0,,1.0,1.0,Unknown
VCX,0.0,,1.0,1.0,Unknown
VCX2,0.0,,1.0,1.0,Unknown
VCX3A,0.0,,1.0,1.0,Unknown
VCX3B,0.0,,1.0,1.0,Unknown
VCY,0.0,,1.0,1.0,Unknown
VCY1B,0.0,,1.0,1.0,Unknown
VDAC1,0.0,,1.0,1.0,Unknown
VDAC2,0.0,,1.0,1.0,Unknown
VDAC3,0.0,,1.0,1.0,Unknown
VDR,0.0,,1.0,1.0,Unknown
VEGFA,0.0,,1.0,1.0,Unknown
VEGFB,0.0,,1.0,1.0,Unknown
VEGFC,0.0,,1.0,1.0,Unknown
VARS2,0.0,,1.0,1.0,Unknown
VASH1,0.0,,1.0,1.0,Unknown
VASH2,0.0,,1.0,1.0,Unknown
VASN,0.0,,1.0,1.0,Unknown
VASP,0.0,,1.0,1.0,Unknown
VAT1,0.0,,1.0,1.0,Unknown
VAT1L,0.0,,1.0,1.0,Unknown
VAV1,0.0,,1.0,1.0,Unknown
VAV2,0.0,,1.0,1.0,Unknown
VAV3,0.0,,1.0,1.0,Unknown
VAV3-AS1,0.0,,1.0,1.0,Unknown
VAX1,0.0,,1.0,1.0,Unknown
VAX2,0.0,,1.0,1.0,Unknown
VBP1,0.0,,1.0,1.0,Unknown
VCAM1,0.0,,1.0,1.0,Unknown
VCAN,0.0,,1.0,1.0,Unknown
UXS1,0.0,,1.0,1.0,Unknown
UXT,0.0,,1.0,1.0,Unknown
VAC14,0.0,,1.0,1.0,Unknown
VAC14-AS1,0.0,,1.0,1.0,Unknown
VAMP1,0.0,,1.0,1.0,Unknown
VAMP2,0.0,,1.0,1.0,Unknown
VAMP3,0.0,,1.0,1.0,Unknown
VAMP4,0.0,,1.0,1.0,Unknown
VAMP5,0.0,,1.0,1.0,Unknown
VAMP7,0.0,,1.0,1.0,Unknown
VAMP8,0.0,,1.0,1.0,Unknown
VANGL1,0.0,,1.0,1.0,Unknown
VANGL2,0.0,,1.0,1.0,Unknown
VAPA,0.0,,1.0,1.0,Unknown
VAPB,0.0,,1.0,1.0,Unknown
VARS,0.0,,1.0,1.0,Unknown
UTF1,0.0,,1.0,1.0,Unknown
UTP14A,0.0,,1.0,1.0,Unknown
UTP14C,0.0,,1.0,1.0,Unknown
UTP15,0.0,,1.0,1.0,Unknown
UTP18,0.0,,1.0,1.0,Unknown
UTP20,0.0,,1.0,1.0,Unknown
UTP23,0.0,,1.0,1.0,Unknown
UTP3,0.0,,1.0,1.0,Unknown
UTP6,0.0,,1.0,1.0,Unknown
UTRN,0.0,,1.0,1.0,Unknown
UTS2,0.0,,1.0,1.0,Unknown
UTS2B,0.0,,1.0,1.0,Unknown
UTS2R,0.0,,1.0,1.0,Unknown
UTY,0.0,,1.0,1.0,Unknown
UVRAG,0.0,,1.0,1.0,Unknown
UVSSA,0.0,,1.0,1.0,Unknown
USP47,0.0,,1.0,1.0,Unknown
USP48,0.0,,1.0,1.0,Unknown
USP49,0.0,,1.0,1.0,Unknown
USP5,0.0,,1.0,1.0,Unknown
USP50,0.0,,1.0,1.0,Unknown
USP51,0.0,,1.0,1.0,Unknown
USP53,0.0,,1.0,1.0,Unknown
USP54,0.0,,1.0,1.0,Unknown
USP6,0.0,,1.0,1.0,Unknown
USP6NL,0.0,,1.0,1.0,Unknown
USP7,0.0,,1.0,1.0,Unknown
USP8,0.0,,1.0,1.0,Unknown
USP9X,0.0,,1.0,1.0,Unknown
USP9Y,0.0,,1.0,1.0,Unknown
USPL1,0.0,,1.0,1.0,Unknown
UST,0.0,,1.0,1.0,Unknown
USP32P1,0.0,,1.0,1.0,Unknown
USP32P2,0.0,,1.0,1.0,Unknown
USP33,0.0,,1.0,1.0,Unknown
USP34,0.0,,1.0,1.0,Unknown
USP35,0.0,,1.0,1.0,Unknown
USP36,0.0,,1.0,1.0,Unknown
USP37,0.0,,1.0,1.0,Unknown
USP38,0.0,,1.0,1.0,Unknown
USP39,0.0,,1.0,1.0,Unknown
USP4,0.0,,1.0,1.0,Unknown
USP40,0.0,,1.0,1.0,Unknown
USP42,0.0,,1.0,1.0,Unknown
USP43,0.0,,1.0,1.0,Unknown
USP44,0.0,,1.0,1.0,Unknown
USP45,0.0,,1.0,1.0,Unknown
USP46,0.0,,1.0,1.0,Unknown
USP20,0.0,,1.0,1.0,Unknown
USP21,0.0,,1.0,1.0,Unknown
USP22,0.0,,1.0,1.0,Unknown
USP24,0.0,,1.0,1.0,Unknown
USP25,0.0,,1.0,1.0,Unknown
USP26,0.0,,1.0,1.0,Unknown
USP27X,0.0,,1.0,1.0,Unknown
USP27X-AS1,0.0,,1.0,1.0,Unknown
USP28,0.0,,1.0,1.0,Unknown
USP29,0.0,,1.0,1.0,Unknown
USP3,0.0,,1.0,1.0,Unknown
USP3-AS1,0.0,,1.0,1.0,Unknown
USP30,0.0,,1.0,1.0,Unknown
USP30-AS1,0.0,,1.0,1.0,Unknown
USP31,0.0,,1.0,1.0,Unknown
USP32,0.0,,1.0,1.0,Unknown
USP17L26,0.0,,1.0,1.0,Unknown
USP17L27,0.0,,1.0,1.0,Unknown
USP17L28,0.0,,1.0,1.0,Unknown
USP17L29,0.0,,1.0,1.0,Unknown
USP17L3,0.0,,1.0,1.0,Unknown
USP17L30,0.0,,1.0,1.0,Unknown
USP17L4,0.0,,1.0,1.0,Unknown
USP17L5,0.0,,1.0,1.0,Unknown
USP17L6P,0.0,,1.0,1.0,Unknown
USP17L7,0.0,,1.0,1.0,Unknown
USP17L8,0.0,,1.0,1.0,Unknown
USP17L9P,0.0,,1.0,1.0,Unknown
USP18,0.0,,1.0,1.0,Unknown
USP19,0.0,,1.0,1.0,Unknown
USP2,0.0,,1.0,1.0,Unknown
USP2-AS1,0.0,,1.0,1.0,Unknown
USP15,0.0,,1.0,1.0,Unknown
USP16,0.0,,1.0,1.0,Unknown
USP17L10,0.0,,1.0,1.0,Unknown
USP17L11,0.0,,1.0,1.0,Unknown
USP17L12,0.0,,1.0,1.0,Unknown
USP17L13,0.0,,1.0,1.0,Unknown
USP17L15,0.0,,1.0,1.0,Unknown
USP17L17,0.0,,1.0,1.0,Unknown
USP17L18,0.0,,1.0,1.0,Unknown
USP17L19,0.0,,1.0,1.0,Unknown
USP17L2,0.0,,1.0,1.0,Unknown
USP17L20,0.0,,1.0,1.0,Unknown
USP17L21,0.0,,1.0,1.0,Unknown
USP17L22,0.0,,1.0,1.0,Unknown
USP17L24,0.0,,1.0,1.0,Unknown
USP17L25,0.0,,1.0,1.0,Unknown
USB1,0.0,,1.0,1.0,Unknown
USE1,0.0,,1.0,1.0,Unknown
USF1,0.0,,1.0,1.0,Unknown
USF2,0.0,,1.0,1.0,Unknown
USH1C,0.0,,1.0,1.0,Unknown
USH1G,0.0,,1.0,1.0,Unknown
USH2A,0.0,,1.0,1.0,Unknown
USHBP1,0.0,,1.0,1.0,Unknown
USMG5,0.0,,1.0,1.0,Unknown
USO1,0.0,,1.0,1.0,Unknown
USP1,0.0,,1.0,1.0,Unknown
USP10,0.0,,1.0,1.0,Unknown
USP11,0.0,,1.0,1.0,Unknown
USP12,0.0,,1.0,1.0,Unknown
USP13,0.0,,1.0,1.0,Unknown
USP14,0.0,,1.0,1.0,Unknown
UQCRC2,0.0,,1.0,1.0,Unknown
UQCRFS1,0.0,,1.0,1.0,Unknown
UQCRH,0.0,,1.0,1.0,Unknown
UQCRHL,0.0,,1.0,1.0,Unknown
UQCRQ,0.0,,1.0,1.0,Unknown
URAD,0.0,,1.0,1.0,Unknown
URAHP,0.0,,1.0,1.0,Unknown
URB1,0.0,,1.0,1.0,Unknown
URB2,0.0,,1.0,1.0,Unknown
URGCP,0.0,,1.0,1.0,Unknown
URGCP-MRPS24,0.0,,1.0,1.0,Unknown
URI1,0.0,,1.0,1.0,Unknown
URM1,0.0,,1.0,1.0,Unknown
UROC1,0.0,,1.0,1.0,Unknown
UROD,0.0,,1.0,1.0,Unknown
UROS,0.0,,1.0,1.0,Unknown
UPF3A,0.0,,1.0,1.0,Unknown
UPF3B,0.0,,1.0,1.0,Unknown
UPK1A,0.0,,1.0,1.0,Unknown
UPK1A-AS1,0.0,,1.0,1.0,Unknown
UPK1B,0.0,,1.0,1.0,Unknown
UPK2,0.0,,1.0,1.0,Unknown
UPK3A,0.0,,1.0,1.0,Unknown
UPK3B,0.0,,1.0,1.0,Unknown
UPP1,0.0,,1.0,1.0,Unknown
UPP2,0.0,,1.0,1.0,Unknown
UPRT,0.0,,1.0,1.0,Unknown
UQCR10,0.0,,1.0,1.0,Unknown
UQCR11,0.0,,1.0,1.0,Unknown
UQCRB,0.0,,1.0,1.0,Unknown
UQCRBP1,0.0,,1.0,1.0,Unknown
UQCRC1,0.0,,1.0,1.0,Unknown
UNC5B-AS1,0.0,,1.0,1.0,Unknown
UNC5C,0.0,,1.0,1.0,Unknown
UNC5CL,0.0,,1.0,1.0,Unknown
UNC5D,0.0,,1.0,1.0,Unknown
UNC79,0.0,,1.0,1.0,Unknown
UNC80,0.0,,1.0,1.0,Unknown
UNC93A,0.0,,1.0,1.0,Unknown
UNC93B1,0.0,,1.0,1.0,Unknown
UNCX,0.0,,1.0,1.0,Unknown
UNG,0.0,,1.0,1.0,Unknown
UNK,0.0,,1.0,1.0,Unknown
UNKL,0.0,,1.0,1.0,Unknown
UOX,0.0,,1.0,1.0,Unknown
UPB1,0.0,,1.0,1.0,Unknown
UPF1,0.0,,1.0,1.0,Unknown
UPF2,0.0,,1.0,1.0,Unknown
ULK4P2,0.0,,1.0,1.0,Unknown
ULK4P3,0.0,,1.0,1.0,Unknown
UMOD,0.0,,1.0,1.0,Unknown
UMODL1,0.0,,1.0,1.0,Unknown
UMPS,0.0,,1.0,1.0,Unknown
UNC119,0.0,,1.0,1.0,Unknown
UNC119B,0.0,,1.0,1.0,Unknown
UNC13A,0.0,,1.0,1.0,Unknown
UNC13B,0.0,,1.0,1.0,Unknown
UNC13C,0.0,,1.0,1.0,Unknown
UNC13D,0.0,,1.0,1.0,Unknown
UNC45A,0.0,,1.0,1.0,Unknown
UNC45B,0.0,,1.0,1.0,Unknown
UNC50,0.0,,1.0,1.0,Unknown
UNC5A,0.0,,1.0,1.0,Unknown
UNC5B,0.0,,1.0,1.0,Unknown
UGT3A2,0.0,,1.0,1.0,Unknown
UGT8,0.0,,1.0,1.0,Unknown
UHMK1,0.0,,1.0,1.0,Unknown
UHRF1,0.0,,1.0,1.0,Unknown
UHRF1BP1,0.0,,1.0,1.0,Unknown
UHRF1BP1L,0.0,,1.0,1.0,Unknown
UHRF2,0.0,,1.0,1.0,Unknown
UIMC1,0.0,,1.0,1.0,Unknown
ULBP1,0.0,,1.0,1.0,Unknown
ULBP2,0.0,,1.0,1.0,Unknown
ULBP3,0.0,,1.0,1.0,Unknown
ULK1,0.0,,1.0,1.0,Unknown
ULK2,0.0,,1.0,1.0,Unknown
ULK3,0.0,,1.0,1.0,Unknown
ULK4,0.0,,1.0,1.0,Unknown
ULK4P1,0.0,,1.0,1.0,Unknown
UGT1A5,0.0,,1.0,1.0,Unknown
UGT1A6,0.0,,1.0,1.0,Unknown
UGT1A7,0.0,,1.0,1.0,Unknown
UGT1A8,0.0,,1.0,1.0,Unknown
UGT1A9,0.0,,1.0,1.0,Unknown
UGT2A1,0.0,,1.0,1.0,Unknown
UGT2A2,0.0,,1.0,1.0,Unknown
UGT2A3,0.0,,1.0,1.0,Unknown
UGT2B10,0.0,,1.0,1.0,Unknown
UGT2B11,0.0,,1.0,1.0,Unknown
UGT2B15,0.0,,1.0,1.0,Unknown
UGT2B17,0.0,,1.0,1.0,Unknown
UGT2B28,0.0,,1.0,1.0,Unknown
UGT2B4,0.0,,1.0,1.0,Unknown
UGT2B7,0.0,,1.0,1.0,Unknown
UGT3A1,0.0,,1.0,1.0,Unknown
UEVLD,0.0,,1.0,1.0,Unknown
UFC1,0.0,,1.0,1.0,Unknown
UFL1,0.0,,1.0,1.0,Unknown
UFM1,0.0,,1.0,1.0,Unknown
UFSP1,0.0,,1.0,1.0,Unknown
UFSP2,0.0,,1.0,1.0,Unknown
UGCG,0.0,,1.0,1.0,Unknown
UGDH,0.0,,1.0,1.0,Unknown
UGDH-AS1,0.0,,1.0,1.0,Unknown
UGGT1,0.0,,1.0,1.0,Unknown
UGGT2,0.0,,1.0,1.0,Unknown
UGP2,0.0,,1.0,1.0,Unknown
UGT1A1,0.0,,1.0,1.0,Unknown
UGT1A10,0.0,,1.0,1.0,Unknown
UGT1A3,0.0,,1.0,1.0,Unknown
UGT1A4,0.0,,1.0,1.0,Unknown
UCA1,0.0,,1.0,1.0,Unknown
UCHL1,0.0,,1.0,1.0,Unknown
UCHL1-AS1,0.0,,1.0,1.0,Unknown
UCHL3,0.0,,1.0,1.0,Unknown
UCHL5,0.0,,1.0,1.0,Unknown
UCK1,0.0,,1.0,1.0,Unknown
UCK2,0.0,,1.0,1.0,Unknown
UCKL1,0.0,,1.0,1.0,Unknown
UCKL1-AS1,0.0,,1.0,1.0,Unknown
UCMA,0.0,,1.0,1.0,Unknown
UCN,0.0,,1.0,1.0,Unknown
UCN2,0.0,,1.0,1.0,Unknown
UCN3,0.0,,1.0,1.0,Unknown
UCP1,0.0,,1.0,1.0,Unknown
UCP2,0.0,,1.0,1.0,Unknown
UCP3,0.0,,1.0,1.0,Unknown
UBR4,0.0,,1.0,1.0,Unknown
UBR5,0.0,,1.0,1.0,Unknown
UBR7,0.0,,1.0,1.0,Unknown
UBTD1,0.0,,1.0,1.0,Unknown
UBTD2,0.0,,1.0,1.0,Unknown
UBTF,0.0,,1.0,1.0,Unknown
UBTFL1,0.0,,1.0,1.0,Unknown
UBXN1,0.0,,1.0,1.0,Unknown
UBXN10,0.0,,1.0,1.0,Unknown
UBXN11,0.0,,1.0,1.0,Unknown
UBXN2A,0.0,,1.0,1.0,Unknown
UBXN2B,0.0,,1.0,1.0,Unknown
UBXN4,0.0,,1.0,1.0,Unknown
UBXN6,0.0,,1.0,1.0,Unknown
UBXN7,0.0,,1.0,1.0,Unknown
UBXN8,0.0,,1.0,1.0,Unknown
UBL7,0.0,,1.0,1.0,Unknown
UBL7-AS1,0.0,,1.0,1.0,Unknown
UBLCP1,0.0,,1.0,1.0,Unknown
UBN1,0.0,,1.0,1.0,Unknown
UBN2,0.0,,1.0,1.0,Unknown
UBOX5,0.0,,1.0,1.0,Unknown
UBOX5-AS1,0.0,,1.0,1.0,Unknown
UBP1,0.0,,1.0,1.0,Unknown
UBQLN1,0.0,,1.0,1.0,Unknown
UBQLN2,0.0,,1.0,1.0,Unknown
UBQLN3,0.0,,1.0,1.0,Unknown
UBQLN4,0.0,,1.0,1.0,Unknown
UBQLNL,0.0,,1.0,1.0,Unknown
UBR1,0.0,,1.0,1.0,Unknown
UBR2,0.0,,1.0,1.0,Unknown
UBR3,0.0,,1.0,1.0,Unknown
UBE2V1,0.0,,1.0,1.0,Unknown
UBE2V2,0.0,,1.0,1.0,Unknown
UBE2W,0.0,,1.0,1.0,Unknown
UBE2Z,0.0,,1.0,1.0,Unknown
UBE3A,0.0,,1.0,1.0,Unknown
UBE3B,0.0,,1.0,1.0,Unknown
UBE3C,0.0,,1.0,1.0,Unknown
UBE3D,0.0,,1.0,1.0,Unknown
UBE4A,0.0,,1.0,1.0,Unknown
UBE4B,0.0,,1.0,1.0,Unknown
UBFD1,0.0,,1.0,1.0,Unknown
UBIAD1,0.0,,1.0,1.0,Unknown
UBL3,0.0,,1.0,1.0,Unknown
UBL4A,0.0,,1.0,1.0,Unknown
UBL4B,0.0,,1.0,1.0,Unknown
UBL5,0.0,,1.0,1.0,Unknown
UBE2L3,0.0,,1.0,1.0,Unknown
UBE2L6,0.0,,1.0,1.0,Unknown
UBE2M,0.0,,1.0,1.0,Unknown
UBE2MP1,0.0,,1.0,1.0,Unknown
UBE2N,0.0,,1.0,1.0,Unknown
UBE2NL,0.0,,1.0,1.0,Unknown
UBE2O,0.0,,1.0,1.0,Unknown
UBE2Q1,0.0,,1.0,1.0,Unknown
UBE2Q2,0.0,,1.0,1.0,Unknown
UBE2Q2P1,0.0,,1.0,1.0,Unknown
UBE2Q2P2,0.0,,1.0,1.0,Unknown
UBE2QL1,0.0,,1.0,1.0,Unknown
UBE2R2,0.0,,1.0,1.0,Unknown
UBE2S,0.0,,1.0,1.0,Unknown
UBE2T,0.0,,1.0,1.0,Unknown
UBE2U,0.0,,1.0,1.0,Unknown
UBE2D2,0.0,,1.0,1.0,Unknown
UBE2D3,0.0,,1.0,1.0,Unknown
UBE2D4,0.0,,1.0,1.0,Unknown
UBE2DNL,0.0,,1.0,1.0,Unknown
UBE2E1,0.0,,1.0,1.0,Unknown
UBE2E2,0.0,,1.0,1.0,Unknown
UBE2E3,0.0,,1.0,1.0,Unknown
UBE2F,0.0,,1.0,1.0,Unknown
UBE2F-SCLY,0.0,,1.0,1.0,Unknown
UBE2G1,0.0,,1.0,1.0,Unknown
UBE2G2,0.0,,1.0,1.0,Unknown
UBE2H,0.0,,1.0,1.0,Unknown
UBE2I,0.0,,1.0,1.0,Unknown
UBE2J1,0.0,,1.0,1.0,Unknown
UBE2J2,0.0,,1.0,1.0,Unknown
UBE2K,0.0,,1.0,1.0,Unknown
UBAC2-AS1,0.0,,1.0,1.0,Unknown
UBALD1,0.0,,1.0,1.0,Unknown
UBALD2,0.0,,1.0,1.0,Unknown
UBAP1,0.0,,1.0,1.0,Unknown
UBAP1L,0.0,,1.0,1.0,Unknown
UBAP2,0.0,,1.0,1.0,Unknown
UBAP2L,0.0,,1.0,1.0,Unknown
UBASH3A,0.0,,1.0,1.0,Unknown
UBASH3B,0.0,,1.0,1.0,Unknown
UBB,0.0,,1.0,1.0,Unknown
UBC,0.0,,1.0,1.0,Unknown
UBD,0.0,,1.0,1.0,Unknown
UBE2A,0.0,,1.0,1.0,Unknown
UBE2B,0.0,,1.0,1.0,Unknown
UBE2C,0.0,,1.0,1.0,Unknown
UBE2D1,0.0,,1.0,1.0,Unknown
U2AF1,0.0,,1.0,1.0,Unknown
U2AF1L4,0.0,,1.0,1.0,Unknown
U2AF2,0.0,,1.0,1.0,Unknown
U2SURP,0.0,,1.0,1.0,Unknown
UACA,0.0,,1.0,1.0,Unknown
UAP1,0.0,,1.0,1.0,Unknown
UAP1L1,0.0,,1.0,1.0,Unknown
UBA1,0.0,,1.0,1.0,Unknown
UBA2,0.0,,1.0,1.0,Unknown
UBA3,0.0,,1.0,1.0,Unknown
UBA5,0.0,,1.0,1.0,Unknown
UBA52,0.0,,1.0,1.0,Unknown
UBA6,0.0,,1.0,1.0,Unknown
UBA7,0.0,,1.0,1.0,Unknown
UBAC1,0.0,,1.0,1.0,Unknown
UBAC2,0.0,,1.0,1.0,Unknown
TXNRD2,0.0,,1.0,1.0,Unknown
TXNRD3,0.0,,1.0,1.0,Unknown
TXNRD3NB,0.0,,1.0,1.0,Unknown
TYK2,0.0,,1.0,1.0,Unknown
TYMP,0.0,,1.0,1.0,Unknown
TYMS,0.0,,1.0,1.0,Unknown
TYR,0.0,,1.0,1.0,Unknown
TYRO3,0.0,,1.0,1.0,Unknown
TYRO3P,0.0,,1.0,1.0,Unknown
TYROBP,0.0,,1.0,1.0,Unknown
TYRP1,0.0,,1.0,1.0,Unknown
TYSND1,0.0,,1.0,1.0,Unknown
TYW1,0.0,,1.0,1.0,Unknown
TYW1B,0.0,,1.0,1.0,Unknown
TYW3,0.0,,1.0,1.0,Unknown
TYW5,0.0,,1.0,1.0,Unknown
TXN,0.0,,1.0,1.0,Unknown
TXN2,0.0,,1.0,1.0,Unknown
TXNDC11,0.0,,1.0,1.0,Unknown
TXNDC12,0.0,,1.0,1.0,Unknown
TXNDC15,0.0,,1.0,1.0,Unknown
TXNDC16,0.0,,1.0,1.0,Unknown
TXNDC17,0.0,,1.0,1.0,Unknown
TXNDC2,0.0,,1.0,1.0,Unknown
TXNDC5,0.0,,1.0,1.0,Unknown
TXNDC8,0.0,,1.0,1.0,Unknown
TXNDC9,0.0,,1.0,1.0,Unknown
TXNIP,0.0,,1.0,1.0,Unknown
TXNL1,0.0,,1.0,1.0,Unknown
TXNL4A,0.0,,1.0,1.0,Unknown
TXNL4B,0.0,,1.0,1.0,Unknown
TXNRD1,0.0,,1.0,1.0,Unknown
TUSC7,0.0,,1.0,1.0,Unknown
TUT1,0.0,,1.0,1.0,Unknown
TVP23A,0.0,,1.0,1.0,Unknown
TVP23B,0.0,,1.0,1.0,Unknown
TVP23C,0.0,,1.0,1.0,Unknown
TVP23C-CDRT4,0.0,,1.0,1.0,Unknown
TWF1,0.0,,1.0,1.0,Unknown
TWF2,0.0,,1.0,1.0,Unknown
TWIST1,0.0,,1.0,1.0,Unknown
TWIST2,0.0,,1.0,1.0,Unknown
TWISTNB,0.0,,1.0,1.0,Unknown
TWSG1,0.0,,1.0,1.0,Unknown
TXK,0.0,,1.0,1.0,Unknown
TXLNA,0.0,,1.0,1.0,Unknown
TXLNB,0.0,,1.0,1.0,Unknown
TXLNG,0.0,,1.0,1.0,Unknown
TUBGCP2,0.0,,1.0,1.0,Unknown
TUBGCP3,0.0,,1.0,1.0,Unknown
TUBGCP4,0.0,,1.0,1.0,Unknown
TUBGCP5,0.0,,1.0,1.0,Unknown
TUBGCP6,0.0,,1.0,1.0,Unknown
TUFM,0.0,,1.0,1.0,Unknown
TUFT1,0.0,,1.0,1.0,Unknown
TUG1,0.0,,1.0,1.0,Unknown
TULP1,0.0,,1.0,1.0,Unknown
TULP2,0.0,,1.0,1.0,Unknown
TULP3,0.0,,1.0,1.0,Unknown
TULP4,0.0,,1.0,1.0,Unknown
TUSC1,0.0,,1.0,1.0,Unknown
TUSC2,0.0,,1.0,1.0,Unknown
TUSC3,0.0,,1.0,1.0,Unknown
TUSC5,0.0,,1.0,1.0,Unknown
TUBA8,0.0,,1.0,1.0,Unknown
TUBAL3,0.0,,1.0,1.0,Unknown
TUBB,0.0,,1.0,1.0,Unknown
TUBB1,0.0,,1.0,1.0,Unknown
TUBB2A,0.0,,1.0,1.0,Unknown
TUBB2B,0.0,,1.0,1.0,Unknown
TUBB3,0.0,,1.0,1.0,Unknown
TUBB4A,0.0,,1.0,1.0,Unknown
TUBB4B,0.0,,1.0,1.0,Unknown
TUBB6,0.0,,1.0,1.0,Unknown
TUBB8,0.0,,1.0,1.0,Unknown
TUBBP5,0.0,,1.0,1.0,Unknown
TUBD1,0.0,,1.0,1.0,Unknown
TUBE1,0.0,,1.0,1.0,Unknown
TUBG1,0.0,,1.0,1.0,Unknown
TUBG2,0.0,,1.0,1.0,Unknown
TTTY8,0.0,,1.0,1.0,Unknown
TTTY8B,0.0,,1.0,1.0,Unknown
TTTY9B,0.0,,1.0,1.0,Unknown
TTYH1,0.0,,1.0,1.0,Unknown
TTYH2,0.0,,1.0,1.0,Unknown
TTYH3,0.0,,1.0,1.0,Unknown
TUB,0.0,,1.0,1.0,Unknown
TUBA1A,0.0,,1.0,1.0,Unknown
TUBA1B,0.0,,1.0,1.0,Unknown
TUBA1C,0.0,,1.0,1.0,Unknown
TUBA3C,0.0,,1.0,1.0,Unknown
TUBA3D,0.0,,1.0,1.0,Unknown
TUBA3E,0.0,,1.0,1.0,Unknown
TUBA3FP,0.0,,1.0,1.0,Unknown
TUBA4A,0.0,,1.0,1.0,Unknown
TUBA4B,0.0,,1.0,1.0,Unknown
TTTY21,0.0,,1.0,1.0,Unknown
TTTY21B,0.0,,1.0,1.0,Unknown
TTTY22,0.0,,1.0,1.0,Unknown
TTTY23,0.0,,1.0,1.0,Unknown
TTTY23B,0.0,,1.0,1.0,Unknown
TTTY2B,0.0,,1.0,1.0,Unknown
TTTY3,0.0,,1.0,1.0,Unknown
TTTY3B,0.0,,1.0,1.0,Unknown
TTTY4,0.0,,1.0,1.0,Unknown
TTTY4B,0.0,,1.0,1.0,Unknown
TTTY4C,0.0,,1.0,1.0,Unknown
TTTY5,0.0,,1.0,1.0,Unknown
TTTY6,0.0,,1.0,1.0,Unknown
TTTY6B,0.0,,1.0,1.0,Unknown
TTTY7,0.0,,1.0,1.0,Unknown
TTTY7B,0.0,,1.0,1.0,Unknown
TTTY1,0.0,,1.0,1.0,Unknown
TTTY10,0.0,,1.0,1.0,Unknown
TTTY11,0.0,,1.0,1.0,Unknown
TTTY12,0.0,,1.0,1.0,Unknown
TTTY13,0.0,,1.0,1.0,Unknown
TTTY14,0.0,,1.0,1.0,Unknown
TTTY15,0.0,,1.0,1.0,Unknown
TTTY16,0.0,,1.0,1.0,Unknown
TTTY17A,0.0,,1.0,1.0,Unknown
TTTY17B,0.0,,1.0,1.0,Unknown
TTTY17C,0.0,,1.0,1.0,Unknown
TTTY18,0.0,,1.0,1.0,Unknown
TTTY19,0.0,,1.0,1.0,Unknown
TTTY1B,0.0,,1.0,1.0,Unknown
TTTY2,0.0,,1.0,1.0,Unknown
TTTY20,0.0,,1.0,1.0,Unknown
TTLL1,0.0,,1.0,1.0,Unknown
TTLL10,0.0,,1.0,1.0,Unknown
TTLL11,0.0,,1.0,1.0,Unknown
TTLL12,0.0,,1.0,1.0,Unknown
TTLL2,0.0,,1.0,1.0,Unknown
TTLL3,0.0,,1.0,1.0,Unknown
TTLL4,0.0,,1.0,1.0,Unknown
TTLL5,0.0,,1.0,1.0,Unknown
TTLL6,0.0,,1.0,1.0,Unknown
TTLL7,0.0,,1.0,1.0,Unknown
TTLL9,0.0,,1.0,1.0,Unknown
TTN,0.0,,1.0,1.0,Unknown
TTN-AS1,0.0,,1.0,1.0,Unknown
TTPA,0.0,,1.0,1.0,Unknown
TTPAL,0.0,,1.0,1.0,Unknown
TTR,0.0,,1.0,1.0,Unknown
TTC39C,0.0,,1.0,1.0,Unknown
TTC3P1,0.0,,1.0,1.0,Unknown
TTC4,0.0,,1.0,1.0,Unknown
TTC5,0.0,,1.0,1.0,Unknown
TTC7A,0.0,,1.0,1.0,Unknown
TTC7B,0.0,,1.0,1.0,Unknown
TTC8,0.0,,1.0,1.0,Unknown
TTC9,0.0,,1.0,1.0,Unknown
TTC9B,0.0,,1.0,1.0,Unknown
TTC9C,0.0,,1.0,1.0,Unknown
TTF1,0.0,,1.0,1.0,Unknown
TTF2,0.0,,1.0,1.0,Unknown
TTI1,0.0,,1.0,1.0,Unknown
TTI2,0.0,,1.0,1.0,Unknown
TTK,0.0,,1.0,1.0,Unknown
TTL,0.0,,1.0,1.0,Unknown
TTC27,0.0,,1.0,1.0,Unknown
TTC28,0.0,,1.0,1.0,Unknown
TTC28-AS1,0.0,,1.0,1.0,Unknown
TTC29,0.0,,1.0,1.0,Unknown
TTC3,0.0,,1.0,1.0,Unknown
TTC30A,0.0,,1.0,1.0,Unknown
TTC30B,0.0,,1.0,1.0,Unknown
TTC31,0.0,,1.0,1.0,Unknown
TTC32,0.0,,1.0,1.0,Unknown
TTC33,0.0,,1.0,1.0,Unknown
TTC34,0.0,,1.0,1.0,Unknown
TTC36,0.0,,1.0,1.0,Unknown
TTC37,0.0,,1.0,1.0,Unknown
TTC38,0.0,,1.0,1.0,Unknown
TTC39A,0.0,,1.0,1.0,Unknown
TTC39B,0.0,,1.0,1.0,Unknown
TTBK2,0.0,,1.0,1.0,Unknown
TTC1,0.0,,1.0,1.0,Unknown
TTC12,0.0,,1.0,1.0,Unknown
TTC13,0.0,,1.0,1.0,Unknown
TTC14,0.0,,1.0,1.0,Unknown
TTC16,0.0,,1.0,1.0,Unknown
TTC17,0.0,,1.0,1.0,Unknown
TTC19,0.0,,1.0,1.0,Unknown
TTC21A,0.0,,1.0,1.0,Unknown
TTC21B,0.0,,1.0,1.0,Unknown
TTC22,0.0,,1.0,1.0,Unknown
TTC23,0.0,,1.0,1.0,Unknown
TTC23L,0.0,,1.0,1.0,Unknown
TTC24,0.0,,1.0,1.0,Unknown
TTC25,0.0,,1.0,1.0,Unknown
TTC26,0.0,,1.0,1.0,Unknown
TSR1,0.0,,1.0,1.0,Unknown
TSR2,0.0,,1.0,1.0,Unknown
TSR3,0.0,,1.0,1.0,Unknown
TSSC1,0.0,,1.0,1.0,Unknown
TSSC4,0.0,,1.0,1.0,Unknown
TSSK1B,0.0,,1.0,1.0,Unknown
TSSK2,0.0,,1.0,1.0,Unknown
TSSK3,0.0,,1.0,1.0,Unknown
TSSK4,0.0,,1.0,1.0,Unknown
TSSK6,0.0,,1.0,1.0,Unknown
TST,0.0,,1.0,1.0,Unknown
TSTA3,0.0,,1.0,1.0,Unknown
TSTD1,0.0,,1.0,1.0,Unknown
TSTD2,0.0,,1.0,1.0,Unknown
TSTD3,0.0,,1.0,1.0,Unknown
TTBK1,0.0,,1.0,1.0,Unknown
TSPAN9,0.0,,1.0,1.0,Unknown
TSPEAR,0.0,,1.0,1.0,Unknown
TSPEAR-AS1,0.0,,1.0,1.0,Unknown
TSPO,0.0,,1.0,1.0,Unknown
TSPO2,0.0,,1.0,1.0,Unknown
TSPY1,0.0,,1.0,1.0,Unknown
TSPY2,0.0,,1.0,1.0,Unknown
TSPY26P,0.0,,1.0,1.0,Unknown
TSPY3,0.0,,1.0,1.0,Unknown
TSPY4,0.0,,1.0,1.0,Unknown
TSPY8,0.0,,1.0,1.0,Unknown
TSPYL1,0.0,,1.0,1.0,Unknown
TSPYL2,0.0,,1.0,1.0,Unknown
TSPYL4,0.0,,1.0,1.0,Unknown
TSPYL5,0.0,,1.0,1.0,Unknown
TSPYL6,0.0,,1.0,1.0,Unknown
TSPAN14,0.0,,1.0,1.0,Unknown
TSPAN15,0.0,,1.0,1.0,Unknown
TSPAN16,0.0,,1.0,1.0,Unknown
TSPAN17,0.0,,1.0,1.0,Unknown
TSPAN18,0.0,,1.0,1.0,Unknown
TSPAN19,0.0,,1.0,1.0,Unknown
TSPAN2,0.0,,1.0,1.0,Unknown
TSPAN3,0.0,,1.0,1.0,Unknown
TSPAN31,0.0,,1.0,1.0,Unknown
TSPAN32,0.0,,1.0,1.0,Unknown
TSPAN33,0.0,,1.0,1.0,Unknown
TSPAN4,0.0,,1.0,1.0,Unknown
TSPAN5,0.0,,1.0,1.0,Unknown
TSPAN6,0.0,,1.0,1.0,Unknown
TSPAN7,0.0,,1.0,1.0,Unknown
TSPAN8,0.0,,1.0,1.0,Unknown
TSHZ2,0.0,,1.0,1.0,Unknown
TSHZ3,0.0,,1.0,1.0,Unknown
TSIX,0.0,,1.0,1.0,Unknown
TSKS,0.0,,1.0,1.0,Unknown
TSKU,0.0,,1.0,1.0,Unknown
TSLP,0.0,,1.0,1.0,Unknown
TSN,0.0,,1.0,1.0,Unknown
TSNARE1,0.0,,1.0,1.0,Unknown
TSNAX,0.0,,1.0,1.0,Unknown
TSNAX-DISC1,0.0,,1.0,1.0,Unknown
TSNAXIP1,0.0,,1.0,1.0,Unknown
TSPAN1,0.0,,1.0,1.0,Unknown
TSPAN10,0.0,,1.0,1.0,Unknown
TSPAN11,0.0,,1.0,1.0,Unknown
TSPAN12,0.0,,1.0,1.0,Unknown
TSPAN13,0.0,,1.0,1.0,Unknown
TSC22D1-AS1,0.0,,1.0,1.0,Unknown
TSC22D2,0.0,,1.0,1.0,Unknown
TSC22D3,0.0,,1.0,1.0,Unknown
TSC22D4,0.0,,1.0,1.0,Unknown
TSEN15,0.0,,1.0,1.0,Unknown
TSEN2,0.0,,1.0,1.0,Unknown
TSEN34,0.0,,1.0,1.0,Unknown
TSEN54,0.0,,1.0,1.0,Unknown
TSFM,0.0,,1.0,1.0,Unknown
TSG101,0.0,,1.0,1.0,Unknown
TSGA10,0.0,,1.0,1.0,Unknown
TSGA10IP,0.0,,1.0,1.0,Unknown
TSGA13,0.0,,1.0,1.0,Unknown
TSHB,0.0,,1.0,1.0,Unknown
TSHR,0.0,,1.0,1.0,Unknown
TSHZ1,0.0,,1.0,1.0,Unknown
TRPM8,0.0,,1.0,1.0,Unknown
TRPS1,0.0,,1.0,1.0,Unknown
TRPT1,0.0,,1.0,1.0,Unknown
TRPV1,0.0,,1.0,1.0,Unknown
TRPV2,0.0,,1.0,1.0,Unknown
TRPV3,0.0,,1.0,1.0,Unknown
TRPV4,0.0,,1.0,1.0,Unknown
TRPV5,0.0,,1.0,1.0,Unknown
TRPV6,0.0,,1.0,1.0,Unknown
TRRAP,0.0,,1.0,1.0,Unknown
TRUB1,0.0,,1.0,1.0,Unknown
TRUB2,0.0,,1.0,1.0,Unknown
TSACC,0.0,,1.0,1.0,Unknown
TSC1,0.0,,1.0,1.0,Unknown
TSC2,0.0,,1.0,1.0,Unknown
TSC22D1,0.0,,1.0,1.0,Unknown
TRPC1,0.0,,1.0,1.0,Unknown
TRPC2,0.0,,1.0,1.0,Unknown
TRPC3,0.0,,1.0,1.0,Unknown
TRPC4,0.0,,1.0,1.0,Unknown
TRPC4AP,0.0,,1.0,1.0,Unknown
TRPC5,0.0,,1.0,1.0,Unknown
TRPC5OS,0.0,,1.0,1.0,Unknown
TRPC6,0.0,,1.0,1.0,Unknown
TRPC7,0.0,,1.0,1.0,Unknown
TRPM1,0.0,,1.0,1.0,Unknown
TRPM2,0.0,,1.0,1.0,Unknown
TRPM3,0.0,,1.0,1.0,Unknown
TRPM4,0.0,,1.0,1.0,Unknown
TRPM5,0.0,,1.0,1.0,Unknown
TRPM6,0.0,,1.0,1.0,Unknown
TRPM7,0.0,,1.0,1.0,Unknown
TRMT1L,0.0,,1.0,1.0,Unknown
TRMT2A,0.0,,1.0,1.0,Unknown
TRMT2B,0.0,,1.0,1.0,Unknown
TRMT44,0.0,,1.0,1.0,Unknown
TRMT5,0.0,,1.0,1.0,Unknown
TRMT6,0.0,,1.0,1.0,Unknown
TRMT61A,0.0,,1.0,1.0,Unknown
TRMT61B,0.0,,1.0,1.0,Unknown
TRMU,0.0,,1.0,1.0,Unknown
TRNAU1AP,0.0,,1.0,1.0,Unknown
TRNP1,0.0,,1.0,1.0,Unknown
TRNT1,0.0,,1.0,1.0,Unknown
TRO,0.0,,1.0,1.0,Unknown
TROAP,0.0,,1.0,1.0,Unknown
TROVE2,0.0,,1.0,1.0,Unknown
TRPA1,0.0,,1.0,1.0,Unknown
TRIP10,0.0,,1.0,1.0,Unknown
TRIP11,0.0,,1.0,1.0,Unknown
TRIP12,0.0,,1.0,1.0,Unknown
TRIP13,0.0,,1.0,1.0,Unknown
TRIP4,0.0,,1.0,1.0,Unknown
TRIP6,0.0,,1.0,1.0,Unknown
TRIQK,0.0,,1.0,1.0,Unknown
TRIT1,0.0,,1.0,1.0,Unknown
TRMT1,0.0,,1.0,1.0,Unknown
TRMT10A,0.0,,1.0,1.0,Unknown
TRMT10B,0.0,,1.0,1.0,Unknown
TRMT10C,0.0,,1.0,1.0,Unknown
TRMT11,0.0,,1.0,1.0,Unknown
TRMT112,0.0,,1.0,1.0,Unknown
TRMT12,0.0,,1.0,1.0,Unknown
TRMT13,0.0,,1.0,1.0,Unknown
TRIM66,0.0,,1.0,1.0,Unknown
TRIM67,0.0,,1.0,1.0,Unknown
TRIM68,0.0,,1.0,1.0,Unknown
TRIM69,0.0,,1.0,1.0,Unknown
TRIM7,0.0,,1.0,1.0,Unknown
TRIM71,0.0,,1.0,1.0,Unknown
TRIM72,0.0,,1.0,1.0,Unknown
TRIM73,0.0,,1.0,1.0,Unknown
TRIM74,0.0,,1.0,1.0,Unknown
TRIM77,0.0,,1.0,1.0,Unknown
TRIM8,0.0,,1.0,1.0,Unknown
TRIM9,0.0,,1.0,1.0,Unknown
TRIML1,0.0,,1.0,1.0,Unknown
TRIML2,0.0,,1.0,1.0,Unknown
TRIO,0.0,,1.0,1.0,Unknown
TRIOBP,0.0,,1.0,1.0,Unknown
TRIM53AP,0.0,,1.0,1.0,Unknown
TRIM54,0.0,,1.0,1.0,Unknown
TRIM55,0.0,,1.0,1.0,Unknown
TRIM56,0.0,,1.0,1.0,Unknown
TRIM58,0.0,,1.0,1.0,Unknown
TRIM59,0.0,,1.0,1.0,Unknown
TRIM6,0.0,,1.0,1.0,Unknown
TRIM6-TRIM34,0.0,,1.0,1.0,Unknown
TRIM60,0.0,,1.0,1.0,Unknown
TRIM61,0.0,,1.0,1.0,Unknown
TRIM62,0.0,,1.0,1.0,Unknown
TRIM63,0.0,,1.0,1.0,Unknown
TRIM64,0.0,,1.0,1.0,Unknown
TRIM64B,0.0,,1.0,1.0,Unknown
TRIM64C,0.0,,1.0,1.0,Unknown
TRIM65,0.0,,1.0,1.0,Unknown
TRIM43,0.0,,1.0,1.0,Unknown
TRIM43B,0.0,,1.0,1.0,Unknown
TRIM44,0.0,,1.0,1.0,Unknown
TRIM45,0.0,,1.0,1.0,Unknown
TRIM46,0.0,,1.0,1.0,Unknown
TRIM47,0.0,,1.0,1.0,Unknown
TRIM48,0.0,,1.0,1.0,Unknown
TRIM49,0.0,,1.0,1.0,Unknown
TRIM49B,0.0,,1.0,1.0,Unknown
TRIM49C,0.0,,1.0,1.0,Unknown
TRIM49D1,0.0,,1.0,1.0,Unknown
TRIM5,0.0,,1.0,1.0,Unknown
TRIM50,0.0,,1.0,1.0,Unknown
TRIM51,0.0,,1.0,1.0,Unknown
TRIM51HP,0.0,,1.0,1.0,Unknown
TRIM52,0.0,,1.0,1.0,Unknown
TRIM29,0.0,,1.0,1.0,Unknown
TRIM3,0.0,,1.0,1.0,Unknown
TRIM31,0.0,,1.0,1.0,Unknown
TRIM32,0.0,,1.0,1.0,Unknown
TRIM33,0.0,,1.0,1.0,Unknown
TRIM34,0.0,,1.0,1.0,Unknown
TRIM35,0.0,,1.0,1.0,Unknown
TRIM36,0.0,,1.0,1.0,Unknown
TRIM37,0.0,,1.0,1.0,Unknown
TRIM38,0.0,,1.0,1.0,Unknown
TRIM39,0.0,,1.0,1.0,Unknown
TRIM39-RPP21,0.0,,1.0,1.0,Unknown
TRIM4,0.0,,1.0,1.0,Unknown
TRIM40,0.0,,1.0,1.0,Unknown
TRIM41,0.0,,1.0,1.0,Unknown
TRIM42,0.0,,1.0,1.0,Unknown
TRIM11,0.0,,1.0,1.0,Unknown
TRIM13,0.0,,1.0,1.0,Unknown
TRIM14,0.0,,1.0,1.0,Unknown
TRIM15,0.0,,1.0,1.0,Unknown
TRIM16,0.0,,1.0,1.0,Unknown
TRIM16L,0.0,,1.0,1.0,Unknown
TRIM17,0.0,,1.0,1.0,Unknown
TRIM2,0.0,,1.0,1.0,Unknown
TRIM21,0.0,,1.0,1.0,Unknown
TRIM22,0.0,,1.0,1.0,Unknown
TRIM23,0.0,,1.0,1.0,Unknown
TRIM24,0.0,,1.0,1.0,Unknown
TRIM25,0.0,,1.0,1.0,Unknown
TRIM26,0.0,,1.0,1.0,Unknown
TRIM27,0.0,,1.0,1.0,Unknown
TRIM28,0.0,,1.0,1.0,Unknown
TREML3P,0.0,,1.0,1.0,Unknown
TREML4,0.0,,1.0,1.0,Unknown
TREML5P,0.0,,1.0,1.0,Unknown
TRERF1,0.0,,1.0,1.0,Unknown
TREX1,0.0,,1.0,1.0,Unknown
TREX2,0.0,,1.0,1.0,Unknown
TRH,0.0,,1.0,1.0,Unknown
TRHDE,0.0,,1.0,1.0,Unknown
TRHDE-AS1,0.0,,1.0,1.0,Unknown
TRHR,0.0,,1.0,1.0,Unknown
TRIAP1,0.0,,1.0,1.0,Unknown
TRIB1,0.0,,1.0,1.0,Unknown
TRIB2,0.0,,1.0,1.0,Unknown
TRIB3,0.0,,1.0,1.0,Unknown
TRIL,0.0,,1.0,1.0,Unknown
TRIM10,0.0,,1.0,1.0,Unknown
TRAPPC3,0.0,,1.0,1.0,Unknown
TRAPPC3L,0.0,,1.0,1.0,Unknown
TRAPPC4,0.0,,1.0,1.0,Unknown
TRAPPC5,0.0,,1.0,1.0,Unknown
TRAPPC6A,0.0,,1.0,1.0,Unknown
TRAPPC6B,0.0,,1.0,1.0,Unknown
TRAPPC8,0.0,,1.0,1.0,Unknown
TRAPPC9,0.0,,1.0,1.0,Unknown
TRAT1,0.0,,1.0,1.0,Unknown
TRDMT1,0.0,,1.0,1.0,Unknown
TRDN,0.0,,1.0,1.0,Unknown
TREH,0.0,,1.0,1.0,Unknown
TREM1,0.0,,1.0,1.0,Unknown
TREM2,0.0,,1.0,1.0,Unknown
TREML1,0.0,,1.0,1.0,Unknown
TREML2,0.0,,1.0,1.0,Unknown
TRAIP,0.0,,1.0,1.0,Unknown
TRAK1,0.0,,1.0,1.0,Unknown
TRAK2,0.0,,1.0,1.0,Unknown
TRAM1,0.0,,1.0,1.0,Unknown
TRAM1L1,0.0,,1.0,1.0,Unknown
TRAM2,0.0,,1.0,1.0,Unknown
TRAM2-AS1,0.0,,1.0,1.0,Unknown
TRANK1,0.0,,1.0,1.0,Unknown
TRAP1,0.0,,1.0,1.0,Unknown
TRAPPC1,0.0,,1.0,1.0,Unknown
TRAPPC10,0.0,,1.0,1.0,Unknown
TRAPPC11,0.0,,1.0,1.0,Unknown
TRAPPC12,0.0,,1.0,1.0,Unknown
TRAPPC13,0.0,,1.0,1.0,Unknown
TRAPPC2,0.0,,1.0,1.0,Unknown
TRAPPC2L,0.0,,1.0,1.0,Unknown
TRABD,0.0,,1.0,1.0,Unknown
TRABD2A,0.0,,1.0,1.0,Unknown
TRABD2B,0.0,,1.0,1.0,Unknown
TRADD,0.0,,1.0,1.0,Unknown
TRAF1,0.0,,1.0,1.0,Unknown
TRAF2,0.0,,1.0,1.0,Unknown
TRAF3,0.0,,1.0,1.0,Unknown
TRAF3IP1,0.0,,1.0,1.0,Unknown
TRAF3IP2,0.0,,1.0,1.0,Unknown
TRAF3IP2-AS1,0.0,,1.0,1.0,Unknown
TRAF3IP3,0.0,,1.0,1.0,Unknown
TRAF4,0.0,,1.0,1.0,Unknown
TRAF5,0.0,,1.0,1.0,Unknown
TRAF6,0.0,,1.0,1.0,Unknown
TRAF7,0.0,,1.0,1.0,Unknown
TRAFD1,0.0,,1.0,1.0,Unknown
TPSD1,0.0,,1.0,1.0,Unknown
TPSG1,0.0,,1.0,1.0,Unknown
TPST1,0.0,,1.0,1.0,Unknown
TPST2,0.0,,1.0,1.0,Unknown
TPT1,0.0,,1.0,1.0,Unknown
TPT1-AS1,0.0,,1.0,1.0,Unknown
TPTE,0.0,,1.0,1.0,Unknown
TPTE2,0.0,,1.0,1.0,Unknown
TPTE2P1,0.0,,1.0,1.0,Unknown
TPTE2P3,0.0,,1.0,1.0,Unknown
TPTE2P5,0.0,,1.0,1.0,Unknown
TPTE2P6,0.0,,1.0,1.0,Unknown
TPTEP1,0.0,,1.0,1.0,Unknown
TPX2,0.0,,1.0,1.0,Unknown
TRA2A,0.0,,1.0,1.0,Unknown
TRA2B,0.0,,1.0,1.0,Unknown
TPP1,0.0,,1.0,1.0,Unknown
TPP2,0.0,,1.0,1.0,Unknown
TPPP,0.0,,1.0,1.0,Unknown
TPPP2,0.0,,1.0,1.0,Unknown
TPPP3,0.0,,1.0,1.0,Unknown
TPR,0.0,,1.0,1.0,Unknown
TPRA1,0.0,,1.0,1.0,Unknown
TPRG1,0.0,,1.0,1.0,Unknown
TPRG1-AS2,0.0,,1.0,1.0,Unknown
TPRG1L,0.0,,1.0,1.0,Unknown
TPRKB,0.0,,1.0,1.0,Unknown
TPRN,0.0,,1.0,1.0,Unknown
TPRX1,0.0,,1.0,1.0,Unknown
TPRXL,0.0,,1.0,1.0,Unknown
TPSAB1,0.0,,1.0,1.0,Unknown
TPSB2,0.0,,1.0,1.0,Unknown
TPD52L3,0.0,,1.0,1.0,Unknown
TPGS1,0.0,,1.0,1.0,Unknown
TPGS2,0.0,,1.0,1.0,Unknown
TPH1,0.0,,1.0,1.0,Unknown
TPH2,0.0,,1.0,1.0,Unknown
TPI1,0.0,,1.0,1.0,Unknown
TPI1P2,0.0,,1.0,1.0,Unknown
TPI1P3,0.0,,1.0,1.0,Unknown
TPK1,0.0,,1.0,1.0,Unknown
TPM1,0.0,,1.0,1.0,Unknown
TPM2,0.0,,1.0,1.0,Unknown
TPM3,0.0,,1.0,1.0,Unknown
TPM3P9,0.0,,1.0,1.0,Unknown
TPM4,0.0,,1.0,1.0,Unknown
TPMT,0.0,,1.0,1.0,Unknown
TPO,0.0,,1.0,1.0,Unknown
TP53TG1,0.0,,1.0,1.0,Unknown
TP53TG3,0.0,,1.0,1.0,Unknown
TP53TG3B,0.0,,1.0,1.0,Unknown
TP53TG3C,0.0,,1.0,1.0,Unknown
TP53TG3D,0.0,,1.0,1.0,Unknown
TP53TG5,0.0,,1.0,1.0,Unknown
TP63,0.0,,1.0,1.0,Unknown
TP73,0.0,,1.0,1.0,Unknown
TP73-AS1,0.0,,1.0,1.0,Unknown
TPBG,0.0,,1.0,1.0,Unknown
TPBGL,0.0,,1.0,1.0,Unknown
TPCN1,0.0,,1.0,1.0,Unknown
TPCN2,0.0,,1.0,1.0,Unknown
TPD52,0.0,,1.0,1.0,Unknown
TPD52L1,0.0,,1.0,1.0,Unknown
TPD52L2,0.0,,1.0,1.0,Unknown
TOR3A,0.0,,1.0,1.0,Unknown
TOR4A,0.0,,1.0,1.0,Unknown
TOX,0.0,,1.0,1.0,Unknown
TOX2,0.0,,1.0,1.0,Unknown
TOX3,0.0,,1.0,1.0,Unknown
TOX4,0.0,,1.0,1.0,Unknown
TP53,0.0,,1.0,1.0,Unknown
TP53AIP1,0.0,,1.0,1.0,Unknown
TP53BP1,0.0,,1.0,1.0,Unknown
TP53BP2,0.0,,1.0,1.0,Unknown
TP53I11,0.0,,1.0,1.0,Unknown
TP53I13,0.0,,1.0,1.0,Unknown
TP53I3,0.0,,1.0,1.0,Unknown
TP53INP1,0.0,,1.0,1.0,Unknown
TP53INP2,0.0,,1.0,1.0,Unknown
TP53RK,0.0,,1.0,1.0,Unknown
TOMM7,0.0,,1.0,1.0,Unknown
TONSL,0.0,,1.0,1.0,Unknown
TOP1,0.0,,1.0,1.0,Unknown
TOP1MT,0.0,,1.0,1.0,Unknown
TOP2A,0.0,,1.0,1.0,Unknown
TOP2B,0.0,,1.0,1.0,Unknown
TOP3A,0.0,,1.0,1.0,Unknown
TOP3B,0.0,,1.0,1.0,Unknown
TOPAZ1,0.0,,1.0,1.0,Unknown
TOPBP1,0.0,,1.0,1.0,Unknown
TOPORS,0.0,,1.0,1.0,Unknown
TOR1A,0.0,,1.0,1.0,Unknown
TOR1AIP1,0.0,,1.0,1.0,Unknown
TOR1AIP2,0.0,,1.0,1.0,Unknown
TOR1B,0.0,,1.0,1.0,Unknown
TOR2A,0.0,,1.0,1.0,Unknown
TOB2,0.0,,1.0,1.0,Unknown
TOB2P1,0.0,,1.0,1.0,Unknown
TOE1,0.0,,1.0,1.0,Unknown
TOLLIP,0.0,,1.0,1.0,Unknown
TOLLIP-AS1,0.0,,1.0,1.0,Unknown
TOM1,0.0,,1.0,1.0,Unknown
TOM1L1,0.0,,1.0,1.0,Unknown
TOM1L2,0.0,,1.0,1.0,Unknown
TOMM20,0.0,,1.0,1.0,Unknown
TOMM20L,0.0,,1.0,1.0,Unknown
TOMM22,0.0,,1.0,1.0,Unknown
TOMM34,0.0,,1.0,1.0,Unknown
TOMM40,0.0,,1.0,1.0,Unknown
TOMM40L,0.0,,1.0,1.0,Unknown
TOMM5,0.0,,1.0,1.0,Unknown
TOMM6,0.0,,1.0,1.0,Unknown
TNPO2,0.0,,1.0,1.0,Unknown
TNPO3,0.0,,1.0,1.0,Unknown
TNR,0.0,,1.0,1.0,Unknown
TNRC18,0.0,,1.0,1.0,Unknown
TNRC18P1,0.0,,1.0,1.0,Unknown
TNRC6A,0.0,,1.0,1.0,Unknown
TNRC6B,0.0,,1.0,1.0,Unknown
TNRC6C,0.0,,1.0,1.0,Unknown
TNRC6C-AS1,0.0,,1.0,1.0,Unknown
TNS1,0.0,,1.0,1.0,Unknown
TNS3,0.0,,1.0,1.0,Unknown
TNS4,0.0,,1.0,1.0,Unknown
TNXA,0.0,,1.0,1.0,Unknown
TNXB,0.0,,1.0,1.0,Unknown
TOB1,0.0,,1.0,1.0,Unknown
TOB1-AS1,0.0,,1.0,1.0,Unknown
TNKS1BP1,0.0,,1.0,1.0,Unknown
TNKS2,0.0,,1.0,1.0,Unknown
TNMD,0.0,,1.0,1.0,Unknown
TNN,0.0,,1.0,1.0,Unknown
TNNC1,0.0,,1.0,1.0,Unknown
TNNC2,0.0,,1.0,1.0,Unknown
TNNI1,0.0,,1.0,1.0,Unknown
TNNI2,0.0,,1.0,1.0,Unknown
TNNI3,0.0,,1.0,1.0,Unknown
TNNI3K,0.0,,1.0,1.0,Unknown
TNNT1,0.0,,1.0,1.0,Unknown
TNNT2,0.0,,1.0,1.0,Unknown
TNNT3,0.0,,1.0,1.0,Unknown
TNP1,0.0,,1.0,1.0,Unknown
TNP2,0.0,,1.0,1.0,Unknown
TNPO1,0.0,,1.0,1.0,Unknown
TNFSF12-TNFSF13,0.0,,1.0,1.0,Unknown
TNFSF13,0.0,,1.0,1.0,Unknown
TNFSF13B,0.0,,1.0,1.0,Unknown
TNFSF14,0.0,,1.0,1.0,Unknown
TNFSF15,0.0,,1.0,1.0,Unknown
TNFSF18,0.0,,1.0,1.0,Unknown
TNFSF4,0.0,,1.0,1.0,Unknown
TNFSF8,0.0,,1.0,1.0,Unknown
TNFSF9,0.0,,1.0,1.0,Unknown
TNIK,0.0,,1.0,1.0,Unknown
TNIP1,0.0,,1.0,1.0,Unknown
TNIP2,0.0,,1.0,1.0,Unknown
TNIP3,0.0,,1.0,1.0,Unknown
TNK1,0.0,,1.0,1.0,Unknown
TNK2,0.0,,1.0,1.0,Unknown
TNKS,0.0,,1.0,1.0,Unknown
TNFRSF13C,0.0,,1.0,1.0,Unknown
TNFRSF14,0.0,,1.0,1.0,Unknown
TNFRSF17,0.0,,1.0,1.0,Unknown
TNFRSF18,0.0,,1.0,1.0,Unknown
TNFRSF19,0.0,,1.0,1.0,Unknown
TNFRSF1A,0.0,,1.0,1.0,Unknown
TNFRSF1B,0.0,,1.0,1.0,Unknown
TNFRSF21,0.0,,1.0,1.0,Unknown
TNFRSF25,0.0,,1.0,1.0,Unknown
TNFRSF4,0.0,,1.0,1.0,Unknown
TNFRSF6B,0.0,,1.0,1.0,Unknown
TNFRSF8,0.0,,1.0,1.0,Unknown
TNFRSF9,0.0,,1.0,1.0,Unknown
TNFSF10,0.0,,1.0,1.0,Unknown
TNFSF11,0.0,,1.0,1.0,Unknown
TNFSF12,0.0,,1.0,1.0,Unknown
TNFAIP1,0.0,,1.0,1.0,Unknown
TNFAIP2,0.0,,1.0,1.0,Unknown
TNFAIP3,0.0,,1.0,1.0,Unknown
TNFAIP6,0.0,,1.0,1.0,Unknown
TNFAIP8,0.0,,1.0,1.0,Unknown
TNFAIP8L1,0.0,,1.0,1.0,Unknown
TNFAIP8L2,0.0,,1.0,1.0,Unknown
TNFAIP8L3,0.0,,1.0,1.0,Unknown
TNFRSF10A,0.0,,1.0,1.0,Unknown
TNFRSF10B,0.0,,1.0,1.0,Unknown
TNFRSF10C,0.0,,1.0,1.0,Unknown
TNFRSF10D,0.0,,1.0,1.0,Unknown
TNFRSF11A,0.0,,1.0,1.0,Unknown
TNFRSF11B,0.0,,1.0,1.0,Unknown
TNFRSF12A,0.0,,1.0,1.0,Unknown
TNFRSF13B,0.0,,1.0,1.0,Unknown
TMSB15B,0.0,,1.0,1.0,Unknown
TMSB4X,0.0,,1.0,1.0,Unknown
TMSB4Y,0.0,,1.0,1.0,Unknown
TMTC1,0.0,,1.0,1.0,Unknown
TMTC2,0.0,,1.0,1.0,Unknown
TMTC3,0.0,,1.0,1.0,Unknown
TMTC4,0.0,,1.0,1.0,Unknown
TMUB1,0.0,,1.0,1.0,Unknown
TMUB2,0.0,,1.0,1.0,Unknown
TMX1,0.0,,1.0,1.0,Unknown
TMX2,0.0,,1.0,1.0,Unknown
TMX2-CTNND1,0.0,,1.0,1.0,Unknown
TMX3,0.0,,1.0,1.0,Unknown
TMX4,0.0,,1.0,1.0,Unknown
TNC,0.0,,1.0,1.0,Unknown
TNF,0.0,,1.0,1.0,Unknown
TMPRSS11E,0.0,,1.0,1.0,Unknown
TMPRSS11F,0.0,,1.0,1.0,Unknown
TMPRSS11GP,0.0,,1.0,1.0,Unknown
TMPRSS12,0.0,,1.0,1.0,Unknown
TMPRSS13,0.0,,1.0,1.0,Unknown
TMPRSS15,0.0,,1.0,1.0,Unknown
TMPRSS2,0.0,,1.0,1.0,Unknown
TMPRSS3,0.0,,1.0,1.0,Unknown
TMPRSS4,0.0,,1.0,1.0,Unknown
TMPRSS4-AS1,0.0,,1.0,1.0,Unknown
TMPRSS5,0.0,,1.0,1.0,Unknown
TMPRSS6,0.0,,1.0,1.0,Unknown
TMPRSS7,0.0,,1.0,1.0,Unknown
TMPRSS9,0.0,,1.0,1.0,Unknown
TMSB10,0.0,,1.0,1.0,Unknown
TMSB15A,0.0,,1.0,1.0,Unknown
TMIE,0.0,,1.0,1.0,Unknown
TMIGD1,0.0,,1.0,1.0,Unknown
TMIGD2,0.0,,1.0,1.0,Unknown
TMLHE,0.0,,1.0,1.0,Unknown
TMLHE-AS1,0.0,,1.0,1.0,Unknown
TMOD1,0.0,,1.0,1.0,Unknown
TMOD2,0.0,,1.0,1.0,Unknown
TMOD3,0.0,,1.0,1.0,Unknown
TMOD4,0.0,,1.0,1.0,Unknown
TMPO,0.0,,1.0,1.0,Unknown
TMPO-AS1,0.0,,1.0,1.0,Unknown
TMPPE,0.0,,1.0,1.0,Unknown
TMPRSS11A,0.0,,1.0,1.0,Unknown
TMPRSS11B,0.0,,1.0,1.0,Unknown
TMPRSS11BNL,0.0,,1.0,1.0,Unknown
TMPRSS11D,0.0,,1.0,1.0,Unknown
TMEM88,0.0,,1.0,1.0,Unknown
TMEM88B,0.0,,1.0,1.0,Unknown
TMEM89,0.0,,1.0,1.0,Unknown
TMEM8A,0.0,,1.0,1.0,Unknown
TMEM8B,0.0,,1.0,1.0,Unknown
TMEM8C,0.0,,1.0,1.0,Unknown
TMEM9,0.0,,1.0,1.0,Unknown
TMEM91,0.0,,1.0,1.0,Unknown
TMEM92,0.0,,1.0,1.0,Unknown
TMEM95,0.0,,1.0,1.0,Unknown
TMEM97,0.0,,1.0,1.0,Unknown
TMEM98,0.0,,1.0,1.0,Unknown
TMEM99,0.0,,1.0,1.0,Unknown
TMEM9B,0.0,,1.0,1.0,Unknown
TMEM9B-AS1,0.0,,1.0,1.0,Unknown
TMF1,0.0,,1.0,1.0,Unknown
TMEM69,0.0,,1.0,1.0,Unknown
TMEM70,0.0,,1.0,1.0,Unknown
TMEM71,0.0,,1.0,1.0,Unknown
TMEM72,0.0,,1.0,1.0,Unknown
TMEM72-AS1,0.0,,1.0,1.0,Unknown
TMEM74,0.0,,1.0,1.0,Unknown
TMEM74B,0.0,,1.0,1.0,Unknown
TMEM75,0.0,,1.0,1.0,Unknown
TMEM79,0.0,,1.0,1.0,Unknown
TMEM80,0.0,,1.0,1.0,Unknown
TMEM81,0.0,,1.0,1.0,Unknown
TMEM82,0.0,,1.0,1.0,Unknown
TMEM86A,0.0,,1.0,1.0,Unknown
TMEM86B,0.0,,1.0,1.0,Unknown
TMEM87A,0.0,,1.0,1.0,Unknown
TMEM87B,0.0,,1.0,1.0,Unknown
TMEM55B,0.0,,1.0,1.0,Unknown
TMEM56,0.0,,1.0,1.0,Unknown
TMEM56-RWDD3,0.0,,1.0,1.0,Unknown
TMEM57,0.0,,1.0,1.0,Unknown
TMEM59,0.0,,1.0,1.0,Unknown
TMEM59L,0.0,,1.0,1.0,Unknown
TMEM60,0.0,,1.0,1.0,Unknown
TMEM61,0.0,,1.0,1.0,Unknown
TMEM62,0.0,,1.0,1.0,Unknown
TMEM63A,0.0,,1.0,1.0,Unknown
TMEM63B,0.0,,1.0,1.0,Unknown
TMEM63C,0.0,,1.0,1.0,Unknown
TMEM64,0.0,,1.0,1.0,Unknown
TMEM65,0.0,,1.0,1.0,Unknown
TMEM67,0.0,,1.0,1.0,Unknown
TMEM68,0.0,,1.0,1.0,Unknown
TMEM43,0.0,,1.0,1.0,Unknown
TMEM44,0.0,,1.0,1.0,Unknown
TMEM44-AS1,0.0,,1.0,1.0,Unknown
TMEM45A,0.0,,1.0,1.0,Unknown
TMEM45B,0.0,,1.0,1.0,Unknown
TMEM47,0.0,,1.0,1.0,Unknown
TMEM5,0.0,,1.0,1.0,Unknown
TMEM50A,0.0,,1.0,1.0,Unknown
TMEM50B,0.0,,1.0,1.0,Unknown
TMEM51,0.0,,1.0,1.0,Unknown
TMEM51-AS1,0.0,,1.0,1.0,Unknown
TMEM52,0.0,,1.0,1.0,Unknown
TMEM52B,0.0,,1.0,1.0,Unknown
TMEM53,0.0,,1.0,1.0,Unknown
TMEM54,0.0,,1.0,1.0,Unknown
TMEM55A,0.0,,1.0,1.0,Unknown
TMEM26,0.0,,1.0,1.0,Unknown
TMEM260,0.0,,1.0,1.0,Unknown
TMEM27,0.0,,1.0,1.0,Unknown
TMEM30A,0.0,,1.0,1.0,Unknown
TMEM30B,0.0,,1.0,1.0,Unknown
TMEM31,0.0,,1.0,1.0,Unknown
TMEM33,0.0,,1.0,1.0,Unknown
TMEM37,0.0,,1.0,1.0,Unknown
TMEM38A,0.0,,1.0,1.0,Unknown
TMEM38B,0.0,,1.0,1.0,Unknown
TMEM39A,0.0,,1.0,1.0,Unknown
TMEM39B,0.0,,1.0,1.0,Unknown
TMEM40,0.0,,1.0,1.0,Unknown
TMEM41A,0.0,,1.0,1.0,Unknown
TMEM41B,0.0,,1.0,1.0,Unknown
TMEM42,0.0,,1.0,1.0,Unknown
TMEM246,0.0,,1.0,1.0,Unknown
TMEM247,0.0,,1.0,1.0,Unknown
TMEM248,0.0,,1.0,1.0,Unknown
TMEM249,0.0,,1.0,1.0,Unknown
TMEM25,0.0,,1.0,1.0,Unknown
TMEM251,0.0,,1.0,1.0,Unknown
TMEM252,0.0,,1.0,1.0,Unknown
TMEM253,0.0,,1.0,1.0,Unknown
TMEM254,0.0,,1.0,1.0,Unknown
TMEM254-AS1,0.0,,1.0,1.0,Unknown
TMEM255A,0.0,,1.0,1.0,Unknown
TMEM255B,0.0,,1.0,1.0,Unknown
TMEM256,0.0,,1.0,1.0,Unknown
TMEM257,0.0,,1.0,1.0,Unknown
TMEM258,0.0,,1.0,1.0,Unknown
TMEM259,0.0,,1.0,1.0,Unknown
TMEM230,0.0,,1.0,1.0,Unknown
TMEM231,0.0,,1.0,1.0,Unknown
TMEM232,0.0,,1.0,1.0,Unknown
TMEM233,0.0,,1.0,1.0,Unknown
TMEM234,0.0,,1.0,1.0,Unknown
TMEM235,0.0,,1.0,1.0,Unknown
TMEM236,0.0,,1.0,1.0,Unknown
TMEM237,0.0,,1.0,1.0,Unknown
TMEM238,0.0,,1.0,1.0,Unknown
TMEM239,0.0,,1.0,1.0,Unknown
TMEM240,0.0,,1.0,1.0,Unknown
TMEM241,0.0,,1.0,1.0,Unknown
TMEM242,0.0,,1.0,1.0,Unknown
TMEM243,0.0,,1.0,1.0,Unknown
TMEM244,0.0,,1.0,1.0,Unknown
TMEM245,0.0,,1.0,1.0,Unknown
TMEM212,0.0,,1.0,1.0,Unknown
TMEM213,0.0,,1.0,1.0,Unknown
TMEM214,0.0,,1.0,1.0,Unknown
TMEM215,0.0,,1.0,1.0,Unknown
TMEM216,0.0,,1.0,1.0,Unknown
TMEM217,0.0,,1.0,1.0,Unknown
TMEM218,0.0,,1.0,1.0,Unknown
TMEM219,0.0,,1.0,1.0,Unknown
TMEM220,0.0,,1.0,1.0,Unknown
TMEM220-AS1,0.0,,1.0,1.0,Unknown
TMEM221,0.0,,1.0,1.0,Unknown
TMEM222,0.0,,1.0,1.0,Unknown
TMEM223,0.0,,1.0,1.0,Unknown
TMEM225,0.0,,1.0,1.0,Unknown
TMEM229A,0.0,,1.0,1.0,Unknown
TMEM229B,0.0,,1.0,1.0,Unknown
TMEM198B,0.0,,1.0,1.0,Unknown
TMEM199,0.0,,1.0,1.0,Unknown
TMEM2,0.0,,1.0,1.0,Unknown
TMEM200A,0.0,,1.0,1.0,Unknown
TMEM200B,0.0,,1.0,1.0,Unknown
TMEM200C,0.0,,1.0,1.0,Unknown
TMEM201,0.0,,1.0,1.0,Unknown
TMEM202,0.0,,1.0,1.0,Unknown
TMEM203,0.0,,1.0,1.0,Unknown
TMEM204,0.0,,1.0,1.0,Unknown
TMEM205,0.0,,1.0,1.0,Unknown
TMEM206,0.0,,1.0,1.0,Unknown
TMEM207,0.0,,1.0,1.0,Unknown
TMEM208,0.0,,1.0,1.0,Unknown
TMEM209,0.0,,1.0,1.0,Unknown
TMEM211,0.0,,1.0,1.0,Unknown
TMEM184B,0.0,,1.0,1.0,Unknown
TMEM184C,0.0,,1.0,1.0,Unknown
TMEM185A,0.0,,1.0,1.0,Unknown
TMEM185B,0.0,,1.0,1.0,Unknown
TMEM186,0.0,,1.0,1.0,Unknown
TMEM187,0.0,,1.0,1.0,Unknown
TMEM189,0.0,,1.0,1.0,Unknown
TMEM189-UBE2V1,0.0,,1.0,1.0,Unknown
TMEM19,0.0,,1.0,1.0,Unknown
TMEM190,0.0,,1.0,1.0,Unknown
TMEM191A,0.0,,1.0,1.0,Unknown
TMEM191B,0.0,,1.0,1.0,Unknown
TMEM191C,0.0,,1.0,1.0,Unknown
TMEM192,0.0,,1.0,1.0,Unknown
TMEM196,0.0,,1.0,1.0,Unknown
TMEM198,0.0,,1.0,1.0,Unknown
TMEM171,0.0,,1.0,1.0,Unknown
TMEM173,0.0,,1.0,1.0,Unknown
TMEM174,0.0,,1.0,1.0,Unknown
TMEM175,0.0,,1.0,1.0,Unknown
TMEM176A,0.0,,1.0,1.0,Unknown
TMEM176B,0.0,,1.0,1.0,Unknown
TMEM177,0.0,,1.0,1.0,Unknown
TMEM178A,0.0,,1.0,1.0,Unknown
TMEM178B,0.0,,1.0,1.0,Unknown
TMEM179,0.0,,1.0,1.0,Unknown
TMEM179B,0.0,,1.0,1.0,Unknown
TMEM18,0.0,,1.0,1.0,Unknown
TMEM181,0.0,,1.0,1.0,Unknown
TMEM182,0.0,,1.0,1.0,Unknown
TMEM183A,0.0,,1.0,1.0,Unknown
TMEM184A,0.0,,1.0,1.0,Unknown
TMEM158,0.0,,1.0,1.0,Unknown
TMEM159,0.0,,1.0,1.0,Unknown
TMEM160,0.0,,1.0,1.0,Unknown
TMEM161A,0.0,,1.0,1.0,Unknown
TMEM161B,0.0,,1.0,1.0,Unknown
TMEM161B-AS1,0.0,,1.0,1.0,Unknown
TMEM163,0.0,,1.0,1.0,Unknown
TMEM164,0.0,,1.0,1.0,Unknown
TMEM165,0.0,,1.0,1.0,Unknown
TMEM167A,0.0,,1.0,1.0,Unknown
TMEM167B,0.0,,1.0,1.0,Unknown
TMEM168,0.0,,1.0,1.0,Unknown
TMEM169,0.0,,1.0,1.0,Unknown
TMEM17,0.0,,1.0,1.0,Unknown
TMEM170A,0.0,,1.0,1.0,Unknown
TMEM170B,0.0,,1.0,1.0,Unknown
TMEM141,0.0,,1.0,1.0,Unknown
TMEM143,0.0,,1.0,1.0,Unknown
TMEM144,0.0,,1.0,1.0,Unknown
TMEM145,0.0,,1.0,1.0,Unknown
TMEM147,0.0,,1.0,1.0,Unknown
TMEM14A,0.0,,1.0,1.0,Unknown
TMEM14B,0.0,,1.0,1.0,Unknown
TMEM14C,0.0,,1.0,1.0,Unknown
TMEM150A,0.0,,1.0,1.0,Unknown
TMEM150B,0.0,,1.0,1.0,Unknown
TMEM150C,0.0,,1.0,1.0,Unknown
TMEM151A,0.0,,1.0,1.0,Unknown
TMEM151B,0.0,,1.0,1.0,Unknown
TMEM154,0.0,,1.0,1.0,Unknown
TMEM155,0.0,,1.0,1.0,Unknown
TMEM156,0.0,,1.0,1.0,Unknown
TMEM128,0.0,,1.0,1.0,Unknown
TMEM129,0.0,,1.0,1.0,Unknown
TMEM130,0.0,,1.0,1.0,Unknown
TMEM131,0.0,,1.0,1.0,Unknown
TMEM132A,0.0,,1.0,1.0,Unknown
TMEM132B,0.0,,1.0,1.0,Unknown
TMEM132C,0.0,,1.0,1.0,Unknown
TMEM132D,0.0,,1.0,1.0,Unknown
TMEM132E,0.0,,1.0,1.0,Unknown
TMEM133,0.0,,1.0,1.0,Unknown
TMEM134,0.0,,1.0,1.0,Unknown
TMEM135,0.0,,1.0,1.0,Unknown
TMEM136,0.0,,1.0,1.0,Unknown
TMEM138,0.0,,1.0,1.0,Unknown
TMEM139,0.0,,1.0,1.0,Unknown
TMEM140,0.0,,1.0,1.0,Unknown
TMEM11,0.0,,1.0,1.0,Unknown
TMEM110,0.0,,1.0,1.0,Unknown
TMEM110-MUSTN1,0.0,,1.0,1.0,Unknown
TMEM114,0.0,,1.0,1.0,Unknown
TMEM115,0.0,,1.0,1.0,Unknown
TMEM116,0.0,,1.0,1.0,Unknown
TMEM117,0.0,,1.0,1.0,Unknown
TMEM119,0.0,,1.0,1.0,Unknown
TMEM120A,0.0,,1.0,1.0,Unknown
TMEM120B,0.0,,1.0,1.0,Unknown
TMEM121,0.0,,1.0,1.0,Unknown
TMEM123,0.0,,1.0,1.0,Unknown
TMEM125,0.0,,1.0,1.0,Unknown
TMEM126A,0.0,,1.0,1.0,Unknown
TMEM126B,0.0,,1.0,1.0,Unknown
TMEM127,0.0,,1.0,1.0,Unknown
TMED7-TICAM2,0.0,,1.0,1.0,Unknown
TMED8,0.0,,1.0,1.0,Unknown
TMED9,0.0,,1.0,1.0,Unknown
TMEFF1,0.0,,1.0,1.0,Unknown
TMEFF2,0.0,,1.0,1.0,Unknown
TMEM100,0.0,,1.0,1.0,Unknown
TMEM101,0.0,,1.0,1.0,Unknown
TMEM102,0.0,,1.0,1.0,Unknown
TMEM104,0.0,,1.0,1.0,Unknown
TMEM105,0.0,,1.0,1.0,Unknown
TMEM106A,0.0,,1.0,1.0,Unknown
TMEM106B,0.0,,1.0,1.0,Unknown
TMEM106C,0.0,,1.0,1.0,Unknown
TMEM107,0.0,,1.0,1.0,Unknown
TMEM108,0.0,,1.0,1.0,Unknown
TMEM109,0.0,,1.0,1.0,Unknown
TMCO2,0.0,,1.0,1.0,Unknown
TMCO3,0.0,,1.0,1.0,Unknown
TMCO4,0.0,,1.0,1.0,Unknown
TMCO5A,0.0,,1.0,1.0,Unknown
TMCO5B,0.0,,1.0,1.0,Unknown
TMCO6,0.0,,1.0,1.0,Unknown
TMED1,0.0,,1.0,1.0,Unknown
TMED10,0.0,,1.0,1.0,Unknown
TMED10P1,0.0,,1.0,1.0,Unknown
TMED11P,0.0,,1.0,1.0,Unknown
TMED2,0.0,,1.0,1.0,Unknown
TMED3,0.0,,1.0,1.0,Unknown
TMED4,0.0,,1.0,1.0,Unknown
TMED5,0.0,,1.0,1.0,Unknown
TMED6,0.0,,1.0,1.0,Unknown
TMED7,0.0,,1.0,1.0,Unknown
TMA7,0.0,,1.0,1.0,Unknown
TMBIM1,0.0,,1.0,1.0,Unknown
TMBIM4,0.0,,1.0,1.0,Unknown
TMBIM6,0.0,,1.0,1.0,Unknown
TMC1,0.0,,1.0,1.0,Unknown
TMC2,0.0,,1.0,1.0,Unknown
TMC3,0.0,,1.0,1.0,Unknown
TMC4,0.0,,1.0,1.0,Unknown
TMC5,0.0,,1.0,1.0,Unknown
TMC6,0.0,,1.0,1.0,Unknown
TMC7,0.0,,1.0,1.0,Unknown
TMC8,0.0,,1.0,1.0,Unknown
TMCC1,0.0,,1.0,1.0,Unknown
TMCC2,0.0,,1.0,1.0,Unknown
TMCC3,0.0,,1.0,1.0,Unknown
TMCO1,0.0,,1.0,1.0,Unknown
TM4SF1,0.0,,1.0,1.0,Unknown
TM4SF18,0.0,,1.0,1.0,Unknown
TM4SF19,0.0,,1.0,1.0,Unknown
TM4SF19-TCTEX1D2,0.0,,1.0,1.0,Unknown
TM4SF20,0.0,,1.0,1.0,Unknown
TM4SF4,0.0,,1.0,1.0,Unknown
TM4SF5,0.0,,1.0,1.0,Unknown
TM6SF1,0.0,,1.0,1.0,Unknown
TM6SF2,0.0,,1.0,1.0,Unknown
TM7SF2,0.0,,1.0,1.0,Unknown
TM7SF3,0.0,,1.0,1.0,Unknown
TM9SF1,0.0,,1.0,1.0,Unknown
TM9SF2,0.0,,1.0,1.0,Unknown
TM9SF3,0.0,,1.0,1.0,Unknown
TM9SF4,0.0,,1.0,1.0,Unknown
TMA16,0.0,,1.0,1.0,Unknown
TLR2,0.0,,1.0,1.0,Unknown
TLR3,0.0,,1.0,1.0,Unknown
TLR4,0.0,,1.0,1.0,Unknown
TLR5,0.0,,1.0,1.0,Unknown
TLR6,0.0,,1.0,1.0,Unknown
TLR7,0.0,,1.0,1.0,Unknown
TLR8,0.0,,1.0,1.0,Unknown
TLR8-AS1,0.0,,1.0,1.0,Unknown
TLR9,0.0,,1.0,1.0,Unknown
TLX1,0.0,,1.0,1.0,Unknown
TLX1NB,0.0,,1.0,1.0,Unknown
TLX2,0.0,,1.0,1.0,Unknown
TLX3,0.0,,1.0,1.0,Unknown
TM2D1,0.0,,1.0,1.0,Unknown
TM2D2,0.0,,1.0,1.0,Unknown
TM2D3,0.0,,1.0,1.0,Unknown
TLCD2,0.0,,1.0,1.0,Unknown
TLDC1,0.0,,1.0,1.0,Unknown
TLDC2,0.0,,1.0,1.0,Unknown
TLE1,0.0,,1.0,1.0,Unknown
TLE2,0.0,,1.0,1.0,Unknown
TLE3,0.0,,1.0,1.0,Unknown
TLE4,0.0,,1.0,1.0,Unknown
TLE6,0.0,,1.0,1.0,Unknown
TLK1,0.0,,1.0,1.0,Unknown
TLK2,0.0,,1.0,1.0,Unknown
TLL1,0.0,,1.0,1.0,Unknown
TLL2,0.0,,1.0,1.0,Unknown
TLN1,0.0,,1.0,1.0,Unknown
TLN2,0.0,,1.0,1.0,Unknown
TLR1,0.0,,1.0,1.0,Unknown
TLR10,0.0,,1.0,1.0,Unknown
TINF2,0.0,,1.0,1.0,Unknown
TIPARP,0.0,,1.0,1.0,Unknown
TIPARP-AS1,0.0,,1.0,1.0,Unknown
TIPIN,0.0,,1.0,1.0,Unknown
TIPRL,0.0,,1.0,1.0,Unknown
TIRAP,0.0,,1.0,1.0,Unknown
TJAP1,0.0,,1.0,1.0,Unknown
TJP1,0.0,,1.0,1.0,Unknown
TJP2,0.0,,1.0,1.0,Unknown
TJP3,0.0,,1.0,1.0,Unknown
TK1,0.0,,1.0,1.0,Unknown
TK2,0.0,,1.0,1.0,Unknown
TKT,0.0,,1.0,1.0,Unknown
TKTL1,0.0,,1.0,1.0,Unknown
TKTL2,0.0,,1.0,1.0,Unknown
TLCD1,0.0,,1.0,1.0,Unknown
TIMM21,0.0,,1.0,1.0,Unknown
TIMM22,0.0,,1.0,1.0,Unknown
TIMM23,0.0,,1.0,1.0,Unknown
TIMM44,0.0,,1.0,1.0,Unknown
TIMM50,0.0,,1.0,1.0,Unknown
TIMM8A,0.0,,1.0,1.0,Unknown
TIMM8B,0.0,,1.0,1.0,Unknown
TIMM9,0.0,,1.0,1.0,Unknown
TIMMDC1,0.0,,1.0,1.0,Unknown
TIMP1,0.0,,1.0,1.0,Unknown
TIMP2,0.0,,1.0,1.0,Unknown
TIMP3,0.0,,1.0,1.0,Unknown
TIMP4,0.0,,1.0,1.0,Unknown
TINAG,0.0,,1.0,1.0,Unknown
TINAGL1,0.0,,1.0,1.0,Unknown
TINCR,0.0,,1.0,1.0,Unknown
TIFAB,0.0,,1.0,1.0,Unknown
TIGD1,0.0,,1.0,1.0,Unknown
TIGD2,0.0,,1.0,1.0,Unknown
TIGD3,0.0,,1.0,1.0,Unknown
TIGD4,0.0,,1.0,1.0,Unknown
TIGD5,0.0,,1.0,1.0,Unknown
TIGD6,0.0,,1.0,1.0,Unknown
TIGD7,0.0,,1.0,1.0,Unknown
TIGIT,0.0,,1.0,1.0,Unknown
TIMD4,0.0,,1.0,1.0,Unknown
TIMELESS,0.0,,1.0,1.0,Unknown
TIMM10,0.0,,1.0,1.0,Unknown
TIMM10B,0.0,,1.0,1.0,Unknown
TIMM13,0.0,,1.0,1.0,Unknown
TIMM17A,0.0,,1.0,1.0,Unknown
TIMM17B,0.0,,1.0,1.0,Unknown
THTPA,0.0,,1.0,1.0,Unknown
THUMPD1,0.0,,1.0,1.0,Unknown
THUMPD2,0.0,,1.0,1.0,Unknown
THUMPD3,0.0,,1.0,1.0,Unknown
THY1,0.0,,1.0,1.0,Unknown
THYN1,0.0,,1.0,1.0,Unknown
TIA1,0.0,,1.0,1.0,Unknown
TIAF1,0.0,,1.0,1.0,Unknown
TIAL1,0.0,,1.0,1.0,Unknown
TIAM1,0.0,,1.0,1.0,Unknown
TIAM2,0.0,,1.0,1.0,Unknown
TICAM1,0.0,,1.0,1.0,Unknown
TICAM2,0.0,,1.0,1.0,Unknown
TICRR,0.0,,1.0,1.0,Unknown
TIE1,0.0,,1.0,1.0,Unknown
TIFA,0.0,,1.0,1.0,Unknown
THOC2,0.0,,1.0,1.0,Unknown
THOC3,0.0,,1.0,1.0,Unknown
THOC5,0.0,,1.0,1.0,Unknown
THOC6,0.0,,1.0,1.0,Unknown
THOC7,0.0,,1.0,1.0,Unknown
THOP1,0.0,,1.0,1.0,Unknown
THPO,0.0,,1.0,1.0,Unknown
THRA,0.0,,1.0,1.0,Unknown
THRAP3,0.0,,1.0,1.0,Unknown
THRB,0.0,,1.0,1.0,Unknown
THRB-AS1,0.0,,1.0,1.0,Unknown
THRSP,0.0,,1.0,1.0,Unknown
THSD1,0.0,,1.0,1.0,Unknown
THSD4,0.0,,1.0,1.0,Unknown
THSD7A,0.0,,1.0,1.0,Unknown
THSD7B,0.0,,1.0,1.0,Unknown
THBD,0.0,,1.0,1.0,Unknown
THBS1,0.0,,1.0,1.0,Unknown
THBS2,0.0,,1.0,1.0,Unknown
THBS3,0.0,,1.0,1.0,Unknown
THBS4,0.0,,1.0,1.0,Unknown
THEG,0.0,,1.0,1.0,Unknown
THEGL,0.0,,1.0,1.0,Unknown
THEM4,0.0,,1.0,1.0,Unknown
THEM5,0.0,,1.0,1.0,Unknown
THEM6,0.0,,1.0,1.0,Unknown
THEMIS,0.0,,1.0,1.0,Unknown
THEMIS2,0.0,,1.0,1.0,Unknown
THG1L,0.0,,1.0,1.0,Unknown
THNSL1,0.0,,1.0,1.0,Unknown
THNSL2,0.0,,1.0,1.0,Unknown
THOC1,0.0,,1.0,1.0,Unknown
TGS1,0.0,,1.0,1.0,Unknown
TH,0.0,,1.0,1.0,Unknown
THADA,0.0,,1.0,1.0,Unknown
THAP1,0.0,,1.0,1.0,Unknown
THAP10,0.0,,1.0,1.0,Unknown
THAP11,0.0,,1.0,1.0,Unknown
THAP2,0.0,,1.0,1.0,Unknown
THAP3,0.0,,1.0,1.0,Unknown
THAP4,0.0,,1.0,1.0,Unknown
THAP5,0.0,,1.0,1.0,Unknown
THAP6,0.0,,1.0,1.0,Unknown
THAP7,0.0,,1.0,1.0,Unknown
THAP7-AS1,0.0,,1.0,1.0,Unknown
THAP8,0.0,,1.0,1.0,Unknown
THAP9,0.0,,1.0,1.0,Unknown
THAP9-AS1,0.0,,1.0,1.0,Unknown
TGFBR3,0.0,,1.0,1.0,Unknown
TGFBR3L,0.0,,1.0,1.0,Unknown
TGFBRAP1,0.0,,1.0,1.0,Unknown
TGIF1,0.0,,1.0,1.0,Unknown
TGIF2,0.0,,1.0,1.0,Unknown
TGIF2-C20orf24,0.0,,1.0,1.0,Unknown
TGIF2LX,0.0,,1.0,1.0,Unknown
TGIF2LY,0.0,,1.0,1.0,Unknown
TGM1,0.0,,1.0,1.0,Unknown
TGM2,0.0,,1.0,1.0,Unknown
TGM3,0.0,,1.0,1.0,Unknown
TGM4,0.0,,1.0,1.0,Unknown
TGM5,0.0,,1.0,1.0,Unknown
TGM6,0.0,,1.0,1.0,Unknown
TGM7,0.0,,1.0,1.0,Unknown
TGOLN2,0.0,,1.0,1.0,Unknown
TFIP11,0.0,,1.0,1.0,Unknown
TFPI,0.0,,1.0,1.0,Unknown
TFPI2,0.0,,1.0,1.0,Unknown
TFPT,0.0,,1.0,1.0,Unknown
TFR2,0.0,,1.0,1.0,Unknown
TFRC,0.0,,1.0,1.0,Unknown
TG,0.0,,1.0,1.0,Unknown
TGDS,0.0,,1.0,1.0,Unknown
TGFA,0.0,,1.0,1.0,Unknown
TGFB1,0.0,,1.0,1.0,Unknown
TGFB1I1,0.0,,1.0,1.0,Unknown
TGFB2,0.0,,1.0,1.0,Unknown
TGFB3,0.0,,1.0,1.0,Unknown
TGFBI,0.0,,1.0,1.0,Unknown
TGFBR1,0.0,,1.0,1.0,Unknown
TGFBR2,0.0,,1.0,1.0,Unknown
TFAP2E,0.0,,1.0,1.0,Unknown
TFAP4,0.0,,1.0,1.0,Unknown
TFB1M,0.0,,1.0,1.0,Unknown
TFB2M,0.0,,1.0,1.0,Unknown
TFCP2,0.0,,1.0,1.0,Unknown
TFCP2L1,0.0,,1.0,1.0,Unknown
TFDP1,0.0,,1.0,1.0,Unknown
TFDP2,0.0,,1.0,1.0,Unknown
TFDP3,0.0,,1.0,1.0,Unknown
TFE3,0.0,,1.0,1.0,Unknown
TFEB,0.0,,1.0,1.0,Unknown
TFEC,0.0,,1.0,1.0,Unknown
TFF1,0.0,,1.0,1.0,Unknown
TFF2,0.0,,1.0,1.0,Unknown
TFF3,0.0,,1.0,1.0,Unknown
TFG,0.0,,1.0,1.0,Unknown
TEX29,0.0,,1.0,1.0,Unknown
TEX30,0.0,,1.0,1.0,Unknown
TEX33,0.0,,1.0,1.0,Unknown
TEX35,0.0,,1.0,1.0,Unknown
TEX36,0.0,,1.0,1.0,Unknown
TEX37,0.0,,1.0,1.0,Unknown
TEX38,0.0,,1.0,1.0,Unknown
TEX41,0.0,,1.0,1.0,Unknown
TEX9,0.0,,1.0,1.0,Unknown
TF,0.0,,1.0,1.0,Unknown
TFAM,0.0,,1.0,1.0,Unknown
TFAMP1,0.0,,1.0,1.0,Unknown
TFAP2A,0.0,,1.0,1.0,Unknown
TFAP2B,0.0,,1.0,1.0,Unknown
TFAP2C,0.0,,1.0,1.0,Unknown
TFAP2D,0.0,,1.0,1.0,Unknown
TEX101,0.0,,1.0,1.0,Unknown
TEX11,0.0,,1.0,1.0,Unknown
TEX12,0.0,,1.0,1.0,Unknown
TEX13A,0.0,,1.0,1.0,Unknown
TEX13B,0.0,,1.0,1.0,Unknown
TEX14,0.0,,1.0,1.0,Unknown
TEX15,0.0,,1.0,1.0,Unknown
TEX19,0.0,,1.0,1.0,Unknown
TEX2,0.0,,1.0,1.0,Unknown
TEX21P,0.0,,1.0,1.0,Unknown
TEX22,0.0,,1.0,1.0,Unknown
TEX26,0.0,,1.0,1.0,Unknown
TEX26-AS1,0.0,,1.0,1.0,Unknown
TEX261,0.0,,1.0,1.0,Unknown
TEX264,0.0,,1.0,1.0,Unknown
TEX28,0.0,,1.0,1.0,Unknown
TEP1,0.0,,1.0,1.0,Unknown
TEPP,0.0,,1.0,1.0,Unknown
TERC,0.0,,1.0,1.0,Unknown
TERF1,0.0,,1.0,1.0,Unknown
TERF2,0.0,,1.0,1.0,Unknown
TERF2IP,0.0,,1.0,1.0,Unknown
TERT,0.0,,1.0,1.0,Unknown
TES,0.0,,1.0,1.0,Unknown
TESC,0.0,,1.0,1.0,Unknown
TESK1,0.0,,1.0,1.0,Unknown
TESK2,0.0,,1.0,1.0,Unknown
TESPA1,0.0,,1.0,1.0,Unknown
TET1,0.0,,1.0,1.0,Unknown
TET2,0.0,,1.0,1.0,Unknown
TET3,0.0,,1.0,1.0,Unknown
TEX10,0.0,,1.0,1.0,Unknown
TEF,0.0,,1.0,1.0,Unknown
TEFM,0.0,,1.0,1.0,Unknown
TEK,0.0,,1.0,1.0,Unknown
TEKT1,0.0,,1.0,1.0,Unknown
TEKT2,0.0,,1.0,1.0,Unknown
TEKT3,0.0,,1.0,1.0,Unknown
TEKT4,0.0,,1.0,1.0,Unknown
TEKT4P2,0.0,,1.0,1.0,Unknown
TEKT5,0.0,,1.0,1.0,Unknown
TELO2,0.0,,1.0,1.0,Unknown
TEN1,0.0,,1.0,1.0,Unknown
TEN1-CDK3,0.0,,1.0,1.0,Unknown
TENM1,0.0,,1.0,1.0,Unknown
TENM2,0.0,,1.0,1.0,Unknown
TENM3,0.0,,1.0,1.0,Unknown
TENM4,0.0,,1.0,1.0,Unknown
TDRD9,0.0,,1.0,1.0,Unknown
TDRG1,0.0,,1.0,1.0,Unknown
TDRKH,0.0,,1.0,1.0,Unknown
TDRP,0.0,,1.0,1.0,Unknown
TEAD1,0.0,,1.0,1.0,Unknown
TEAD2,0.0,,1.0,1.0,Unknown
TEAD3,0.0,,1.0,1.0,Unknown
TEAD4,0.0,,1.0,1.0,Unknown
TEC,0.0,,1.0,1.0,Unknown
TECPR1,0.0,,1.0,1.0,Unknown
TECPR2,0.0,,1.0,1.0,Unknown
TECR,0.0,,1.0,1.0,Unknown
TECRL,0.0,,1.0,1.0,Unknown
TECTA,0.0,,1.0,1.0,Unknown
TECTB,0.0,,1.0,1.0,Unknown
TEDDM1,0.0,,1.0,1.0,Unknown
TCTN2,0.0,,1.0,1.0,Unknown
TCTN3,0.0,,1.0,1.0,Unknown
TDG,0.0,,1.0,1.0,Unknown
TDGF1,0.0,,1.0,1.0,Unknown
TDGF1P3,0.0,,1.0,1.0,Unknown
TDH,0.0,,1.0,1.0,Unknown
TDO2,0.0,,1.0,1.0,Unknown
TDP1,0.0,,1.0,1.0,Unknown
TDP2,0.0,,1.0,1.0,Unknown
TDRD1,0.0,,1.0,1.0,Unknown
TDRD10,0.0,,1.0,1.0,Unknown
TDRD12,0.0,,1.0,1.0,Unknown
TDRD3,0.0,,1.0,1.0,Unknown
TDRD5,0.0,,1.0,1.0,Unknown
TDRD6,0.0,,1.0,1.0,Unknown
TDRD7,0.0,,1.0,1.0,Unknown
TCOF1,0.0,,1.0,1.0,Unknown
TCP1,0.0,,1.0,1.0,Unknown
TCP10,0.0,,1.0,1.0,Unknown
TCP10L,0.0,,1.0,1.0,Unknown
TCP10L2,0.0,,1.0,1.0,Unknown
TCP11,0.0,,1.0,1.0,Unknown
TCP11L1,0.0,,1.0,1.0,Unknown
TCP11L2,0.0,,1.0,1.0,Unknown
TCP11X2,0.0,,1.0,1.0,Unknown
TCTA,0.0,,1.0,1.0,Unknown
TCTE1,0.0,,1.0,1.0,Unknown
TCTE3,0.0,,1.0,1.0,Unknown
TCTEX1D1,0.0,,1.0,1.0,Unknown
TCTEX1D2,0.0,,1.0,1.0,Unknown
TCTEX1D4,0.0,,1.0,1.0,Unknown
TCTN1,0.0,,1.0,1.0,Unknown
TCF25,0.0,,1.0,1.0,Unknown
TCF3,0.0,,1.0,1.0,Unknown
TCF4,0.0,,1.0,1.0,Unknown
TCF7,0.0,,1.0,1.0,Unknown
TCF7L1,0.0,,1.0,1.0,Unknown
TCF7L2,0.0,,1.0,1.0,Unknown
TCFL5,0.0,,1.0,1.0,Unknown
TCHH,0.0,,1.0,1.0,Unknown
TCHHL1,0.0,,1.0,1.0,Unknown
TCHP,0.0,,1.0,1.0,Unknown
TCIRG1,0.0,,1.0,1.0,Unknown
TCL1A,0.0,,1.0,1.0,Unknown
TCL1B,0.0,,1.0,1.0,Unknown
TCL6,0.0,,1.0,1.0,Unknown
TCN1,0.0,,1.0,1.0,Unknown
TCN2,0.0,,1.0,1.0,Unknown
TCEAL4,0.0,,1.0,1.0,Unknown
TCEAL5,0.0,,1.0,1.0,Unknown
TCEAL6,0.0,,1.0,1.0,Unknown
TCEAL7,0.0,,1.0,1.0,Unknown
TCEAL8,0.0,,1.0,1.0,Unknown
TCEANC,0.0,,1.0,1.0,Unknown
TCEANC2,0.0,,1.0,1.0,Unknown
TCERG1,0.0,,1.0,1.0,Unknown
TCERG1L,0.0,,1.0,1.0,Unknown
TCF12,0.0,,1.0,1.0,Unknown
TCF15,0.0,,1.0,1.0,Unknown
TCF19,0.0,,1.0,1.0,Unknown
TCF20,0.0,,1.0,1.0,Unknown
TCF21,0.0,,1.0,1.0,Unknown
TCF23,0.0,,1.0,1.0,Unknown
TCF24,0.0,,1.0,1.0,Unknown
TBX4,0.0,,1.0,1.0,Unknown
TBX5,0.0,,1.0,1.0,Unknown
TBX5-AS1,0.0,,1.0,1.0,Unknown
TBX6,0.0,,1.0,1.0,Unknown
TBXA2R,0.0,,1.0,1.0,Unknown
TBXAS1,0.0,,1.0,1.0,Unknown
TC2N,0.0,,1.0,1.0,Unknown
TCAIM,0.0,,1.0,1.0,Unknown
TCAM1P,0.0,,1.0,1.0,Unknown
TCAP,0.0,,1.0,1.0,Unknown
TCEA1,0.0,,1.0,1.0,Unknown
TCEA2,0.0,,1.0,1.0,Unknown
TCEA3,0.0,,1.0,1.0,Unknown
TCEAL1,0.0,,1.0,1.0,Unknown
TCEAL2,0.0,,1.0,1.0,Unknown
TCEAL3,0.0,,1.0,1.0,Unknown
TBP,0.0,,1.0,1.0,Unknown
TBPL1,0.0,,1.0,1.0,Unknown
TBPL2,0.0,,1.0,1.0,Unknown
TBR1,0.0,,1.0,1.0,Unknown
TBRG1,0.0,,1.0,1.0,Unknown
TBRG4,0.0,,1.0,1.0,Unknown
TBX1,0.0,,1.0,1.0,Unknown
TBX10,0.0,,1.0,1.0,Unknown
TBX15,0.0,,1.0,1.0,Unknown
TBX18,0.0,,1.0,1.0,Unknown
TBX19,0.0,,1.0,1.0,Unknown
TBX2,0.0,,1.0,1.0,Unknown
TBX20,0.0,,1.0,1.0,Unknown
TBX21,0.0,,1.0,1.0,Unknown
TBX22,0.0,,1.0,1.0,Unknown
TBX3,0.0,,1.0,1.0,Unknown
TBC1D9B,0.0,,1.0,1.0,Unknown
TBCA,0.0,,1.0,1.0,Unknown
TBCB,0.0,,1.0,1.0,Unknown
TBCC,0.0,,1.0,1.0,Unknown
TBCCD1,0.0,,1.0,1.0,Unknown
TBCD,0.0,,1.0,1.0,Unknown
TBCE,0.0,,1.0,1.0,Unknown
TBCEL,0.0,,1.0,1.0,Unknown
TBCK,0.0,,1.0,1.0,Unknown
TBK1,0.0,,1.0,1.0,Unknown
TBKBP1,0.0,,1.0,1.0,Unknown
TBL1X,0.0,,1.0,1.0,Unknown
TBL1XR1,0.0,,1.0,1.0,Unknown
TBL1Y,0.0,,1.0,1.0,Unknown
TBL2,0.0,,1.0,1.0,Unknown
TBL3,0.0,,1.0,1.0,Unknown
TBC1D3,0.0,,1.0,1.0,Unknown
TBC1D30,0.0,,1.0,1.0,Unknown
TBC1D3B,0.0,,1.0,1.0,Unknown
TBC1D3C,0.0,,1.0,1.0,Unknown
TBC1D3F,0.0,,1.0,1.0,Unknown
TBC1D3G,0.0,,1.0,1.0,Unknown
TBC1D3H,0.0,,1.0,1.0,Unknown
TBC1D3P1-DHX40P1,0.0,,1.0,1.0,Unknown
TBC1D3P2,0.0,,1.0,1.0,Unknown
TBC1D3P5,0.0,,1.0,1.0,Unknown
TBC1D4,0.0,,1.0,1.0,Unknown
TBC1D5,0.0,,1.0,1.0,Unknown
TBC1D7,0.0,,1.0,1.0,Unknown
TBC1D8,0.0,,1.0,1.0,Unknown
TBC1D8B,0.0,,1.0,1.0,Unknown
TBC1D9,0.0,,1.0,1.0,Unknown
TBC1D15,0.0,,1.0,1.0,Unknown
TBC1D16,0.0,,1.0,1.0,Unknown
TBC1D17,0.0,,1.0,1.0,Unknown
TBC1D19,0.0,,1.0,1.0,Unknown
TBC1D2,0.0,,1.0,1.0,Unknown
TBC1D20,0.0,,1.0,1.0,Unknown
TBC1D21,0.0,,1.0,1.0,Unknown
TBC1D22A,0.0,,1.0,1.0,Unknown
TBC1D22B,0.0,,1.0,1.0,Unknown
TBC1D23,0.0,,1.0,1.0,Unknown
TBC1D24,0.0,,1.0,1.0,Unknown
TBC1D25,0.0,,1.0,1.0,Unknown
TBC1D26,0.0,,1.0,1.0,Unknown
TBC1D28,0.0,,1.0,1.0,Unknown
TBC1D29,0.0,,1.0,1.0,Unknown
TBC1D2B,0.0,,1.0,1.0,Unknown
TASP1,0.0,,1.0,1.0,Unknown
TAT,0.0,,1.0,1.0,Unknown
TATDN1,0.0,,1.0,1.0,Unknown
TATDN2,0.0,,1.0,1.0,Unknown
TATDN3,0.0,,1.0,1.0,Unknown
TAX1BP1,0.0,,1.0,1.0,Unknown
TAX1BP3,0.0,,1.0,1.0,Unknown
TAZ,0.0,,1.0,1.0,Unknown
TBATA,0.0,,1.0,1.0,Unknown
TBC1D1,0.0,,1.0,1.0,Unknown
TBC1D10A,0.0,,1.0,1.0,Unknown
TBC1D10B,0.0,,1.0,1.0,Unknown
TBC1D10C,0.0,,1.0,1.0,Unknown
TBC1D12,0.0,,1.0,1.0,Unknown
TBC1D13,0.0,,1.0,1.0,Unknown
TBC1D14,0.0,,1.0,1.0,Unknown
TAS2R30,0.0,,1.0,1.0,Unknown
TAS2R31,0.0,,1.0,1.0,Unknown
TAS2R38,0.0,,1.0,1.0,Unknown
TAS2R39,0.0,,1.0,1.0,Unknown
TAS2R4,0.0,,1.0,1.0,Unknown
TAS2R40,0.0,,1.0,1.0,Unknown
TAS2R41,0.0,,1.0,1.0,Unknown
TAS2R42,0.0,,1.0,1.0,Unknown
TAS2R43,0.0,,1.0,1.0,Unknown
TAS2R46,0.0,,1.0,1.0,Unknown
TAS2R5,0.0,,1.0,1.0,Unknown
TAS2R50,0.0,,1.0,1.0,Unknown
TAS2R60,0.0,,1.0,1.0,Unknown
TAS2R7,0.0,,1.0,1.0,Unknown
TAS2R8,0.0,,1.0,1.0,Unknown
TAS2R9,0.0,,1.0,1.0,Unknown
TARDBP,0.0,,1.0,1.0,Unknown
TARM1,0.0,,1.0,1.0,Unknown
TARS,0.0,,1.0,1.0,Unknown
TARS2,0.0,,1.0,1.0,Unknown
TARSL2,0.0,,1.0,1.0,Unknown
TAS1R1,0.0,,1.0,1.0,Unknown
TAS1R2,0.0,,1.0,1.0,Unknown
TAS1R3,0.0,,1.0,1.0,Unknown
TAS2R1,0.0,,1.0,1.0,Unknown
TAS2R10,0.0,,1.0,1.0,Unknown
TAS2R13,0.0,,1.0,1.0,Unknown
TAS2R14,0.0,,1.0,1.0,Unknown
TAS2R16,0.0,,1.0,1.0,Unknown
TAS2R19,0.0,,1.0,1.0,Unknown
TAS2R20,0.0,,1.0,1.0,Unknown
TAS2R3,0.0,,1.0,1.0,Unknown
TANC1,0.0,,1.0,1.0,Unknown
TANC2,0.0,,1.0,1.0,Unknown
TANGO2,0.0,,1.0,1.0,Unknown
TANGO6,0.0,,1.0,1.0,Unknown
TANK,0.0,,1.0,1.0,Unknown
TAOK1,0.0,,1.0,1.0,Unknown
TAOK2,0.0,,1.0,1.0,Unknown
TAOK3,0.0,,1.0,1.0,Unknown
TAP1,0.0,,1.0,1.0,Unknown
TAP2,0.0,,1.0,1.0,Unknown
TAPBP,0.0,,1.0,1.0,Unknown
TAPBPL,0.0,,1.0,1.0,Unknown
TAPT1,0.0,,1.0,1.0,Unknown
TAPT1-AS1,0.0,,1.0,1.0,Unknown
TARBP1,0.0,,1.0,1.0,Unknown
TARBP2,0.0,,1.0,1.0,Unknown
TAF5L,0.0,,1.0,1.0,Unknown
TAF6,0.0,,1.0,1.0,Unknown
TAF6L,0.0,,1.0,1.0,Unknown
TAF7,0.0,,1.0,1.0,Unknown
TAF7L,0.0,,1.0,1.0,Unknown
TAF8,0.0,,1.0,1.0,Unknown
TAF9,0.0,,1.0,1.0,Unknown
TAF9B,0.0,,1.0,1.0,Unknown
TAGAP,0.0,,1.0,1.0,Unknown
TAGLN,0.0,,1.0,1.0,Unknown
TAGLN2,0.0,,1.0,1.0,Unknown
TAGLN3,0.0,,1.0,1.0,Unknown
TAL1,0.0,,1.0,1.0,Unknown
TAL2,0.0,,1.0,1.0,Unknown
TALDO1,0.0,,1.0,1.0,Unknown
TAMM41,0.0,,1.0,1.0,Unknown
TAF1,0.0,,1.0,1.0,Unknown
TAF10,0.0,,1.0,1.0,Unknown
TAF11,0.0,,1.0,1.0,Unknown
TAF12,0.0,,1.0,1.0,Unknown
TAF13,0.0,,1.0,1.0,Unknown
TAF15,0.0,,1.0,1.0,Unknown
TAF1A,0.0,,1.0,1.0,Unknown
TAF1B,0.0,,1.0,1.0,Unknown
TAF1C,0.0,,1.0,1.0,Unknown
TAF1D,0.0,,1.0,1.0,Unknown
TAF1L,0.0,,1.0,1.0,Unknown
TAF2,0.0,,1.0,1.0,Unknown
TAF3,0.0,,1.0,1.0,Unknown
TAF4,0.0,,1.0,1.0,Unknown
TAF4B,0.0,,1.0,1.0,Unknown
TAF5,0.0,,1.0,1.0,Unknown
TAB3,0.0,,1.0,1.0,Unknown
TAC1,0.0,,1.0,1.0,Unknown
TAC3,0.0,,1.0,1.0,Unknown
TAC4,0.0,,1.0,1.0,Unknown
TACC1,0.0,,1.0,1.0,Unknown
TACC2,0.0,,1.0,1.0,Unknown
TACC3,0.0,,1.0,1.0,Unknown
TACO1,0.0,,1.0,1.0,Unknown
TACR1,0.0,,1.0,1.0,Unknown
TACR2,0.0,,1.0,1.0,Unknown
TACR3,0.0,,1.0,1.0,Unknown
TACSTD2,0.0,,1.0,1.0,Unknown
TADA1,0.0,,1.0,1.0,Unknown
TADA2A,0.0,,1.0,1.0,Unknown
TADA2B,0.0,,1.0,1.0,Unknown
TADA3,0.0,,1.0,1.0,Unknown
SYTL2,0.0,,1.0,1.0,Unknown
SYTL3,0.0,,1.0,1.0,Unknown
SYTL4,0.0,,1.0,1.0,Unknown
SYTL5,0.0,,1.0,1.0,Unknown
SYVN1,0.0,,1.0,1.0,Unknown
SZRD1,0.0,,1.0,1.0,Unknown
SZT2,0.0,,1.0,1.0,Unknown
T,0.0,,1.0,1.0,Unknown
TAAR1,0.0,,1.0,1.0,Unknown
TAAR2,0.0,,1.0,1.0,Unknown
TAAR5,0.0,,1.0,1.0,Unknown
TAAR6,0.0,,1.0,1.0,Unknown
TAAR8,0.0,,1.0,1.0,Unknown
TAAR9,0.0,,1.0,1.0,Unknown
TAB1,0.0,,1.0,1.0,Unknown
TAB2,0.0,,1.0,1.0,Unknown
SYT11,0.0,,1.0,1.0,Unknown
SYT12,0.0,,1.0,1.0,Unknown
SYT13,0.0,,1.0,1.0,Unknown
SYT14,0.0,,1.0,1.0,Unknown
SYT15,0.0,,1.0,1.0,Unknown
SYT16,0.0,,1.0,1.0,Unknown
SYT17,0.0,,1.0,1.0,Unknown
SYT2,0.0,,1.0,1.0,Unknown
SYT3,0.0,,1.0,1.0,Unknown
SYT4,0.0,,1.0,1.0,Unknown
SYT5,0.0,,1.0,1.0,Unknown
SYT6,0.0,,1.0,1.0,Unknown
SYT7,0.0,,1.0,1.0,Unknown
SYT8,0.0,,1.0,1.0,Unknown
SYT9,0.0,,1.0,1.0,Unknown
SYTL1,0.0,,1.0,1.0,Unknown
SYNJ2BP,0.0,,1.0,1.0,Unknown
SYNJ2BP-COX16,0.0,,1.0,1.0,Unknown
SYNM,0.0,,1.0,1.0,Unknown
SYNPO,0.0,,1.0,1.0,Unknown
SYNPO2,0.0,,1.0,1.0,Unknown
SYNPO2L,0.0,,1.0,1.0,Unknown
SYNPR,0.0,,1.0,1.0,Unknown
SYNPR-AS1,0.0,,1.0,1.0,Unknown
SYNRG,0.0,,1.0,1.0,Unknown
SYP,0.0,,1.0,1.0,Unknown
SYPL1,0.0,,1.0,1.0,Unknown
SYPL2,0.0,,1.0,1.0,Unknown
SYS1,0.0,,1.0,1.0,Unknown
SYS1-DBNDD2,0.0,,1.0,1.0,Unknown
SYT1,0.0,,1.0,1.0,Unknown
SYT10,0.0,,1.0,1.0,Unknown
SYNC,0.0,,1.0,1.0,Unknown
SYNCRIP,0.0,,1.0,1.0,Unknown
SYNDIG1,0.0,,1.0,1.0,Unknown
SYNDIG1L,0.0,,1.0,1.0,Unknown
SYNE1,0.0,,1.0,1.0,Unknown
SYNE2,0.0,,1.0,1.0,Unknown
SYNE3,0.0,,1.0,1.0,Unknown
SYNE4,0.0,,1.0,1.0,Unknown
SYNGAP1,0.0,,1.0,1.0,Unknown
SYNGR1,0.0,,1.0,1.0,Unknown
SYNGR2,0.0,,1.0,1.0,Unknown
SYNGR3,0.0,,1.0,1.0,Unknown
SYNGR4,0.0,,1.0,1.0,Unknown
SYNJ1,0.0,,1.0,1.0,Unknown
SYNJ2,0.0,,1.0,1.0,Unknown
SYNJ2-IT1,0.0,,1.0,1.0,Unknown
SYCE1L,0.0,,1.0,1.0,Unknown
SYCE2,0.0,,1.0,1.0,Unknown
SYCE3,0.0,,1.0,1.0,Unknown
SYCN,0.0,,1.0,1.0,Unknown
SYCP1,0.0,,1.0,1.0,Unknown
SYCP2,0.0,,1.0,1.0,Unknown
SYCP2L,0.0,,1.0,1.0,Unknown
SYCP3,0.0,,1.0,1.0,Unknown
SYDE1,0.0,,1.0,1.0,Unknown
SYDE2,0.0,,1.0,1.0,Unknown
SYF2,0.0,,1.0,1.0,Unknown
SYK,0.0,,1.0,1.0,Unknown
SYMPK,0.0,,1.0,1.0,Unknown
SYN1,0.0,,1.0,1.0,Unknown
SYN2,0.0,,1.0,1.0,Unknown
SYN3,0.0,,1.0,1.0,Unknown
SUZ12P1,0.0,,1.0,1.0,Unknown
SV2A,0.0,,1.0,1.0,Unknown
SV2B,0.0,,1.0,1.0,Unknown
SV2C,0.0,,1.0,1.0,Unknown
SVEP1,0.0,,1.0,1.0,Unknown
SVIL,0.0,,1.0,1.0,Unknown
SVIP,0.0,,1.0,1.0,Unknown
SVOP,0.0,,1.0,1.0,Unknown
SVOPL,0.0,,1.0,1.0,Unknown
SWAP70,0.0,,1.0,1.0,Unknown
SWI5,0.0,,1.0,1.0,Unknown
SWSAP1,0.0,,1.0,1.0,Unknown
SWT1,0.0,,1.0,1.0,Unknown
SYAP1,0.0,,1.0,1.0,Unknown
SYBU,0.0,,1.0,1.0,Unknown
SYCE1,0.0,,1.0,1.0,Unknown
SUPT5H,0.0,,1.0,1.0,Unknown
SUPT6H,0.0,,1.0,1.0,Unknown
SUPT7L,0.0,,1.0,1.0,Unknown
SUPV3L1,0.0,,1.0,1.0,Unknown
SURF1,0.0,,1.0,1.0,Unknown
SURF2,0.0,,1.0,1.0,Unknown
SURF4,0.0,,1.0,1.0,Unknown
SURF6,0.0,,1.0,1.0,Unknown
SUSD1,0.0,,1.0,1.0,Unknown
SUSD2,0.0,,1.0,1.0,Unknown
SUSD3,0.0,,1.0,1.0,Unknown
SUSD4,0.0,,1.0,1.0,Unknown
SUSD5,0.0,,1.0,1.0,Unknown
SUV39H1,0.0,,1.0,1.0,Unknown
SUV39H2,0.0,,1.0,1.0,Unknown
SUZ12,0.0,,1.0,1.0,Unknown
SUMO1P1,0.0,,1.0,1.0,Unknown
SUMO1P3,0.0,,1.0,1.0,Unknown
SUMO2,0.0,,1.0,1.0,Unknown
SUMO3,0.0,,1.0,1.0,Unknown
SUMO4,0.0,,1.0,1.0,Unknown
SUN1,0.0,,1.0,1.0,Unknown
SUN2,0.0,,1.0,1.0,Unknown
SUN3,0.0,,1.0,1.0,Unknown
SUN5,0.0,,1.0,1.0,Unknown
SUOX,0.0,,1.0,1.0,Unknown
SUPT16H,0.0,,1.0,1.0,Unknown
SUPT20H,0.0,,1.0,1.0,Unknown
SUPT20HL1,0.0,,1.0,1.0,Unknown
SUPT20HL2,0.0,,1.0,1.0,Unknown
SUPT3H,0.0,,1.0,1.0,Unknown
SUPT4H1,0.0,,1.0,1.0,Unknown
SULT1A2,0.0,,1.0,1.0,Unknown
SULT1A3,0.0,,1.0,1.0,Unknown
SULT1A4,0.0,,1.0,1.0,Unknown
SULT1B1,0.0,,1.0,1.0,Unknown
SULT1C2,0.0,,1.0,1.0,Unknown
SULT1C2P1,0.0,,1.0,1.0,Unknown
SULT1C3,0.0,,1.0,1.0,Unknown
SULT1C4,0.0,,1.0,1.0,Unknown
SULT1E1,0.0,,1.0,1.0,Unknown
SULT2A1,0.0,,1.0,1.0,Unknown
SULT2B1,0.0,,1.0,1.0,Unknown
SULT4A1,0.0,,1.0,1.0,Unknown
SULT6B1,0.0,,1.0,1.0,Unknown
SUMF1,0.0,,1.0,1.0,Unknown
SUMF2,0.0,,1.0,1.0,Unknown
SUMO1,0.0,,1.0,1.0,Unknown
SUB1,0.0,,1.0,1.0,Unknown
SUCLA2,0.0,,1.0,1.0,Unknown
SUCLG1,0.0,,1.0,1.0,Unknown
SUCLG2,0.0,,1.0,1.0,Unknown
SUCNR1,0.0,,1.0,1.0,Unknown
SUCO,0.0,,1.0,1.0,Unknown
SUDS3,0.0,,1.0,1.0,Unknown
SUFU,0.0,,1.0,1.0,Unknown
SUGP1,0.0,,1.0,1.0,Unknown
SUGP2,0.0,,1.0,1.0,Unknown
SUGT1,0.0,,1.0,1.0,Unknown
SUGT1P1,0.0,,1.0,1.0,Unknown
SUGT1P3,0.0,,1.0,1.0,Unknown
SULF1,0.0,,1.0,1.0,Unknown
SULF2,0.0,,1.0,1.0,Unknown
SULT1A1,0.0,,1.0,1.0,Unknown
STX4,0.0,,1.0,1.0,Unknown
STX5,0.0,,1.0,1.0,Unknown
STX6,0.0,,1.0,1.0,Unknown
STX7,0.0,,1.0,1.0,Unknown
STX8,0.0,,1.0,1.0,Unknown
STXBP1,0.0,,1.0,1.0,Unknown
STXBP2,0.0,,1.0,1.0,Unknown
STXBP3,0.0,,1.0,1.0,Unknown
STXBP4,0.0,,1.0,1.0,Unknown
STXBP5,0.0,,1.0,1.0,Unknown
STXBP5-AS1,0.0,,1.0,1.0,Unknown
STXBP5L,0.0,,1.0,1.0,Unknown
STXBP6,0.0,,1.0,1.0,Unknown
STYK1,0.0,,1.0,1.0,Unknown
STYX,0.0,,1.0,1.0,Unknown
STYXL1,0.0,,1.0,1.0,Unknown
STT3A,0.0,,1.0,1.0,Unknown
STT3B,0.0,,1.0,1.0,Unknown
STUB1,0.0,,1.0,1.0,Unknown
STX10,0.0,,1.0,1.0,Unknown
STX11,0.0,,1.0,1.0,Unknown
STX12,0.0,,1.0,1.0,Unknown
STX16,0.0,,1.0,1.0,Unknown
STX16-NPEPL1,0.0,,1.0,1.0,Unknown
STX17,0.0,,1.0,1.0,Unknown
STX18,0.0,,1.0,1.0,Unknown
STX18-AS1,0.0,,1.0,1.0,Unknown
STX19,0.0,,1.0,1.0,Unknown
STX1A,0.0,,1.0,1.0,Unknown
STX1B,0.0,,1.0,1.0,Unknown
STX2,0.0,,1.0,1.0,Unknown
STX3,0.0,,1.0,1.0,Unknown
STPG1,0.0,,1.0,1.0,Unknown
STPG2,0.0,,1.0,1.0,Unknown
STPG2-AS1,0.0,,1.0,1.0,Unknown
STRA6,0.0,,1.0,1.0,Unknown
STRA8,0.0,,1.0,1.0,Unknown
STRADA,0.0,,1.0,1.0,Unknown
STRADB,0.0,,1.0,1.0,Unknown
STRAP,0.0,,1.0,1.0,Unknown
STRBP,0.0,,1.0,1.0,Unknown
STRC,0.0,,1.0,1.0,Unknown
STRIP1,0.0,,1.0,1.0,Unknown
STRIP2,0.0,,1.0,1.0,Unknown
STRN,0.0,,1.0,1.0,Unknown
STRN3,0.0,,1.0,1.0,Unknown
STRN4,0.0,,1.0,1.0,Unknown
STS,0.0,,1.0,1.0,Unknown
STK4-AS1,0.0,,1.0,1.0,Unknown
STK40,0.0,,1.0,1.0,Unknown
STMN1,0.0,,1.0,1.0,Unknown
STMN2,0.0,,1.0,1.0,Unknown
STMN3,0.0,,1.0,1.0,Unknown
STMN4,0.0,,1.0,1.0,Unknown
STMND1,0.0,,1.0,1.0,Unknown
STOM,0.0,,1.0,1.0,Unknown
STOML1,0.0,,1.0,1.0,Unknown
STOML2,0.0,,1.0,1.0,Unknown
STOML3,0.0,,1.0,1.0,Unknown
STON1,0.0,,1.0,1.0,Unknown
STON1-GTF2A1L,0.0,,1.0,1.0,Unknown
STON2,0.0,,1.0,1.0,Unknown
STOX1,0.0,,1.0,1.0,Unknown
STOX2,0.0,,1.0,1.0,Unknown
STK17B,0.0,,1.0,1.0,Unknown
STK19,0.0,,1.0,1.0,Unknown
STK24,0.0,,1.0,1.0,Unknown
STK25,0.0,,1.0,1.0,Unknown
STK3,0.0,,1.0,1.0,Unknown
STK31,0.0,,1.0,1.0,Unknown
STK32A,0.0,,1.0,1.0,Unknown
STK32B,0.0,,1.0,1.0,Unknown
STK32C,0.0,,1.0,1.0,Unknown
STK33,0.0,,1.0,1.0,Unknown
STK35,0.0,,1.0,1.0,Unknown
STK36,0.0,,1.0,1.0,Unknown
STK38,0.0,,1.0,1.0,Unknown
STK38L,0.0,,1.0,1.0,Unknown
STK39,0.0,,1.0,1.0,Unknown
STK4,0.0,,1.0,1.0,Unknown
STC2,0.0,,1.0,1.0,Unknown
STEAP1,0.0,,1.0,1.0,Unknown
STEAP1B,0.0,,1.0,1.0,Unknown
STEAP2,0.0,,1.0,1.0,Unknown
STEAP3,0.0,,1.0,1.0,Unknown
STEAP4,0.0,,1.0,1.0,Unknown
STH,0.0,,1.0,1.0,Unknown
STIL,0.0,,1.0,1.0,Unknown
STIM1,0.0,,1.0,1.0,Unknown
STIM2,0.0,,1.0,1.0,Unknown
STIP1,0.0,,1.0,1.0,Unknown
STK10,0.0,,1.0,1.0,Unknown
STK11,0.0,,1.0,1.0,Unknown
STK11IP,0.0,,1.0,1.0,Unknown
STK16,0.0,,1.0,1.0,Unknown
STK17A,0.0,,1.0,1.0,Unknown
STARD7,0.0,,1.0,1.0,Unknown
STARD8,0.0,,1.0,1.0,Unknown
STARD9,0.0,,1.0,1.0,Unknown
STAT1,0.0,,1.0,1.0,Unknown
STAT2,0.0,,1.0,1.0,Unknown
STAT3,0.0,,1.0,1.0,Unknown
STAT4,0.0,,1.0,1.0,Unknown
STAT5A,0.0,,1.0,1.0,Unknown
STAT5B,0.0,,1.0,1.0,Unknown
STAT6,0.0,,1.0,1.0,Unknown
STATH,0.0,,1.0,1.0,Unknown
STAU1,0.0,,1.0,1.0,Unknown
STAU2,0.0,,1.0,1.0,Unknown
STAU2-AS1,0.0,,1.0,1.0,Unknown
STBD1,0.0,,1.0,1.0,Unknown
STC1,0.0,,1.0,1.0,Unknown
STAM,0.0,,1.0,1.0,Unknown
STAM2,0.0,,1.0,1.0,Unknown
STAMBP,0.0,,1.0,1.0,Unknown
STAMBPL1,0.0,,1.0,1.0,Unknown
STAP1,0.0,,1.0,1.0,Unknown
STAP2,0.0,,1.0,1.0,Unknown
STAR,0.0,,1.0,1.0,Unknown
STARD10,0.0,,1.0,1.0,Unknown
STARD13,0.0,,1.0,1.0,Unknown
STARD13-AS,0.0,,1.0,1.0,Unknown
STARD3,0.0,,1.0,1.0,Unknown
STARD3NL,0.0,,1.0,1.0,Unknown
STARD4,0.0,,1.0,1.0,Unknown
STARD4-AS1,0.0,,1.0,1.0,Unknown
STARD5,0.0,,1.0,1.0,Unknown
STARD6,0.0,,1.0,1.0,Unknown
ST8SIA4,0.0,,1.0,1.0,Unknown
ST8SIA5,0.0,,1.0,1.0,Unknown
ST8SIA6,0.0,,1.0,1.0,Unknown
ST8SIA6-AS1,0.0,,1.0,1.0,Unknown
STAB1,0.0,,1.0,1.0,Unknown
STAB2,0.0,,1.0,1.0,Unknown
STAC,0.0,,1.0,1.0,Unknown
STAC2,0.0,,1.0,1.0,Unknown
STAC3,0.0,,1.0,1.0,Unknown
STAG1,0.0,,1.0,1.0,Unknown
STAG2,0.0,,1.0,1.0,Unknown
STAG3,0.0,,1.0,1.0,Unknown
STAG3L1,0.0,,1.0,1.0,Unknown
STAG3L2,0.0,,1.0,1.0,Unknown
STAG3L3,0.0,,1.0,1.0,Unknown
STAG3L4,0.0,,1.0,1.0,Unknown
ST6GAL1,0.0,,1.0,1.0,Unknown
ST6GAL2,0.0,,1.0,1.0,Unknown
ST6GALNAC1,0.0,,1.0,1.0,Unknown
ST6GALNAC2,0.0,,1.0,1.0,Unknown
ST6GALNAC3,0.0,,1.0,1.0,Unknown
ST6GALNAC4,0.0,,1.0,1.0,Unknown
ST6GALNAC5,0.0,,1.0,1.0,Unknown
ST6GALNAC6,0.0,,1.0,1.0,Unknown
ST7,0.0,,1.0,1.0,Unknown
ST7-AS1,0.0,,1.0,1.0,Unknown
ST7-AS2,0.0,,1.0,1.0,Unknown
ST7-OT4,0.0,,1.0,1.0,Unknown
ST7L,0.0,,1.0,1.0,Unknown
ST8SIA1,0.0,,1.0,1.0,Unknown
ST8SIA2,0.0,,1.0,1.0,Unknown
ST8SIA3,0.0,,1.0,1.0,Unknown
SSX8,0.0,,1.0,1.0,Unknown
SSX9,0.0,,1.0,1.0,Unknown
ST13,0.0,,1.0,1.0,Unknown
ST13P4,0.0,,1.0,1.0,Unknown
ST14,0.0,,1.0,1.0,Unknown
ST18,0.0,,1.0,1.0,Unknown
ST20,0.0,,1.0,1.0,Unknown
ST20-MTHFS,0.0,,1.0,1.0,Unknown
ST3GAL1,0.0,,1.0,1.0,Unknown
ST3GAL2,0.0,,1.0,1.0,Unknown
ST3GAL3,0.0,,1.0,1.0,Unknown
ST3GAL4,0.0,,1.0,1.0,Unknown
ST3GAL5,0.0,,1.0,1.0,Unknown
ST3GAL6,0.0,,1.0,1.0,Unknown
ST3GAL6-AS1,0.0,,1.0,1.0,Unknown
ST5,0.0,,1.0,1.0,Unknown
SSTR3,0.0,,1.0,1.0,Unknown
SSTR4,0.0,,1.0,1.0,Unknown
SSTR5,0.0,,1.0,1.0,Unknown
SSTR5-AS1,0.0,,1.0,1.0,Unknown
SSU72,0.0,,1.0,1.0,Unknown
SSUH2,0.0,,1.0,1.0,Unknown
SSX1,0.0,,1.0,1.0,Unknown
SSX2,0.0,,1.0,1.0,Unknown
SSX2B,0.0,,1.0,1.0,Unknown
SSX2IP,0.0,,1.0,1.0,Unknown
SSX3,0.0,,1.0,1.0,Unknown
SSX4,0.0,,1.0,1.0,Unknown
SSX4B,0.0,,1.0,1.0,Unknown
SSX5,0.0,,1.0,1.0,Unknown
SSX6,0.0,,1.0,1.0,Unknown
SSX7,0.0,,1.0,1.0,Unknown
SSH3,0.0,,1.0,1.0,Unknown
SSMEM1,0.0,,1.0,1.0,Unknown
SSNA1,0.0,,1.0,1.0,Unknown
SSPN,0.0,,1.0,1.0,Unknown
SSPO,0.0,,1.0,1.0,Unknown
SSR1,0.0,,1.0,1.0,Unknown
SSR2,0.0,,1.0,1.0,Unknown
SSR3,0.0,,1.0,1.0,Unknown
SSR4,0.0,,1.0,1.0,Unknown
SSR4P1,0.0,,1.0,1.0,Unknown
SSRP1,0.0,,1.0,1.0,Unknown
SSSCA1,0.0,,1.0,1.0,Unknown
SSSCA1-AS1,0.0,,1.0,1.0,Unknown
SST,0.0,,1.0,1.0,Unknown
SSTR1,0.0,,1.0,1.0,Unknown
SSTR2,0.0,,1.0,1.0,Unknown
SRSF8,0.0,,1.0,1.0,Unknown
SRSF9,0.0,,1.0,1.0,Unknown
SRXN1,0.0,,1.0,1.0,Unknown
SRY,0.0,,1.0,1.0,Unknown
SS18,0.0,,1.0,1.0,Unknown
SS18L1,0.0,,1.0,1.0,Unknown
SS18L2,0.0,,1.0,1.0,Unknown
SSB,0.0,,1.0,1.0,Unknown
SSBP1,0.0,,1.0,1.0,Unknown
SSBP2,0.0,,1.0,1.0,Unknown
SSBP3,0.0,,1.0,1.0,Unknown
SSBP4,0.0,,1.0,1.0,Unknown
SSC5D,0.0,,1.0,1.0,Unknown
SSFA2,0.0,,1.0,1.0,Unknown
SSH1,0.0,,1.0,1.0,Unknown
SSH2,0.0,,1.0,1.0,Unknown
SRRM2,0.0,,1.0,1.0,Unknown
SRRM2-AS1,0.0,,1.0,1.0,Unknown
SRRM3,0.0,,1.0,1.0,Unknown
SRRM4,0.0,,1.0,1.0,Unknown
SRRM5,0.0,,1.0,1.0,Unknown
SRRT,0.0,,1.0,1.0,Unknown
SRSF1,0.0,,1.0,1.0,Unknown
SRSF10,0.0,,1.0,1.0,Unknown
SRSF11,0.0,,1.0,1.0,Unknown
SRSF12,0.0,,1.0,1.0,Unknown
SRSF2,0.0,,1.0,1.0,Unknown
SRSF3,0.0,,1.0,1.0,Unknown
SRSF4,0.0,,1.0,1.0,Unknown
SRSF5,0.0,,1.0,1.0,Unknown
SRSF6,0.0,,1.0,1.0,Unknown
SRSF7,0.0,,1.0,1.0,Unknown
SRP14,0.0,,1.0,1.0,Unknown
SRP14-AS1,0.0,,1.0,1.0,Unknown
SRP19,0.0,,1.0,1.0,Unknown
SRP54,0.0,,1.0,1.0,Unknown
SRP68,0.0,,1.0,1.0,Unknown
SRP72,0.0,,1.0,1.0,Unknown
SRP9,0.0,,1.0,1.0,Unknown
SRPK1,0.0,,1.0,1.0,Unknown
SRPK2,0.0,,1.0,1.0,Unknown
SRPK3,0.0,,1.0,1.0,Unknown
SRPRB,0.0,,1.0,1.0,Unknown
SRPX,0.0,,1.0,1.0,Unknown
SRPX2,0.0,,1.0,1.0,Unknown
SRR,0.0,,1.0,1.0,Unknown
SRRD,0.0,,1.0,1.0,Unknown
SRRM1,0.0,,1.0,1.0,Unknown
SREK1,0.0,,1.0,1.0,Unknown
SREK1IP1,0.0,,1.0,1.0,Unknown
SRF,0.0,,1.0,1.0,Unknown
SRFBP1,0.0,,1.0,1.0,Unknown
SRGAP1,0.0,,1.0,1.0,Unknown
SRGAP2,0.0,,1.0,1.0,Unknown
SRGAP2B,0.0,,1.0,1.0,Unknown
SRGAP2C,0.0,,1.0,1.0,Unknown
SRGAP2D,0.0,,1.0,1.0,Unknown
SRGAP3,0.0,,1.0,1.0,Unknown
SRGAP3-AS3,0.0,,1.0,1.0,Unknown
SRGN,0.0,,1.0,1.0,Unknown
SRI,0.0,,1.0,1.0,Unknown
SRL,0.0,,1.0,1.0,Unknown
SRM,0.0,,1.0,1.0,Unknown
SRMS,0.0,,1.0,1.0,Unknown
SPTY2D1-AS1,0.0,,1.0,1.0,Unknown
SPZ1,0.0,,1.0,1.0,Unknown
SQLE,0.0,,1.0,1.0,Unknown
SQSTM1,0.0,,1.0,1.0,Unknown
SRA1,0.0,,1.0,1.0,Unknown
SRBD1,0.0,,1.0,1.0,Unknown
SRC,0.0,,1.0,1.0,Unknown
SRCAP,0.0,,1.0,1.0,Unknown
SRCIN1,0.0,,1.0,1.0,Unknown
SRD5A1,0.0,,1.0,1.0,Unknown
SRD5A1P1,0.0,,1.0,1.0,Unknown
SRD5A2,0.0,,1.0,1.0,Unknown
SRD5A3,0.0,,1.0,1.0,Unknown
SRD5A3-AS1,0.0,,1.0,1.0,Unknown
SREBF1,0.0,,1.0,1.0,Unknown
SREBF2,0.0,,1.0,1.0,Unknown
SPSB2,0.0,,1.0,1.0,Unknown
SPSB3,0.0,,1.0,1.0,Unknown
SPSB4,0.0,,1.0,1.0,Unknown
SPTA1,0.0,,1.0,1.0,Unknown
SPTAN1,0.0,,1.0,1.0,Unknown
SPTB,0.0,,1.0,1.0,Unknown
SPTBN1,0.0,,1.0,1.0,Unknown
SPTBN2,0.0,,1.0,1.0,Unknown
SPTBN4,0.0,,1.0,1.0,Unknown
SPTBN5,0.0,,1.0,1.0,Unknown
SPTLC1,0.0,,1.0,1.0,Unknown
SPTLC2,0.0,,1.0,1.0,Unknown
SPTLC3,0.0,,1.0,1.0,Unknown
SPTSSA,0.0,,1.0,1.0,Unknown
SPTSSB,0.0,,1.0,1.0,Unknown
SPTY2D1,0.0,,1.0,1.0,Unknown
SPRR2C,0.0,,1.0,1.0,Unknown
SPRR2D,0.0,,1.0,1.0,Unknown
SPRR2E,0.0,,1.0,1.0,Unknown
SPRR2F,0.0,,1.0,1.0,Unknown
SPRR2G,0.0,,1.0,1.0,Unknown
SPRR3,0.0,,1.0,1.0,Unknown
SPRR4,0.0,,1.0,1.0,Unknown
SPRTN,0.0,,1.0,1.0,Unknown
SPRY1,0.0,,1.0,1.0,Unknown
SPRY2,0.0,,1.0,1.0,Unknown
SPRY3,0.0,,1.0,1.0,Unknown
SPRY4,0.0,,1.0,1.0,Unknown
SPRYD3,0.0,,1.0,1.0,Unknown
SPRYD4,0.0,,1.0,1.0,Unknown
SPRYD7,0.0,,1.0,1.0,Unknown
SPSB1,0.0,,1.0,1.0,Unknown
SPOPL,0.0,,1.0,1.0,Unknown
SPP1,0.0,,1.0,1.0,Unknown
SPP2,0.0,,1.0,1.0,Unknown
SPPL2A,0.0,,1.0,1.0,Unknown
SPPL2B,0.0,,1.0,1.0,Unknown
SPPL2C,0.0,,1.0,1.0,Unknown
SPPL3,0.0,,1.0,1.0,Unknown
SPR,0.0,,1.0,1.0,Unknown
SPRED1,0.0,,1.0,1.0,Unknown
SPRED2,0.0,,1.0,1.0,Unknown
SPRED3,0.0,,1.0,1.0,Unknown
SPRN,0.0,,1.0,1.0,Unknown
SPRR1A,0.0,,1.0,1.0,Unknown
SPRR1B,0.0,,1.0,1.0,Unknown
SPRR2A,0.0,,1.0,1.0,Unknown
SPRR2B,0.0,,1.0,1.0,Unknown
SPINT3,0.0,,1.0,1.0,Unknown
SPINT4,0.0,,1.0,1.0,Unknown
SPIRE1,0.0,,1.0,1.0,Unknown
SPIRE2,0.0,,1.0,1.0,Unknown
SPN,0.0,,1.0,1.0,Unknown
SPNS1,0.0,,1.0,1.0,Unknown
SPNS2,0.0,,1.0,1.0,Unknown
SPNS3,0.0,,1.0,1.0,Unknown
SPO11,0.0,,1.0,1.0,Unknown
SPOCD1,0.0,,1.0,1.0,Unknown
SPOCK1,0.0,,1.0,1.0,Unknown
SPOCK2,0.0,,1.0,1.0,Unknown
SPOCK3,0.0,,1.0,1.0,Unknown
SPON1,0.0,,1.0,1.0,Unknown
SPON2,0.0,,1.0,1.0,Unknown
SPOP,0.0,,1.0,1.0,Unknown
SPIN2A,0.0,,1.0,1.0,Unknown
SPIN2B,0.0,,1.0,1.0,Unknown
SPIN3,0.0,,1.0,1.0,Unknown
SPIN4,0.0,,1.0,1.0,Unknown
SPINK1,0.0,,1.0,1.0,Unknown
SPINK13,0.0,,1.0,1.0,Unknown
SPINK14,0.0,,1.0,1.0,Unknown
SPINK2,0.0,,1.0,1.0,Unknown
SPINK4,0.0,,1.0,1.0,Unknown
SPINK5,0.0,,1.0,1.0,Unknown
SPINK6,0.0,,1.0,1.0,Unknown
SPINK7,0.0,,1.0,1.0,Unknown
SPINK8,0.0,,1.0,1.0,Unknown
SPINK9,0.0,,1.0,1.0,Unknown
SPINT1,0.0,,1.0,1.0,Unknown
SPINT2,0.0,,1.0,1.0,Unknown
SPEN,0.0,,1.0,1.0,Unknown
SPERT,0.0,,1.0,1.0,Unknown
SPESP1,0.0,,1.0,1.0,Unknown
SPG11,0.0,,1.0,1.0,Unknown
SPG20,0.0,,1.0,1.0,Unknown
SPG21,0.0,,1.0,1.0,Unknown
SPG7,0.0,,1.0,1.0,Unknown
SPHAR,0.0,,1.0,1.0,Unknown
SPHK1,0.0,,1.0,1.0,Unknown
SPHK2,0.0,,1.0,1.0,Unknown
SPHKAP,0.0,,1.0,1.0,Unknown
SPI1,0.0,,1.0,1.0,Unknown
SPIB,0.0,,1.0,1.0,Unknown
SPIC,0.0,,1.0,1.0,Unknown
SPICE1,0.0,,1.0,1.0,Unknown
SPIN1,0.0,,1.0,1.0,Unknown
SPDYE1,0.0,,1.0,1.0,Unknown
SPDYE2,0.0,,1.0,1.0,Unknown
SPDYE2B,0.0,,1.0,1.0,Unknown
SPDYE3,0.0,,1.0,1.0,Unknown
SPDYE4,0.0,,1.0,1.0,Unknown
SPDYE5,0.0,,1.0,1.0,Unknown
SPDYE6,0.0,,1.0,1.0,Unknown
SPDYE7P,0.0,,1.0,1.0,Unknown
SPDYE8P,0.0,,1.0,1.0,Unknown
SPECC1,0.0,,1.0,1.0,Unknown
SPECC1L,0.0,,1.0,1.0,Unknown
SPECC1L-ADORA2A,0.0,,1.0,1.0,Unknown
SPEF1,0.0,,1.0,1.0,Unknown
SPEF2,0.0,,1.0,1.0,Unknown
SPEG,0.0,,1.0,1.0,Unknown
SPEM1,0.0,,1.0,1.0,Unknown
SPATA8-AS1,0.0,,1.0,1.0,Unknown
SPATA9,0.0,,1.0,1.0,Unknown
SPATC1,0.0,,1.0,1.0,Unknown
SPATC1L,0.0,,1.0,1.0,Unknown
SPATS1,0.0,,1.0,1.0,Unknown
SPATS2,0.0,,1.0,1.0,Unknown
SPATS2L,0.0,,1.0,1.0,Unknown
SPC24,0.0,,1.0,1.0,Unknown
SPC25,0.0,,1.0,1.0,Unknown
SPCS1,0.0,,1.0,1.0,Unknown
SPCS2,0.0,,1.0,1.0,Unknown
SPCS3,0.0,,1.0,1.0,Unknown
SPDEF,0.0,,1.0,1.0,Unknown
SPDL1,0.0,,1.0,1.0,Unknown
SPDYA,0.0,,1.0,1.0,Unknown
SPDYC,0.0,,1.0,1.0,Unknown
SPATA31C2,0.0,,1.0,1.0,Unknown
SPATA31D1,0.0,,1.0,1.0,Unknown
SPATA31D3,0.0,,1.0,1.0,Unknown
SPATA31D4,0.0,,1.0,1.0,Unknown
SPATA31D5P,0.0,,1.0,1.0,Unknown
SPATA31E1,0.0,,1.0,1.0,Unknown
SPATA32,0.0,,1.0,1.0,Unknown
SPATA4,0.0,,1.0,1.0,Unknown
SPATA41,0.0,,1.0,1.0,Unknown
SPATA42,0.0,,1.0,1.0,Unknown
SPATA5,0.0,,1.0,1.0,Unknown
SPATA5L1,0.0,,1.0,1.0,Unknown
SPATA6,0.0,,1.0,1.0,Unknown
SPATA6L,0.0,,1.0,1.0,Unknown
SPATA7,0.0,,1.0,1.0,Unknown
SPATA8,0.0,,1.0,1.0,Unknown
SPATA18,0.0,,1.0,1.0,Unknown
SPATA19,0.0,,1.0,1.0,Unknown
SPATA2,0.0,,1.0,1.0,Unknown
SPATA20,0.0,,1.0,1.0,Unknown
SPATA21,0.0,,1.0,1.0,Unknown
SPATA22,0.0,,1.0,1.0,Unknown
SPATA24,0.0,,1.0,1.0,Unknown
SPATA25,0.0,,1.0,1.0,Unknown
SPATA2L,0.0,,1.0,1.0,Unknown
SPATA3,0.0,,1.0,1.0,Unknown
SPATA31A1,0.0,,1.0,1.0,Unknown
SPATA31A3,0.0,,1.0,1.0,Unknown
SPATA31A5,0.0,,1.0,1.0,Unknown
SPATA31A6,0.0,,1.0,1.0,Unknown
SPATA31A7,0.0,,1.0,1.0,Unknown
SPATA31C1,0.0,,1.0,1.0,Unknown
SPANXB1,0.0,,1.0,1.0,Unknown
SPANXC,0.0,,1.0,1.0,Unknown
SPANXD,0.0,,1.0,1.0,Unknown
SPANXN1,0.0,,1.0,1.0,Unknown
SPANXN2,0.0,,1.0,1.0,Unknown
SPANXN3,0.0,,1.0,1.0,Unknown
SPANXN4,0.0,,1.0,1.0,Unknown
SPANXN5,0.0,,1.0,1.0,Unknown
SPARC,0.0,,1.0,1.0,Unknown
SPARCL1,0.0,,1.0,1.0,Unknown
SPAST,0.0,,1.0,1.0,Unknown
SPATA12,0.0,,1.0,1.0,Unknown
SPATA13,0.0,,1.0,1.0,Unknown
SPATA13-AS1,0.0,,1.0,1.0,Unknown
SPATA16,0.0,,1.0,1.0,Unknown
SPATA17,0.0,,1.0,1.0,Unknown
SPAG1,0.0,,1.0,1.0,Unknown
SPAG11A,0.0,,1.0,1.0,Unknown
SPAG11B,0.0,,1.0,1.0,Unknown
SPAG16,0.0,,1.0,1.0,Unknown
SPAG17,0.0,,1.0,1.0,Unknown
SPAG4,0.0,,1.0,1.0,Unknown
SPAG5,0.0,,1.0,1.0,Unknown
SPAG5-AS1,0.0,,1.0,1.0,Unknown
SPAG6,0.0,,1.0,1.0,Unknown
SPAG7,0.0,,1.0,1.0,Unknown
SPAG8,0.0,,1.0,1.0,Unknown
SPAG9,0.0,,1.0,1.0,Unknown
SPAM1,0.0,,1.0,1.0,Unknown
SPANXA1,0.0,,1.0,1.0,Unknown
SPANXA2,0.0,,1.0,1.0,Unknown
SPANXA2-OT1,0.0,,1.0,1.0,Unknown
SP140L,0.0,,1.0,1.0,Unknown
SP2,0.0,,1.0,1.0,Unknown
SP3,0.0,,1.0,1.0,Unknown
SP4,0.0,,1.0,1.0,Unknown
SP5,0.0,,1.0,1.0,Unknown
SP6,0.0,,1.0,1.0,Unknown
SP7,0.0,,1.0,1.0,Unknown
SP8,0.0,,1.0,1.0,Unknown
SP9,0.0,,1.0,1.0,Unknown
SPA17,0.0,,1.0,1.0,Unknown
SPACA1,0.0,,1.0,1.0,Unknown
SPACA3,0.0,,1.0,1.0,Unknown
SPACA4,0.0,,1.0,1.0,Unknown
SPACA5,0.0,,1.0,1.0,Unknown
SPACA5B,0.0,,1.0,1.0,Unknown
SPACA7,0.0,,1.0,1.0,Unknown
SOX18,0.0,,1.0,1.0,Unknown
SOX2,0.0,,1.0,1.0,Unknown
SOX2-OT,0.0,,1.0,1.0,Unknown
SOX21,0.0,,1.0,1.0,Unknown
SOX3,0.0,,1.0,1.0,Unknown
SOX30,0.0,,1.0,1.0,Unknown
SOX4,0.0,,1.0,1.0,Unknown
SOX5,0.0,,1.0,1.0,Unknown
SOX6,0.0,,1.0,1.0,Unknown
SOX7,0.0,,1.0,1.0,Unknown
SOX8,0.0,,1.0,1.0,Unknown
SOX9,0.0,,1.0,1.0,Unknown
SP1,0.0,,1.0,1.0,Unknown
SP100,0.0,,1.0,1.0,Unknown
SP110,0.0,,1.0,1.0,Unknown
SP140,0.0,,1.0,1.0,Unknown
SOS1,0.0,,1.0,1.0,Unknown
SOS2,0.0,,1.0,1.0,Unknown
SOST,0.0,,1.0,1.0,Unknown
SOSTDC1,0.0,,1.0,1.0,Unknown
SOWAHA,0.0,,1.0,1.0,Unknown
SOWAHB,0.0,,1.0,1.0,Unknown
SOWAHC,0.0,,1.0,1.0,Unknown
SOWAHD,0.0,,1.0,1.0,Unknown
SOX1,0.0,,1.0,1.0,Unknown
SOX10,0.0,,1.0,1.0,Unknown
SOX11,0.0,,1.0,1.0,Unknown
SOX12,0.0,,1.0,1.0,Unknown
SOX13,0.0,,1.0,1.0,Unknown
SOX14,0.0,,1.0,1.0,Unknown
SOX15,0.0,,1.0,1.0,Unknown
SOX17,0.0,,1.0,1.0,Unknown
SOD2,0.0,,1.0,1.0,Unknown
SOD3,0.0,,1.0,1.0,Unknown
SOGA1,0.0,,1.0,1.0,Unknown
SOGA3,0.0,,1.0,1.0,Unknown
SOHLH1,0.0,,1.0,1.0,Unknown
SOHLH2,0.0,,1.0,1.0,Unknown
SON,0.0,,1.0,1.0,Unknown
SORBS1,0.0,,1.0,1.0,Unknown
SORBS2,0.0,,1.0,1.0,Unknown
SORBS3,0.0,,1.0,1.0,Unknown
SORCS1,0.0,,1.0,1.0,Unknown
SORCS2,0.0,,1.0,1.0,Unknown
SORCS3,0.0,,1.0,1.0,Unknown
SORD,0.0,,1.0,1.0,Unknown
SORL1,0.0,,1.0,1.0,Unknown
SORT1,0.0,,1.0,1.0,Unknown
SNX6,0.0,,1.0,1.0,Unknown
SNX7,0.0,,1.0,1.0,Unknown
SNX8,0.0,,1.0,1.0,Unknown
SNX9,0.0,,1.0,1.0,Unknown
SOAT1,0.0,,1.0,1.0,Unknown
SOAT2,0.0,,1.0,1.0,Unknown
SOBP,0.0,,1.0,1.0,Unknown
SOCS1,0.0,,1.0,1.0,Unknown
SOCS2,0.0,,1.0,1.0,Unknown
SOCS2-AS1,0.0,,1.0,1.0,Unknown
SOCS3,0.0,,1.0,1.0,Unknown
SOCS4,0.0,,1.0,1.0,Unknown
SOCS5,0.0,,1.0,1.0,Unknown
SOCS6,0.0,,1.0,1.0,Unknown
SOCS7,0.0,,1.0,1.0,Unknown
SOD1,0.0,,1.0,1.0,Unknown
SNX20,0.0,,1.0,1.0,Unknown
SNX21,0.0,,1.0,1.0,Unknown
SNX22,0.0,,1.0,1.0,Unknown
SNX24,0.0,,1.0,1.0,Unknown
SNX25,0.0,,1.0,1.0,Unknown
SNX27,0.0,,1.0,1.0,Unknown
SNX29,0.0,,1.0,1.0,Unknown
SNX29P1,0.0,,1.0,1.0,Unknown
SNX29P2,0.0,,1.0,1.0,Unknown
SNX3,0.0,,1.0,1.0,Unknown
SNX30,0.0,,1.0,1.0,Unknown
SNX31,0.0,,1.0,1.0,Unknown
SNX32,0.0,,1.0,1.0,Unknown
SNX33,0.0,,1.0,1.0,Unknown
SNX4,0.0,,1.0,1.0,Unknown
SNX5,0.0,,1.0,1.0,Unknown
SNTN,0.0,,1.0,1.0,Unknown
SNUPN,0.0,,1.0,1.0,Unknown
SNURF,0.0,,1.0,1.0,Unknown
SNW1,0.0,,1.0,1.0,Unknown
SNX1,0.0,,1.0,1.0,Unknown
SNX10,0.0,,1.0,1.0,Unknown
SNX11,0.0,,1.0,1.0,Unknown
SNX12,0.0,,1.0,1.0,Unknown
SNX13,0.0,,1.0,1.0,Unknown
SNX14,0.0,,1.0,1.0,Unknown
SNX15,0.0,,1.0,1.0,Unknown
SNX16,0.0,,1.0,1.0,Unknown
SNX17,0.0,,1.0,1.0,Unknown
SNX18,0.0,,1.0,1.0,Unknown
SNX19,0.0,,1.0,1.0,Unknown
SNX2,0.0,,1.0,1.0,Unknown
SNRPB,0.0,,1.0,1.0,Unknown
SNRPB2,0.0,,1.0,1.0,Unknown
SNRPC,0.0,,1.0,1.0,Unknown
SNRPD1,0.0,,1.0,1.0,Unknown
SNRPD2,0.0,,1.0,1.0,Unknown
SNRPD2P2,0.0,,1.0,1.0,Unknown
SNRPD3,0.0,,1.0,1.0,Unknown
SNRPE,0.0,,1.0,1.0,Unknown
SNRPF,0.0,,1.0,1.0,Unknown
SNRPG,0.0,,1.0,1.0,Unknown
SNRPN,0.0,,1.0,1.0,Unknown
SNTA1,0.0,,1.0,1.0,Unknown
SNTB1,0.0,,1.0,1.0,Unknown
SNTB2,0.0,,1.0,1.0,Unknown
SNTG1,0.0,,1.0,1.0,Unknown
SNTG2,0.0,,1.0,1.0,Unknown
SNORD96B,0.0,,1.0,1.0,Unknown
SNORD97,0.0,,1.0,1.0,Unknown
SNORD98,0.0,,1.0,1.0,Unknown
SNORD99,0.0,,1.0,1.0,Unknown
SNPH,0.0,,1.0,1.0,Unknown
SNRK,0.0,,1.0,1.0,Unknown
SNRK-AS1,0.0,,1.0,1.0,Unknown
SNRNP200,0.0,,1.0,1.0,Unknown
SNRNP25,0.0,,1.0,1.0,Unknown
SNRNP27,0.0,,1.0,1.0,Unknown
SNRNP35,0.0,,1.0,1.0,Unknown
SNRNP40,0.0,,1.0,1.0,Unknown
SNRNP48,0.0,,1.0,1.0,Unknown
SNRNP70,0.0,,1.0,1.0,Unknown
SNRPA,0.0,,1.0,1.0,Unknown
SNRPA1,0.0,,1.0,1.0,Unknown
SNORD84,0.0,,1.0,1.0,Unknown
SNORD86,0.0,,1.0,1.0,Unknown
SNORD87,0.0,,1.0,1.0,Unknown
SNORD88A,0.0,,1.0,1.0,Unknown
SNORD88B,0.0,,1.0,1.0,Unknown
SNORD88C,0.0,,1.0,1.0,Unknown
SNORD89,0.0,,1.0,1.0,Unknown
SNORD9,0.0,,1.0,1.0,Unknown
SNORD90,0.0,,1.0,1.0,Unknown
SNORD91A,0.0,,1.0,1.0,Unknown
SNORD91B,0.0,,1.0,1.0,Unknown
SNORD92,0.0,,1.0,1.0,Unknown
SNORD93,0.0,,1.0,1.0,Unknown
SNORD94,0.0,,1.0,1.0,Unknown
SNORD95,0.0,,1.0,1.0,Unknown
SNORD96A,0.0,,1.0,1.0,Unknown
SNORD63,0.0,,1.0,1.0,Unknown
SNORD64,0.0,,1.0,1.0,Unknown
SNORD65,0.0,,1.0,1.0,Unknown
SNORD66,0.0,,1.0,1.0,Unknown
SNORD67,0.0,,1.0,1.0,Unknown
SNORD68,0.0,,1.0,1.0,Unknown
SNORD69,0.0,,1.0,1.0,Unknown
SNORD7,0.0,,1.0,1.0,Unknown
SNORD70,0.0,,1.0,1.0,Unknown
SNORD71,0.0,,1.0,1.0,Unknown
SNORD72,0.0,,1.0,1.0,Unknown
SNORD73A,0.0,,1.0,1.0,Unknown
SNORD8,0.0,,1.0,1.0,Unknown
SNORD82,0.0,,1.0,1.0,Unknown
SNORD83A,0.0,,1.0,1.0,Unknown
SNORD83B,0.0,,1.0,1.0,Unknown
SNORD52,0.0,,1.0,1.0,Unknown
SNORD53,0.0,,1.0,1.0,Unknown
SNORD54,0.0,,1.0,1.0,Unknown
SNORD55,0.0,,1.0,1.0,Unknown
SNORD56,0.0,,1.0,1.0,Unknown
SNORD56B,0.0,,1.0,1.0,Unknown
SNORD57,0.0,,1.0,1.0,Unknown
SNORD58A,0.0,,1.0,1.0,Unknown
SNORD58B,0.0,,1.0,1.0,Unknown
SNORD58C,0.0,,1.0,1.0,Unknown
SNORD59A,0.0,,1.0,1.0,Unknown
SNORD6,0.0,,1.0,1.0,Unknown
SNORD60,0.0,,1.0,1.0,Unknown
SNORD61,0.0,,1.0,1.0,Unknown
SNORD62A,0.0,,1.0,1.0,Unknown
SNORD62B,0.0,,1.0,1.0,Unknown
SNORD41,0.0,,1.0,1.0,Unknown
SNORD42A,0.0,,1.0,1.0,Unknown
SNORD42B,0.0,,1.0,1.0,Unknown
SNORD43,0.0,,1.0,1.0,Unknown
SNORD45A,0.0,,1.0,1.0,Unknown
SNORD45B,0.0,,1.0,1.0,Unknown
SNORD45C,0.0,,1.0,1.0,Unknown
SNORD46,0.0,,1.0,1.0,Unknown
SNORD48,0.0,,1.0,1.0,Unknown
SNORD49A,0.0,,1.0,1.0,Unknown
SNORD49B,0.0,,1.0,1.0,Unknown
SNORD4A,0.0,,1.0,1.0,Unknown
SNORD4B,0.0,,1.0,1.0,Unknown
SNORD5,0.0,,1.0,1.0,Unknown
SNORD50B,0.0,,1.0,1.0,Unknown
SNORD51,0.0,,1.0,1.0,Unknown
SNORD26,0.0,,1.0,1.0,Unknown
SNORD27,0.0,,1.0,1.0,Unknown
SNORD28,0.0,,1.0,1.0,Unknown
SNORD30,0.0,,1.0,1.0,Unknown
SNORD32A,0.0,,1.0,1.0,Unknown
SNORD32B,0.0,,1.0,1.0,Unknown
SNORD33,0.0,,1.0,1.0,Unknown
SNORD34,0.0,,1.0,1.0,Unknown
SNORD35A,0.0,,1.0,1.0,Unknown
SNORD35B,0.0,,1.0,1.0,Unknown
SNORD36A,0.0,,1.0,1.0,Unknown
SNORD36B,0.0,,1.0,1.0,Unknown
SNORD36C,0.0,,1.0,1.0,Unknown
SNORD37,0.0,,1.0,1.0,Unknown
SNORD38A,0.0,,1.0,1.0,Unknown
SNORD38B,0.0,,1.0,1.0,Unknown
SNORD17,0.0,,1.0,1.0,Unknown
SNORD18A,0.0,,1.0,1.0,Unknown
SNORD18B,0.0,,1.0,1.0,Unknown
SNORD18C,0.0,,1.0,1.0,Unknown
SNORD19,0.0,,1.0,1.0,Unknown
SNORD19B,0.0,,1.0,1.0,Unknown
SNORD1A,0.0,,1.0,1.0,Unknown
SNORD1B,0.0,,1.0,1.0,Unknown
SNORD1C,0.0,,1.0,1.0,Unknown
SNORD2,0.0,,1.0,1.0,Unknown
SNORD20,0.0,,1.0,1.0,Unknown
SNORD21,0.0,,1.0,1.0,Unknown
SNORD22,0.0,,1.0,1.0,Unknown
SNORD23,0.0,,1.0,1.0,Unknown
SNORD24,0.0,,1.0,1.0,Unknown
SNORD25,0.0,,1.0,1.0,Unknown
SNORD116-9,0.0,,1.0,1.0,Unknown
SNORD117,0.0,,1.0,1.0,Unknown
SNORD11B,0.0,,1.0,1.0,Unknown
SNORD12,0.0,,1.0,1.0,Unknown
SNORD121A,0.0,,1.0,1.0,Unknown
SNORD121B,0.0,,1.0,1.0,Unknown
SNORD123,0.0,,1.0,1.0,Unknown
SNORD124,0.0,,1.0,1.0,Unknown
SNORD125,0.0,,1.0,1.0,Unknown
SNORD126,0.0,,1.0,1.0,Unknown
SNORD127,0.0,,1.0,1.0,Unknown
SNORD12B,0.0,,1.0,1.0,Unknown
SNORD12C,0.0,,1.0,1.0,Unknown
SNORD15A,0.0,,1.0,1.0,Unknown
SNORD15B,0.0,,1.0,1.0,Unknown
SNORD16,0.0,,1.0,1.0,Unknown
SNORD116-20,0.0,,1.0,1.0,Unknown
SNORD116-21,0.0,,1.0,1.0,Unknown
SNORD116-22,0.0,,1.0,1.0,Unknown
SNORD116-23,0.0,,1.0,1.0,Unknown
SNORD116-24,0.0,,1.0,1.0,Unknown
SNORD116-25,0.0,,1.0,1.0,Unknown
SNORD116-26,0.0,,1.0,1.0,Unknown
SNORD116-27,0.0,,1.0,1.0,Unknown
SNORD116-28,0.0,,1.0,1.0,Unknown
SNORD116-29,0.0,,1.0,1.0,Unknown
SNORD116-3,0.0,,1.0,1.0,Unknown
SNORD116-4,0.0,,1.0,1.0,Unknown
SNORD116-5,0.0,,1.0,1.0,Unknown
SNORD116-6,0.0,,1.0,1.0,Unknown
SNORD116-7,0.0,,1.0,1.0,Unknown
SNORD116-8,0.0,,1.0,1.0,Unknown
SNORD115-6,0.0,,1.0,1.0,Unknown
SNORD115-7,0.0,,1.0,1.0,Unknown
SNORD115-8,0.0,,1.0,1.0,Unknown
SNORD115-9,0.0,,1.0,1.0,Unknown
SNORD116-1,0.0,,1.0,1.0,Unknown
SNORD116-10,0.0,,1.0,1.0,Unknown
SNORD116-11,0.0,,1.0,1.0,Unknown
SNORD116-12,0.0,,1.0,1.0,Unknown
SNORD116-13,0.0,,1.0,1.0,Unknown
SNORD116-14,0.0,,1.0,1.0,Unknown
SNORD116-15,0.0,,1.0,1.0,Unknown
SNORD116-16,0.0,,1.0,1.0,Unknown
SNORD116-17,0.0,,1.0,1.0,Unknown
SNORD116-18,0.0,,1.0,1.0,Unknown
SNORD116-19,0.0,,1.0,1.0,Unknown
SNORD116-2,0.0,,1.0,1.0,Unknown
SNORD115-34,0.0,,1.0,1.0,Unknown
SNORD115-35,0.0,,1.0,1.0,Unknown
SNORD115-36,0.0,,1.0,1.0,Unknown
SNORD115-37,0.0,,1.0,1.0,Unknown
SNORD115-38,0.0,,1.0,1.0,Unknown
SNORD115-39,0.0,,1.0,1.0,Unknown
SNORD115-4,0.0,,1.0,1.0,Unknown
SNORD115-40,0.0,,1.0,1.0,Unknown
SNORD115-41,0.0,,1.0,1.0,Unknown
SNORD115-42,0.0,,1.0,1.0,Unknown
SNORD115-43,0.0,,1.0,1.0,Unknown
SNORD115-44,0.0,,1.0,1.0,Unknown
SNORD115-45,0.0,,1.0,1.0,Unknown
SNORD115-47,0.0,,1.0,1.0,Unknown
SNORD115-48,0.0,,1.0,1.0,Unknown
SNORD115-5,0.0,,1.0,1.0,Unknown
SNORD115-2,0.0,,1.0,1.0,Unknown
SNORD115-20,0.0,,1.0,1.0,Unknown
SNORD115-21,0.0,,1.0,1.0,Unknown
SNORD115-22,0.0,,1.0,1.0,Unknown
SNORD115-23,0.0,,1.0,1.0,Unknown
SNORD115-24,0.0,,1.0,1.0,Unknown
SNORD115-25,0.0,,1.0,1.0,Unknown
SNORD115-26,0.0,,1.0,1.0,Unknown
SNORD115-27,0.0,,1.0,1.0,Unknown
SNORD115-28,0.0,,1.0,1.0,Unknown
SNORD115-29,0.0,,1.0,1.0,Unknown
SNORD115-3,0.0,,1.0,1.0,Unknown
SNORD115-30,0.0,,1.0,1.0,Unknown
SNORD115-31,0.0,,1.0,1.0,Unknown
SNORD115-32,0.0,,1.0,1.0,Unknown
SNORD115-33,0.0,,1.0,1.0,Unknown
SNORD114-4,0.0,,1.0,1.0,Unknown
SNORD114-5,0.0,,1.0,1.0,Unknown
SNORD114-6,0.0,,1.0,1.0,Unknown
SNORD114-7,0.0,,1.0,1.0,Unknown
SNORD114-9,0.0,,1.0,1.0,Unknown
SNORD115-1,0.0,,1.0,1.0,Unknown
SNORD115-10,0.0,,1.0,1.0,Unknown
SNORD115-11,0.0,,1.0,1.0,Unknown
SNORD115-12,0.0,,1.0,1.0,Unknown
SNORD115-13,0.0,,1.0,1.0,Unknown
SNORD115-14,0.0,,1.0,1.0,Unknown
SNORD115-15,0.0,,1.0,1.0,Unknown
SNORD115-16,0.0,,1.0,1.0,Unknown
SNORD115-17,0.0,,1.0,1.0,Unknown
SNORD115-18,0.0,,1.0,1.0,Unknown
SNORD115-19,0.0,,1.0,1.0,Unknown
SNORD114-18,0.0,,1.0,1.0,Unknown
SNORD114-19,0.0,,1.0,1.0,Unknown
SNORD114-2,0.0,,1.0,1.0,Unknown
SNORD114-20,0.0,,1.0,1.0,Unknown
SNORD114-21,0.0,,1.0,1.0,Unknown
SNORD114-22,0.0,,1.0,1.0,Unknown
SNORD114-23,0.0,,1.0,1.0,Unknown
SNORD114-24,0.0,,1.0,1.0,Unknown
SNORD114-25,0.0,,1.0,1.0,Unknown
SNORD114-26,0.0,,1.0,1.0,Unknown
SNORD114-27,0.0,,1.0,1.0,Unknown
SNORD114-28,0.0,,1.0,1.0,Unknown
SNORD114-29,0.0,,1.0,1.0,Unknown
SNORD114-3,0.0,,1.0,1.0,Unknown
SNORD114-30,0.0,,1.0,1.0,Unknown
SNORD114-31,0.0,,1.0,1.0,Unknown
SNORD113-1,0.0,,1.0,1.0,Unknown
SNORD113-2,0.0,,1.0,1.0,Unknown
SNORD113-4,0.0,,1.0,1.0,Unknown
SNORD113-5,0.0,,1.0,1.0,Unknown
SNORD113-6,0.0,,1.0,1.0,Unknown
SNORD113-7,0.0,,1.0,1.0,Unknown
SNORD113-9,0.0,,1.0,1.0,Unknown
SNORD114-1,0.0,,1.0,1.0,Unknown
SNORD114-10,0.0,,1.0,1.0,Unknown
SNORD114-11,0.0,,1.0,1.0,Unknown
SNORD114-12,0.0,,1.0,1.0,Unknown
SNORD114-13,0.0,,1.0,1.0,Unknown
SNORD114-14,0.0,,1.0,1.0,Unknown
SNORD114-15,0.0,,1.0,1.0,Unknown
SNORD114-16,0.0,,1.0,1.0,Unknown
SNORD114-17,0.0,,1.0,1.0,Unknown
SNORA9,0.0,,1.0,1.0,Unknown
SNORD10,0.0,,1.0,1.0,Unknown
SNORD100,0.0,,1.0,1.0,Unknown
SNORD101,0.0,,1.0,1.0,Unknown
SNORD102,0.0,,1.0,1.0,Unknown
SNORD104,0.0,,1.0,1.0,Unknown
SNORD105,0.0,,1.0,1.0,Unknown
SNORD105B,0.0,,1.0,1.0,Unknown
SNORD107,0.0,,1.0,1.0,Unknown
SNORD108,0.0,,1.0,1.0,Unknown
SNORD109A,0.0,,1.0,1.0,Unknown
SNORD109B,0.0,,1.0,1.0,Unknown
SNORD11,0.0,,1.0,1.0,Unknown
SNORD110,0.0,,1.0,1.0,Unknown
SNORD111,0.0,,1.0,1.0,Unknown
SNORD111B,0.0,,1.0,1.0,Unknown
SNORA71B,0.0,,1.0,1.0,Unknown
SNORA71C,0.0,,1.0,1.0,Unknown
SNORA71D,0.0,,1.0,1.0,Unknown
SNORA72,0.0,,1.0,1.0,Unknown
SNORA74A,0.0,,1.0,1.0,Unknown
SNORA74B,0.0,,1.0,1.0,Unknown
SNORA75,0.0,,1.0,1.0,Unknown
SNORA77,0.0,,1.0,1.0,Unknown
SNORA78,0.0,,1.0,1.0,Unknown
SNORA79,0.0,,1.0,1.0,Unknown
SNORA7A,0.0,,1.0,1.0,Unknown
SNORA7B,0.0,,1.0,1.0,Unknown
SNORA8,0.0,,1.0,1.0,Unknown
SNORA80B,0.0,,1.0,1.0,Unknown
SNORA81,0.0,,1.0,1.0,Unknown
SNORA84,0.0,,1.0,1.0,Unknown
SNORA62,0.0,,1.0,1.0,Unknown
SNORA63,0.0,,1.0,1.0,Unknown
SNORA64,0.0,,1.0,1.0,Unknown
SNORA65,0.0,,1.0,1.0,Unknown
SNORA66,0.0,,1.0,1.0,Unknown
SNORA67,0.0,,1.0,1.0,Unknown
SNORA68,0.0,,1.0,1.0,Unknown
SNORA69,0.0,,1.0,1.0,Unknown
SNORA70,0.0,,1.0,1.0,Unknown
SNORA70B,0.0,,1.0,1.0,Unknown
SNORA70C,0.0,,1.0,1.0,Unknown
SNORA70D,0.0,,1.0,1.0,Unknown
SNORA70E,0.0,,1.0,1.0,Unknown
SNORA70F,0.0,,1.0,1.0,Unknown
SNORA70G,0.0,,1.0,1.0,Unknown
SNORA71A,0.0,,1.0,1.0,Unknown
SNORA51,0.0,,1.0,1.0,Unknown
SNORA52,0.0,,1.0,1.0,Unknown
SNORA53,0.0,,1.0,1.0,Unknown
SNORA54,0.0,,1.0,1.0,Unknown
SNORA55,0.0,,1.0,1.0,Unknown
SNORA56,0.0,,1.0,1.0,Unknown
SNORA57,0.0,,1.0,1.0,Unknown
SNORA58,0.0,,1.0,1.0,Unknown
SNORA59A,0.0,,1.0,1.0,Unknown
SNORA59B,0.0,,1.0,1.0,Unknown
SNORA5A,0.0,,1.0,1.0,Unknown
SNORA5B,0.0,,1.0,1.0,Unknown
SNORA5C,0.0,,1.0,1.0,Unknown
SNORA6,0.0,,1.0,1.0,Unknown
SNORA60,0.0,,1.0,1.0,Unknown
SNORA61,0.0,,1.0,1.0,Unknown
SNORA33,0.0,,1.0,1.0,Unknown
SNORA35,0.0,,1.0,1.0,Unknown
SNORA36A,0.0,,1.0,1.0,Unknown
SNORA36B,0.0,,1.0,1.0,Unknown
SNORA36C,0.0,,1.0,1.0,Unknown
SNORA37,0.0,,1.0,1.0,Unknown
SNORA38,0.0,,1.0,1.0,Unknown
SNORA38B,0.0,,1.0,1.0,Unknown
SNORA4,0.0,,1.0,1.0,Unknown
SNORA40,0.0,,1.0,1.0,Unknown
SNORA41,0.0,,1.0,1.0,Unknown
SNORA44,0.0,,1.0,1.0,Unknown
SNORA46,0.0,,1.0,1.0,Unknown
SNORA47,0.0,,1.0,1.0,Unknown
SNORA48,0.0,,1.0,1.0,Unknown
SNORA49,0.0,,1.0,1.0,Unknown
SNORA19,0.0,,1.0,1.0,Unknown
SNORA20,0.0,,1.0,1.0,Unknown
SNORA21,0.0,,1.0,1.0,Unknown
SNORA22,0.0,,1.0,1.0,Unknown
SNORA23,0.0,,1.0,1.0,Unknown
SNORA24,0.0,,1.0,1.0,Unknown
SNORA25,0.0,,1.0,1.0,Unknown
SNORA26,0.0,,1.0,1.0,Unknown
SNORA27,0.0,,1.0,1.0,Unknown
SNORA28,0.0,,1.0,1.0,Unknown
SNORA29,0.0,,1.0,1.0,Unknown
SNORA2A,0.0,,1.0,1.0,Unknown
SNORA2B,0.0,,1.0,1.0,Unknown
SNORA30,0.0,,1.0,1.0,Unknown
SNORA31,0.0,,1.0,1.0,Unknown
SNORA32,0.0,,1.0,1.0,Unknown
SNN,0.0,,1.0,1.0,Unknown
SNORA1,0.0,,1.0,1.0,Unknown
SNORA10,0.0,,1.0,1.0,Unknown
SNORA11,0.0,,1.0,1.0,Unknown
SNORA11B,0.0,,1.0,1.0,Unknown
SNORA11C,0.0,,1.0,1.0,Unknown
SNORA11D,0.0,,1.0,1.0,Unknown
SNORA11E,0.0,,1.0,1.0,Unknown
SNORA12,0.0,,1.0,1.0,Unknown
SNORA13,0.0,,1.0,1.0,Unknown
SNORA14A,0.0,,1.0,1.0,Unknown
SNORA14B,0.0,,1.0,1.0,Unknown
SNORA15,0.0,,1.0,1.0,Unknown
SNORA16A,0.0,,1.0,1.0,Unknown
SNORA16B,0.0,,1.0,1.0,Unknown
SNORA18,0.0,,1.0,1.0,Unknown
SNF8,0.0,,1.0,1.0,Unknown
SNHG1,0.0,,1.0,1.0,Unknown
SNHG10,0.0,,1.0,1.0,Unknown
SNHG11,0.0,,1.0,1.0,Unknown
SNHG12,0.0,,1.0,1.0,Unknown
SNHG15,0.0,,1.0,1.0,Unknown
SNHG16,0.0,,1.0,1.0,Unknown
SNHG17,0.0,,1.0,1.0,Unknown
SNHG3,0.0,,1.0,1.0,Unknown
SNHG4,0.0,,1.0,1.0,Unknown
SNHG5,0.0,,1.0,1.0,Unknown
SNHG6,0.0,,1.0,1.0,Unknown
SNHG7,0.0,,1.0,1.0,Unknown
SNHG8,0.0,,1.0,1.0,Unknown
SNHG9,0.0,,1.0,1.0,Unknown
SNIP1,0.0,,1.0,1.0,Unknown
SNAP29,0.0,,1.0,1.0,Unknown
SNAP47,0.0,,1.0,1.0,Unknown
SNAP91,0.0,,1.0,1.0,Unknown
SNAPC1,0.0,,1.0,1.0,Unknown
SNAPC2,0.0,,1.0,1.0,Unknown
SNAPC3,0.0,,1.0,1.0,Unknown
SNAPC4,0.0,,1.0,1.0,Unknown
SNAPC5,0.0,,1.0,1.0,Unknown
SNAPIN,0.0,,1.0,1.0,Unknown
SNCA,0.0,,1.0,1.0,Unknown
SNCAIP,0.0,,1.0,1.0,Unknown
SNCB,0.0,,1.0,1.0,Unknown
SNCG,0.0,,1.0,1.0,Unknown
SND1,0.0,,1.0,1.0,Unknown
SND1-IT1,0.0,,1.0,1.0,Unknown
SNED1,0.0,,1.0,1.0,Unknown
SMU1,0.0,,1.0,1.0,Unknown
SMUG1,0.0,,1.0,1.0,Unknown
SMURF1,0.0,,1.0,1.0,Unknown
SMURF2,0.0,,1.0,1.0,Unknown
SMYD1,0.0,,1.0,1.0,Unknown
SMYD2,0.0,,1.0,1.0,Unknown
SMYD3,0.0,,1.0,1.0,Unknown
SMYD4,0.0,,1.0,1.0,Unknown
SMYD5,0.0,,1.0,1.0,Unknown
SNAI1,0.0,,1.0,1.0,Unknown
SNAI2,0.0,,1.0,1.0,Unknown
SNAI3,0.0,,1.0,1.0,Unknown
SNAI3-AS1,0.0,,1.0,1.0,Unknown
SNAP23,0.0,,1.0,1.0,Unknown
SNAP25,0.0,,1.0,1.0,Unknown
SNAP25-AS1,0.0,,1.0,1.0,Unknown
SMOC1,0.0,,1.0,1.0,Unknown
SMOC2,0.0,,1.0,1.0,Unknown
SMOX,0.0,,1.0,1.0,Unknown
SMPD1,0.0,,1.0,1.0,Unknown
SMPD2,0.0,,1.0,1.0,Unknown
SMPD3,0.0,,1.0,1.0,Unknown
SMPD4,0.0,,1.0,1.0,Unknown
SMPDL3A,0.0,,1.0,1.0,Unknown
SMPDL3B,0.0,,1.0,1.0,Unknown
SMPX,0.0,,1.0,1.0,Unknown
SMR3A,0.0,,1.0,1.0,Unknown
SMR3B,0.0,,1.0,1.0,Unknown
SMS,0.0,,1.0,1.0,Unknown
SMTN,0.0,,1.0,1.0,Unknown
SMTNL1,0.0,,1.0,1.0,Unknown
SMTNL2,0.0,,1.0,1.0,Unknown
SMIM2-IT1,0.0,,1.0,1.0,Unknown
SMIM20,0.0,,1.0,1.0,Unknown
SMIM21,0.0,,1.0,1.0,Unknown
SMIM3,0.0,,1.0,1.0,Unknown
SMIM4,0.0,,1.0,1.0,Unknown
SMIM5,0.0,,1.0,1.0,Unknown
SMIM6,0.0,,1.0,1.0,Unknown
SMIM7,0.0,,1.0,1.0,Unknown
SMIM8,0.0,,1.0,1.0,Unknown
SMIM9,0.0,,1.0,1.0,Unknown
SMKR1,0.0,,1.0,1.0,Unknown
SMLR1,0.0,,1.0,1.0,Unknown
SMN1,0.0,,1.0,1.0,Unknown
SMN2,0.0,,1.0,1.0,Unknown
SMNDC1,0.0,,1.0,1.0,Unknown
SMO,0.0,,1.0,1.0,Unknown
SMG5,0.0,,1.0,1.0,Unknown
SMG6,0.0,,1.0,1.0,Unknown
SMG7,0.0,,1.0,1.0,Unknown
SMG7-AS1,0.0,,1.0,1.0,Unknown
SMG8,0.0,,1.0,1.0,Unknown
SMG9,0.0,,1.0,1.0,Unknown
SMIM1,0.0,,1.0,1.0,Unknown
SMIM10,0.0,,1.0,1.0,Unknown
SMIM12,0.0,,1.0,1.0,Unknown
SMIM13,0.0,,1.0,1.0,Unknown
SMIM14,0.0,,1.0,1.0,Unknown
SMIM15,0.0,,1.0,1.0,Unknown
SMIM17,0.0,,1.0,1.0,Unknown
SMIM18,0.0,,1.0,1.0,Unknown
SMIM19,0.0,,1.0,1.0,Unknown
SMIM2,0.0,,1.0,1.0,Unknown
SMC2,0.0,,1.0,1.0,Unknown
SMC3,0.0,,1.0,1.0,Unknown
SMC4,0.0,,1.0,1.0,Unknown
SMC5,0.0,,1.0,1.0,Unknown
SMC5-AS1,0.0,,1.0,1.0,Unknown
SMC6,0.0,,1.0,1.0,Unknown
SMCHD1,0.0,,1.0,1.0,Unknown
SMCO2,0.0,,1.0,1.0,Unknown
SMCO3,0.0,,1.0,1.0,Unknown
SMCO4,0.0,,1.0,1.0,Unknown
SMCP,0.0,,1.0,1.0,Unknown
SMCR5,0.0,,1.0,1.0,Unknown
SMCR8,0.0,,1.0,1.0,Unknown
SMDT1,0.0,,1.0,1.0,Unknown
SMG1,0.0,,1.0,1.0,Unknown
SMG1P1,0.0,,1.0,1.0,Unknown
SMAP2,0.0,,1.0,1.0,Unknown
SMARCA1,0.0,,1.0,1.0,Unknown
SMARCA2,0.0,,1.0,1.0,Unknown
SMARCA4,0.0,,1.0,1.0,Unknown
SMARCA5,0.0,,1.0,1.0,Unknown
SMARCAD1,0.0,,1.0,1.0,Unknown
SMARCAL1,0.0,,1.0,1.0,Unknown
SMARCB1,0.0,,1.0,1.0,Unknown
SMARCC1,0.0,,1.0,1.0,Unknown
SMARCC2,0.0,,1.0,1.0,Unknown
SMARCD1,0.0,,1.0,1.0,Unknown
SMARCD2,0.0,,1.0,1.0,Unknown
SMARCD3,0.0,,1.0,1.0,Unknown
SMARCE1,0.0,,1.0,1.0,Unknown
SMC1A,0.0,,1.0,1.0,Unknown
SMC1B,0.0,,1.0,1.0,Unknown
SLX1A-SULT1A3,0.0,,1.0,1.0,Unknown
SLX1B,0.0,,1.0,1.0,Unknown
SLX1B-SULT1A4,0.0,,1.0,1.0,Unknown
SLX4,0.0,,1.0,1.0,Unknown
SLX4IP,0.0,,1.0,1.0,Unknown
SMAD1,0.0,,1.0,1.0,Unknown
SMAD2,0.0,,1.0,1.0,Unknown
SMAD3,0.0,,1.0,1.0,Unknown
SMAD4,0.0,,1.0,1.0,Unknown
SMAD5,0.0,,1.0,1.0,Unknown
SMAD5-AS1,0.0,,1.0,1.0,Unknown
SMAD6,0.0,,1.0,1.0,Unknown
SMAD7,0.0,,1.0,1.0,Unknown
SMAD9,0.0,,1.0,1.0,Unknown
SMAGP,0.0,,1.0,1.0,Unknown
SMAP1,0.0,,1.0,1.0,Unknown
SLIT2-IT1,0.0,,1.0,1.0,Unknown
SLIT3,0.0,,1.0,1.0,Unknown
SLITRK1,0.0,,1.0,1.0,Unknown
SLITRK2,0.0,,1.0,1.0,Unknown
SLITRK3,0.0,,1.0,1.0,Unknown
SLITRK4,0.0,,1.0,1.0,Unknown
SLITRK5,0.0,,1.0,1.0,Unknown
SLITRK6,0.0,,1.0,1.0,Unknown
SLK,0.0,,1.0,1.0,Unknown
SLMAP,0.0,,1.0,1.0,Unknown
SLN,0.0,,1.0,1.0,Unknown
SLPI,0.0,,1.0,1.0,Unknown
SLTM,0.0,,1.0,1.0,Unknown
SLU7,0.0,,1.0,1.0,Unknown
SLURP1,0.0,,1.0,1.0,Unknown
SLX1A,0.0,,1.0,1.0,Unknown
SLCO3A1,0.0,,1.0,1.0,Unknown
SLCO4A1,0.0,,1.0,1.0,Unknown
SLCO4C1,0.0,,1.0,1.0,Unknown
SLCO5A1,0.0,,1.0,1.0,Unknown
SLCO6A1,0.0,,1.0,1.0,Unknown
SLFN11,0.0,,1.0,1.0,Unknown
SLFN12,0.0,,1.0,1.0,Unknown
SLFN12L,0.0,,1.0,1.0,Unknown
SLFN13,0.0,,1.0,1.0,Unknown
SLFN14,0.0,,1.0,1.0,Unknown
SLFN5,0.0,,1.0,1.0,Unknown
SLFNL1,0.0,,1.0,1.0,Unknown
SLFNL1-AS1,0.0,,1.0,1.0,Unknown
SLIRP,0.0,,1.0,1.0,Unknown
SLIT1,0.0,,1.0,1.0,Unknown
SLIT2,0.0,,1.0,1.0,Unknown
SLC9A7,0.0,,1.0,1.0,Unknown
SLC9A7P1,0.0,,1.0,1.0,Unknown
SLC9A8,0.0,,1.0,1.0,Unknown
SLC9A9,0.0,,1.0,1.0,Unknown
SLC9A9-AS1,0.0,,1.0,1.0,Unknown
SLC9B1,0.0,,1.0,1.0,Unknown
SLC9B2,0.0,,1.0,1.0,Unknown
SLC9C1,0.0,,1.0,1.0,Unknown
SLC9C2,0.0,,1.0,1.0,Unknown
SLCO1A2,0.0,,1.0,1.0,Unknown
SLCO1B1,0.0,,1.0,1.0,Unknown
SLCO1B3,0.0,,1.0,1.0,Unknown
SLCO1B7,0.0,,1.0,1.0,Unknown
SLCO1C1,0.0,,1.0,1.0,Unknown
SLCO2A1,0.0,,1.0,1.0,Unknown
SLCO2B1,0.0,,1.0,1.0,Unknown
SLC7A6OS,0.0,,1.0,1.0,Unknown
SLC7A7,0.0,,1.0,1.0,Unknown
SLC7A8,0.0,,1.0,1.0,Unknown
SLC7A9,0.0,,1.0,1.0,Unknown
SLC8A1,0.0,,1.0,1.0,Unknown
SLC8A1-AS1,0.0,,1.0,1.0,Unknown
SLC8A2,0.0,,1.0,1.0,Unknown
SLC8A3,0.0,,1.0,1.0,Unknown
SLC9A1,0.0,,1.0,1.0,Unknown
SLC9A2,0.0,,1.0,1.0,Unknown
SLC9A3,0.0,,1.0,1.0,Unknown
SLC9A3R1,0.0,,1.0,1.0,Unknown
SLC9A3R2,0.0,,1.0,1.0,Unknown
SLC9A4,0.0,,1.0,1.0,Unknown
SLC9A5,0.0,,1.0,1.0,Unknown
SLC9A6,0.0,,1.0,1.0,Unknown
SLC6A7,0.0,,1.0,1.0,Unknown
SLC6A8,0.0,,1.0,1.0,Unknown
SLC6A9,0.0,,1.0,1.0,Unknown
SLC7A1,0.0,,1.0,1.0,Unknown
SLC7A10,0.0,,1.0,1.0,Unknown
SLC7A11,0.0,,1.0,1.0,Unknown
SLC7A11-AS1,0.0,,1.0,1.0,Unknown
SLC7A13,0.0,,1.0,1.0,Unknown
SLC7A14,0.0,,1.0,1.0,Unknown
SLC7A2,0.0,,1.0,1.0,Unknown
SLC7A3,0.0,,1.0,1.0,Unknown
SLC7A4,0.0,,1.0,1.0,Unknown
SLC7A5,0.0,,1.0,1.0,Unknown
SLC7A5P1,0.0,,1.0,1.0,Unknown
SLC7A5P2,0.0,,1.0,1.0,Unknown
SLC7A6,0.0,,1.0,1.0,Unknown
SLC6A10P,0.0,,1.0,1.0,Unknown
SLC6A11,0.0,,1.0,1.0,Unknown
SLC6A12,0.0,,1.0,1.0,Unknown
SLC6A13,0.0,,1.0,1.0,Unknown
SLC6A14,0.0,,1.0,1.0,Unknown
SLC6A15,0.0,,1.0,1.0,Unknown
SLC6A16,0.0,,1.0,1.0,Unknown
SLC6A17,0.0,,1.0,1.0,Unknown
SLC6A18,0.0,,1.0,1.0,Unknown
SLC6A19,0.0,,1.0,1.0,Unknown
SLC6A2,0.0,,1.0,1.0,Unknown
SLC6A20,0.0,,1.0,1.0,Unknown
SLC6A3,0.0,,1.0,1.0,Unknown
SLC6A4,0.0,,1.0,1.0,Unknown
SLC6A5,0.0,,1.0,1.0,Unknown
SLC6A6,0.0,,1.0,1.0,Unknown
SLC52A2,0.0,,1.0,1.0,Unknown
SLC52A3,0.0,,1.0,1.0,Unknown
SLC5A1,0.0,,1.0,1.0,Unknown
SLC5A10,0.0,,1.0,1.0,Unknown
SLC5A11,0.0,,1.0,1.0,Unknown
SLC5A12,0.0,,1.0,1.0,Unknown
SLC5A2,0.0,,1.0,1.0,Unknown
SLC5A3,0.0,,1.0,1.0,Unknown
SLC5A4,0.0,,1.0,1.0,Unknown
SLC5A5,0.0,,1.0,1.0,Unknown
SLC5A6,0.0,,1.0,1.0,Unknown
SLC5A7,0.0,,1.0,1.0,Unknown
SLC5A8,0.0,,1.0,1.0,Unknown
SLC5A9,0.0,,1.0,1.0,Unknown
SLC6A1,0.0,,1.0,1.0,Unknown
SLC6A1-AS1,0.0,,1.0,1.0,Unknown
SLC48A1,0.0,,1.0,1.0,Unknown
SLC4A1,0.0,,1.0,1.0,Unknown
SLC4A10,0.0,,1.0,1.0,Unknown
SLC4A11,0.0,,1.0,1.0,Unknown
SLC4A1AP,0.0,,1.0,1.0,Unknown
SLC4A2,0.0,,1.0,1.0,Unknown
SLC4A3,0.0,,1.0,1.0,Unknown
SLC4A4,0.0,,1.0,1.0,Unknown
SLC4A5,0.0,,1.0,1.0,Unknown
SLC4A7,0.0,,1.0,1.0,Unknown
SLC4A8,0.0,,1.0,1.0,Unknown
SLC4A9,0.0,,1.0,1.0,Unknown
SLC50A1,0.0,,1.0,1.0,Unknown
SLC51A,0.0,,1.0,1.0,Unknown
SLC51B,0.0,,1.0,1.0,Unknown
SLC52A1,0.0,,1.0,1.0,Unknown
SLC43A2,0.0,,1.0,1.0,Unknown
SLC43A3,0.0,,1.0,1.0,Unknown
SLC44A1,0.0,,1.0,1.0,Unknown
SLC44A2,0.0,,1.0,1.0,Unknown
SLC44A3,0.0,,1.0,1.0,Unknown
SLC44A4,0.0,,1.0,1.0,Unknown
SLC44A5,0.0,,1.0,1.0,Unknown
SLC45A1,0.0,,1.0,1.0,Unknown
SLC45A2,0.0,,1.0,1.0,Unknown
SLC45A3,0.0,,1.0,1.0,Unknown
SLC45A4,0.0,,1.0,1.0,Unknown
SLC46A1,0.0,,1.0,1.0,Unknown
SLC46A2,0.0,,1.0,1.0,Unknown
SLC46A3,0.0,,1.0,1.0,Unknown
SLC47A1,0.0,,1.0,1.0,Unknown
SLC47A2,0.0,,1.0,1.0,Unknown
SLC39A14,0.0,,1.0,1.0,Unknown
SLC39A2,0.0,,1.0,1.0,Unknown
SLC39A3,0.0,,1.0,1.0,Unknown
SLC39A4,0.0,,1.0,1.0,Unknown
SLC39A5,0.0,,1.0,1.0,Unknown
SLC39A6,0.0,,1.0,1.0,Unknown
SLC39A7,0.0,,1.0,1.0,Unknown
SLC39A8,0.0,,1.0,1.0,Unknown
SLC39A9,0.0,,1.0,1.0,Unknown
SLC3A1,0.0,,1.0,1.0,Unknown
SLC3A2,0.0,,1.0,1.0,Unknown
SLC40A1,0.0,,1.0,1.0,Unknown
SLC41A1,0.0,,1.0,1.0,Unknown
SLC41A2,0.0,,1.0,1.0,Unknown
SLC41A3,0.0,,1.0,1.0,Unknown
SLC43A1,0.0,,1.0,1.0,Unknown
SLC38A1,0.0,,1.0,1.0,Unknown
SLC38A10,0.0,,1.0,1.0,Unknown
SLC38A11,0.0,,1.0,1.0,Unknown
SLC38A2,0.0,,1.0,1.0,Unknown
SLC38A3,0.0,,1.0,1.0,Unknown
SLC38A4,0.0,,1.0,1.0,Unknown
SLC38A5,0.0,,1.0,1.0,Unknown
SLC38A6,0.0,,1.0,1.0,Unknown
SLC38A7,0.0,,1.0,1.0,Unknown
SLC38A8,0.0,,1.0,1.0,Unknown
SLC38A9,0.0,,1.0,1.0,Unknown
SLC39A1,0.0,,1.0,1.0,Unknown
SLC39A10,0.0,,1.0,1.0,Unknown
SLC39A11,0.0,,1.0,1.0,Unknown
SLC39A12,0.0,,1.0,1.0,Unknown
SLC39A13,0.0,,1.0,1.0,Unknown
SLC35F4,0.0,,1.0,1.0,Unknown
SLC35F5,0.0,,1.0,1.0,Unknown
SLC35F6,0.0,,1.0,1.0,Unknown
SLC35G1,0.0,,1.0,1.0,Unknown
SLC35G2,0.0,,1.0,1.0,Unknown
SLC35G3,0.0,,1.0,1.0,Unknown
SLC35G5,0.0,,1.0,1.0,Unknown
SLC35G6,0.0,,1.0,1.0,Unknown
SLC36A1,0.0,,1.0,1.0,Unknown
SLC36A2,0.0,,1.0,1.0,Unknown
SLC36A3,0.0,,1.0,1.0,Unknown
SLC36A4,0.0,,1.0,1.0,Unknown
SLC37A1,0.0,,1.0,1.0,Unknown
SLC37A2,0.0,,1.0,1.0,Unknown
SLC37A3,0.0,,1.0,1.0,Unknown
SLC37A4,0.0,,1.0,1.0,Unknown
SLC35B2,0.0,,1.0,1.0,Unknown
SLC35B3,0.0,,1.0,1.0,Unknown
SLC35B4,0.0,,1.0,1.0,Unknown
SLC35C1,0.0,,1.0,1.0,Unknown
SLC35C2,0.0,,1.0,1.0,Unknown
SLC35D1,0.0,,1.0,1.0,Unknown
SLC35D2,0.0,,1.0,1.0,Unknown
SLC35D3,0.0,,1.0,1.0,Unknown
SLC35E1,0.0,,1.0,1.0,Unknown
SLC35E2,0.0,,1.0,1.0,Unknown
SLC35E2B,0.0,,1.0,1.0,Unknown
SLC35E3,0.0,,1.0,1.0,Unknown
SLC35E4,0.0,,1.0,1.0,Unknown
SLC35F1,0.0,,1.0,1.0,Unknown
SLC35F2,0.0,,1.0,1.0,Unknown
SLC35F3,0.0,,1.0,1.0,Unknown
SLC30A7,0.0,,1.0,1.0,Unknown
SLC30A8,0.0,,1.0,1.0,Unknown
SLC30A9,0.0,,1.0,1.0,Unknown
SLC31A1,0.0,,1.0,1.0,Unknown
SLC31A2,0.0,,1.0,1.0,Unknown
SLC32A1,0.0,,1.0,1.0,Unknown
SLC33A1,0.0,,1.0,1.0,Unknown
SLC34A1,0.0,,1.0,1.0,Unknown
SLC34A2,0.0,,1.0,1.0,Unknown
SLC34A3,0.0,,1.0,1.0,Unknown
SLC35A1,0.0,,1.0,1.0,Unknown
SLC35A2,0.0,,1.0,1.0,Unknown
SLC35A3,0.0,,1.0,1.0,Unknown
SLC35A4,0.0,,1.0,1.0,Unknown
SLC35A5,0.0,,1.0,1.0,Unknown
SLC35B1,0.0,,1.0,1.0,Unknown
SLC2A2,0.0,,1.0,1.0,Unknown
SLC2A3,0.0,,1.0,1.0,Unknown
SLC2A4,0.0,,1.0,1.0,Unknown
SLC2A4RG,0.0,,1.0,1.0,Unknown
SLC2A5,0.0,,1.0,1.0,Unknown
SLC2A6,0.0,,1.0,1.0,Unknown
SLC2A7,0.0,,1.0,1.0,Unknown
SLC2A8,0.0,,1.0,1.0,Unknown
SLC2A9,0.0,,1.0,1.0,Unknown
SLC30A1,0.0,,1.0,1.0,Unknown
SLC30A10,0.0,,1.0,1.0,Unknown
SLC30A2,0.0,,1.0,1.0,Unknown
SLC30A3,0.0,,1.0,1.0,Unknown
SLC30A4,0.0,,1.0,1.0,Unknown
SLC30A5,0.0,,1.0,1.0,Unknown
SLC30A6,0.0,,1.0,1.0,Unknown
SLC27A5,0.0,,1.0,1.0,Unknown
SLC27A6,0.0,,1.0,1.0,Unknown
SLC28A1,0.0,,1.0,1.0,Unknown
SLC28A2,0.0,,1.0,1.0,Unknown
SLC28A3,0.0,,1.0,1.0,Unknown
SLC29A1,0.0,,1.0,1.0,Unknown
SLC29A2,0.0,,1.0,1.0,Unknown
SLC29A3,0.0,,1.0,1.0,Unknown
SLC29A4,0.0,,1.0,1.0,Unknown
SLC2A1,0.0,,1.0,1.0,Unknown
SLC2A1-AS1,0.0,,1.0,1.0,Unknown
SLC2A10,0.0,,1.0,1.0,Unknown
SLC2A11,0.0,,1.0,1.0,Unknown
SLC2A12,0.0,,1.0,1.0,Unknown
SLC2A13,0.0,,1.0,1.0,Unknown
SLC2A14,0.0,,1.0,1.0,Unknown
SLC26A1,0.0,,1.0,1.0,Unknown
SLC26A10,0.0,,1.0,1.0,Unknown
SLC26A11,0.0,,1.0,1.0,Unknown
SLC26A2,0.0,,1.0,1.0,Unknown
SLC26A3,0.0,,1.0,1.0,Unknown
SLC26A4,0.0,,1.0,1.0,Unknown
SLC26A4-AS1,0.0,,1.0,1.0,Unknown
SLC26A5,0.0,,1.0,1.0,Unknown
SLC26A6,0.0,,1.0,1.0,Unknown
SLC26A7,0.0,,1.0,1.0,Unknown
SLC26A8,0.0,,1.0,1.0,Unknown
SLC26A9,0.0,,1.0,1.0,Unknown
SLC27A1,0.0,,1.0,1.0,Unknown
SLC27A2,0.0,,1.0,1.0,Unknown
SLC27A3,0.0,,1.0,1.0,Unknown
SLC27A4,0.0,,1.0,1.0,Unknown
SLC25A40,0.0,,1.0,1.0,Unknown
SLC25A41,0.0,,1.0,1.0,Unknown
SLC25A42,0.0,,1.0,1.0,Unknown
SLC25A43,0.0,,1.0,1.0,Unknown
SLC25A44,0.0,,1.0,1.0,Unknown
SLC25A45,0.0,,1.0,1.0,Unknown
SLC25A46,0.0,,1.0,1.0,Unknown
SLC25A47,0.0,,1.0,1.0,Unknown
SLC25A48,0.0,,1.0,1.0,Unknown
SLC25A5,0.0,,1.0,1.0,Unknown
SLC25A5-AS1,0.0,,1.0,1.0,Unknown
SLC25A51,0.0,,1.0,1.0,Unknown
SLC25A51P1,0.0,,1.0,1.0,Unknown
SLC25A52,0.0,,1.0,1.0,Unknown
SLC25A53,0.0,,1.0,1.0,Unknown
SLC25A6,0.0,,1.0,1.0,Unknown
SLC25A27,0.0,,1.0,1.0,Unknown
SLC25A28,0.0,,1.0,1.0,Unknown
SLC25A29,0.0,,1.0,1.0,Unknown
SLC25A3,0.0,,1.0,1.0,Unknown
SLC25A30,0.0,,1.0,1.0,Unknown
SLC25A31,0.0,,1.0,1.0,Unknown
SLC25A32,0.0,,1.0,1.0,Unknown
SLC25A33,0.0,,1.0,1.0,Unknown
SLC25A34,0.0,,1.0,1.0,Unknown
SLC25A35,0.0,,1.0,1.0,Unknown
SLC25A36,0.0,,1.0,1.0,Unknown
SLC25A37,0.0,,1.0,1.0,Unknown
SLC25A38,0.0,,1.0,1.0,Unknown
SLC25A39,0.0,,1.0,1.0,Unknown
SLC25A3P1,0.0,,1.0,1.0,Unknown
SLC25A4,0.0,,1.0,1.0,Unknown
SLC25A13,0.0,,1.0,1.0,Unknown
SLC25A14,0.0,,1.0,1.0,Unknown
SLC25A15,0.0,,1.0,1.0,Unknown
SLC25A16,0.0,,1.0,1.0,Unknown
SLC25A17,0.0,,1.0,1.0,Unknown
SLC25A18,0.0,,1.0,1.0,Unknown
SLC25A19,0.0,,1.0,1.0,Unknown
SLC25A2,0.0,,1.0,1.0,Unknown
SLC25A20,0.0,,1.0,1.0,Unknown
SLC25A21,0.0,,1.0,1.0,Unknown
SLC25A21-AS1,0.0,,1.0,1.0,Unknown
SLC25A22,0.0,,1.0,1.0,Unknown
SLC25A23,0.0,,1.0,1.0,Unknown
SLC25A24,0.0,,1.0,1.0,Unknown
SLC25A25,0.0,,1.0,1.0,Unknown
SLC25A26,0.0,,1.0,1.0,Unknown
SLC22A6,0.0,,1.0,1.0,Unknown
SLC22A7,0.0,,1.0,1.0,Unknown
SLC22A8,0.0,,1.0,1.0,Unknown
SLC22A9,0.0,,1.0,1.0,Unknown
SLC23A1,0.0,,1.0,1.0,Unknown
SLC23A2,0.0,,1.0,1.0,Unknown
SLC23A3,0.0,,1.0,1.0,Unknown
SLC24A1,0.0,,1.0,1.0,Unknown
SLC24A2,0.0,,1.0,1.0,Unknown
SLC24A3,0.0,,1.0,1.0,Unknown
SLC24A4,0.0,,1.0,1.0,Unknown
SLC24A5,0.0,,1.0,1.0,Unknown
SLC25A1,0.0,,1.0,1.0,Unknown
SLC25A10,0.0,,1.0,1.0,Unknown
SLC25A11,0.0,,1.0,1.0,Unknown
SLC25A12,0.0,,1.0,1.0,Unknown
SLC22A13,0.0,,1.0,1.0,Unknown
SLC22A14,0.0,,1.0,1.0,Unknown
SLC22A15,0.0,,1.0,1.0,Unknown
SLC22A16,0.0,,1.0,1.0,Unknown
SLC22A17,0.0,,1.0,1.0,Unknown
SLC22A18,0.0,,1.0,1.0,Unknown
SLC22A18AS,0.0,,1.0,1.0,Unknown
SLC22A2,0.0,,1.0,1.0,Unknown
SLC22A20,0.0,,1.0,1.0,Unknown
SLC22A23,0.0,,1.0,1.0,Unknown
SLC22A24,0.0,,1.0,1.0,Unknown
SLC22A25,0.0,,1.0,1.0,Unknown
SLC22A3,0.0,,1.0,1.0,Unknown
SLC22A31,0.0,,1.0,1.0,Unknown
SLC22A4,0.0,,1.0,1.0,Unknown
SLC22A5,0.0,,1.0,1.0,Unknown
SLC19A1,0.0,,1.0,1.0,Unknown
SLC19A2,0.0,,1.0,1.0,Unknown
SLC19A3,0.0,,1.0,1.0,Unknown
SLC1A1,0.0,,1.0,1.0,Unknown
SLC1A2,0.0,,1.0,1.0,Unknown
SLC1A3,0.0,,1.0,1.0,Unknown
SLC1A4,0.0,,1.0,1.0,Unknown
SLC1A5,0.0,,1.0,1.0,Unknown
SLC1A6,0.0,,1.0,1.0,Unknown
SLC1A7,0.0,,1.0,1.0,Unknown
SLC20A1,0.0,,1.0,1.0,Unknown
SLC20A2,0.0,,1.0,1.0,Unknown
SLC22A1,0.0,,1.0,1.0,Unknown
SLC22A10,0.0,,1.0,1.0,Unknown
SLC22A11,0.0,,1.0,1.0,Unknown
SLC22A12,0.0,,1.0,1.0,Unknown
SLC16A7,0.0,,1.0,1.0,Unknown
SLC16A8,0.0,,1.0,1.0,Unknown
SLC16A9,0.0,,1.0,1.0,Unknown
SLC17A1,0.0,,1.0,1.0,Unknown
SLC17A2,0.0,,1.0,1.0,Unknown
SLC17A3,0.0,,1.0,1.0,Unknown
SLC17A4,0.0,,1.0,1.0,Unknown
SLC17A5,0.0,,1.0,1.0,Unknown
SLC17A6,0.0,,1.0,1.0,Unknown
SLC17A7,0.0,,1.0,1.0,Unknown
SLC17A8,0.0,,1.0,1.0,Unknown
SLC17A9,0.0,,1.0,1.0,Unknown
SLC18A1,0.0,,1.0,1.0,Unknown
SLC18A2,0.0,,1.0,1.0,Unknown
SLC18A3,0.0,,1.0,1.0,Unknown
SLC18B1,0.0,,1.0,1.0,Unknown
SLC15A1,0.0,,1.0,1.0,Unknown
SLC15A2,0.0,,1.0,1.0,Unknown
SLC15A3,0.0,,1.0,1.0,Unknown
SLC15A4,0.0,,1.0,1.0,Unknown
SLC15A5,0.0,,1.0,1.0,Unknown
SLC16A1,0.0,,1.0,1.0,Unknown
SLC16A10,0.0,,1.0,1.0,Unknown
SLC16A11,0.0,,1.0,1.0,Unknown
SLC16A12,0.0,,1.0,1.0,Unknown
SLC16A13,0.0,,1.0,1.0,Unknown
SLC16A14,0.0,,1.0,1.0,Unknown
SLC16A2,0.0,,1.0,1.0,Unknown
SLC16A3,0.0,,1.0,1.0,Unknown
SLC16A4,0.0,,1.0,1.0,Unknown
SLC16A5,0.0,,1.0,1.0,Unknown
SLC16A6,0.0,,1.0,1.0,Unknown
SLC12A1,0.0,,1.0,1.0,Unknown
SLC12A2,0.0,,1.0,1.0,Unknown
SLC12A3,0.0,,1.0,1.0,Unknown
SLC12A4,0.0,,1.0,1.0,Unknown
SLC12A5,0.0,,1.0,1.0,Unknown
SLC12A6,0.0,,1.0,1.0,Unknown
SLC12A7,0.0,,1.0,1.0,Unknown
SLC12A8,0.0,,1.0,1.0,Unknown
SLC12A9,0.0,,1.0,1.0,Unknown
SLC13A1,0.0,,1.0,1.0,Unknown
SLC13A2,0.0,,1.0,1.0,Unknown
SLC13A3,0.0,,1.0,1.0,Unknown
SLC13A4,0.0,,1.0,1.0,Unknown
SLC13A5,0.0,,1.0,1.0,Unknown
SLC14A1,0.0,,1.0,1.0,Unknown
SLC14A2,0.0,,1.0,1.0,Unknown
SLAIN2,0.0,,1.0,1.0,Unknown
SLAMF1,0.0,,1.0,1.0,Unknown
SLAMF6,0.0,,1.0,1.0,Unknown
SLAMF7,0.0,,1.0,1.0,Unknown
SLAMF8,0.0,,1.0,1.0,Unknown
SLAMF9,0.0,,1.0,1.0,Unknown
SLBP,0.0,,1.0,1.0,Unknown
SLC10A1,0.0,,1.0,1.0,Unknown
SLC10A2,0.0,,1.0,1.0,Unknown
SLC10A3,0.0,,1.0,1.0,Unknown
SLC10A4,0.0,,1.0,1.0,Unknown
SLC10A5,0.0,,1.0,1.0,Unknown
SLC10A6,0.0,,1.0,1.0,Unknown
SLC10A7,0.0,,1.0,1.0,Unknown
SLC11A1,0.0,,1.0,1.0,Unknown
SLC11A2,0.0,,1.0,1.0,Unknown
SKA2,0.0,,1.0,1.0,Unknown
SKA3,0.0,,1.0,1.0,Unknown
SKAP1,0.0,,1.0,1.0,Unknown
SKAP2,0.0,,1.0,1.0,Unknown
SKI,0.0,,1.0,1.0,Unknown
SKIDA1,0.0,,1.0,1.0,Unknown
SKIL,0.0,,1.0,1.0,Unknown
SKIV2L,0.0,,1.0,1.0,Unknown
SKIV2L2,0.0,,1.0,1.0,Unknown
SKOR1,0.0,,1.0,1.0,Unknown
SKOR2,0.0,,1.0,1.0,Unknown
SKP1,0.0,,1.0,1.0,Unknown
SKP2,0.0,,1.0,1.0,Unknown
SLA,0.0,,1.0,1.0,Unknown
SLA2,0.0,,1.0,1.0,Unknown
SLAIN1,0.0,,1.0,1.0,Unknown
SIRT1,0.0,,1.0,1.0,Unknown
SIRT2,0.0,,1.0,1.0,Unknown
SIRT3,0.0,,1.0,1.0,Unknown
SIRT4,0.0,,1.0,1.0,Unknown
SIRT5,0.0,,1.0,1.0,Unknown
SIRT6,0.0,,1.0,1.0,Unknown
SIRT7,0.0,,1.0,1.0,Unknown
SIT1,0.0,,1.0,1.0,Unknown
SIVA1,0.0,,1.0,1.0,Unknown
SIX1,0.0,,1.0,1.0,Unknown
SIX2,0.0,,1.0,1.0,Unknown
SIX3,0.0,,1.0,1.0,Unknown
SIX4,0.0,,1.0,1.0,Unknown
SIX5,0.0,,1.0,1.0,Unknown
SIX6,0.0,,1.0,1.0,Unknown
SKA1,0.0,,1.0,1.0,Unknown
SIKE1,0.0,,1.0,1.0,Unknown
SIL1,0.0,,1.0,1.0,Unknown
SIM1,0.0,,1.0,1.0,Unknown
SIM2,0.0,,1.0,1.0,Unknown
SIMC1,0.0,,1.0,1.0,Unknown
SIN3A,0.0,,1.0,1.0,Unknown
SIN3B,0.0,,1.0,1.0,Unknown
SIPA1,0.0,,1.0,1.0,Unknown
SIPA1L1,0.0,,1.0,1.0,Unknown
SIPA1L2,0.0,,1.0,1.0,Unknown
SIPA1L3,0.0,,1.0,1.0,Unknown
SIRPA,0.0,,1.0,1.0,Unknown
SIRPB1,0.0,,1.0,1.0,Unknown
SIRPB2,0.0,,1.0,1.0,Unknown
SIRPD,0.0,,1.0,1.0,Unknown
SIRPG,0.0,,1.0,1.0,Unknown
SIGLEC11,0.0,,1.0,1.0,Unknown
SIGLEC12,0.0,,1.0,1.0,Unknown
SIGLEC14,0.0,,1.0,1.0,Unknown
SIGLEC15,0.0,,1.0,1.0,Unknown
SIGLEC16,0.0,,1.0,1.0,Unknown
SIGLEC17P,0.0,,1.0,1.0,Unknown
SIGLEC5,0.0,,1.0,1.0,Unknown
SIGLEC6,0.0,,1.0,1.0,Unknown
SIGLEC7,0.0,,1.0,1.0,Unknown
SIGLEC8,0.0,,1.0,1.0,Unknown
SIGLEC9,0.0,,1.0,1.0,Unknown
SIGLECL1,0.0,,1.0,1.0,Unknown
SIGMAR1,0.0,,1.0,1.0,Unknown
SIK1,0.0,,1.0,1.0,Unknown
SIK2,0.0,,1.0,1.0,Unknown
SIK3,0.0,,1.0,1.0,Unknown
SHPRH,0.0,,1.0,1.0,Unknown
SHQ1,0.0,,1.0,1.0,Unknown
SHROOM1,0.0,,1.0,1.0,Unknown
SHROOM2,0.0,,1.0,1.0,Unknown
SHROOM3,0.0,,1.0,1.0,Unknown
SHROOM4,0.0,,1.0,1.0,Unknown
SI,0.0,,1.0,1.0,Unknown
SIAE,0.0,,1.0,1.0,Unknown
SIAH1,0.0,,1.0,1.0,Unknown
SIAH2,0.0,,1.0,1.0,Unknown
SIAH3,0.0,,1.0,1.0,Unknown
SIDT1,0.0,,1.0,1.0,Unknown
SIDT2,0.0,,1.0,1.0,Unknown
SIGIRR,0.0,,1.0,1.0,Unknown
SIGLEC1,0.0,,1.0,1.0,Unknown
SIGLEC10,0.0,,1.0,1.0,Unknown
SHH,0.0,,1.0,1.0,Unknown
SHISA2,0.0,,1.0,1.0,Unknown
SHISA3,0.0,,1.0,1.0,Unknown
SHISA4,0.0,,1.0,1.0,Unknown
SHISA5,0.0,,1.0,1.0,Unknown
SHISA6,0.0,,1.0,1.0,Unknown
SHISA7,0.0,,1.0,1.0,Unknown
SHISA8,0.0,,1.0,1.0,Unknown
SHISA9,0.0,,1.0,1.0,Unknown
SHKBP1,0.0,,1.0,1.0,Unknown
SHMT1,0.0,,1.0,1.0,Unknown
SHMT2,0.0,,1.0,1.0,Unknown
SHOC2,0.0,,1.0,1.0,Unknown
SHOX,0.0,,1.0,1.0,Unknown
SHOX2,0.0,,1.0,1.0,Unknown
SHPK,0.0,,1.0,1.0,Unknown
SHANK2,0.0,,1.0,1.0,Unknown
SHANK2-AS1,0.0,,1.0,1.0,Unknown
SHANK2-AS3,0.0,,1.0,1.0,Unknown
SHANK3,0.0,,1.0,1.0,Unknown
SHARPIN,0.0,,1.0,1.0,Unknown
SHB,0.0,,1.0,1.0,Unknown
SHBG,0.0,,1.0,1.0,Unknown
SHC1,0.0,,1.0,1.0,Unknown
SHC2,0.0,,1.0,1.0,Unknown
SHC3,0.0,,1.0,1.0,Unknown
SHC4,0.0,,1.0,1.0,Unknown
SHCBP1,0.0,,1.0,1.0,Unknown
SHCBP1L,0.0,,1.0,1.0,Unknown
SHD,0.0,,1.0,1.0,Unknown
SHE,0.0,,1.0,1.0,Unknown
SHF,0.0,,1.0,1.0,Unknown
SH3GL2,0.0,,1.0,1.0,Unknown
SH3GL3,0.0,,1.0,1.0,Unknown
SH3GLB1,0.0,,1.0,1.0,Unknown
SH3GLB2,0.0,,1.0,1.0,Unknown
SH3KBP1,0.0,,1.0,1.0,Unknown
SH3PXD2A,0.0,,1.0,1.0,Unknown
SH3PXD2A-AS1,0.0,,1.0,1.0,Unknown
SH3PXD2B,0.0,,1.0,1.0,Unknown
SH3RF1,0.0,,1.0,1.0,Unknown
SH3RF2,0.0,,1.0,1.0,Unknown
SH3RF3,0.0,,1.0,1.0,Unknown
SH3RF3-AS1,0.0,,1.0,1.0,Unknown
SH3TC1,0.0,,1.0,1.0,Unknown
SH3TC2,0.0,,1.0,1.0,Unknown
SH3YL1,0.0,,1.0,1.0,Unknown
SHANK1,0.0,,1.0,1.0,Unknown
SH2D6,0.0,,1.0,1.0,Unknown
SH2D7,0.0,,1.0,1.0,Unknown
SH3BGR,0.0,,1.0,1.0,Unknown
SH3BGRL,0.0,,1.0,1.0,Unknown
SH3BGRL2,0.0,,1.0,1.0,Unknown
SH3BGRL3,0.0,,1.0,1.0,Unknown
SH3BP1,0.0,,1.0,1.0,Unknown
SH3BP2,0.0,,1.0,1.0,Unknown
SH3BP4,0.0,,1.0,1.0,Unknown
SH3BP5,0.0,,1.0,1.0,Unknown
SH3BP5-AS1,0.0,,1.0,1.0,Unknown
SH3BP5L,0.0,,1.0,1.0,Unknown
SH3D19,0.0,,1.0,1.0,Unknown
SH3D21,0.0,,1.0,1.0,Unknown
SH3GL1,0.0,,1.0,1.0,Unknown
SH3GL1P2,0.0,,1.0,1.0,Unknown
SGSM1,0.0,,1.0,1.0,Unknown
SGSM2,0.0,,1.0,1.0,Unknown
SGSM3,0.0,,1.0,1.0,Unknown
SGTA,0.0,,1.0,1.0,Unknown
SGTB,0.0,,1.0,1.0,Unknown
SH2B1,0.0,,1.0,1.0,Unknown
SH2B2,0.0,,1.0,1.0,Unknown
SH2B3,0.0,,1.0,1.0,Unknown
SH2D1A,0.0,,1.0,1.0,Unknown
SH2D1B,0.0,,1.0,1.0,Unknown
SH2D2A,0.0,,1.0,1.0,Unknown
SH2D3A,0.0,,1.0,1.0,Unknown
SH2D3C,0.0,,1.0,1.0,Unknown
SH2D4A,0.0,,1.0,1.0,Unknown
SH2D4B,0.0,,1.0,1.0,Unknown
SH2D5,0.0,,1.0,1.0,Unknown
SGCA,0.0,,1.0,1.0,Unknown
SGCB,0.0,,1.0,1.0,Unknown
SGCD,0.0,,1.0,1.0,Unknown
SGCE,0.0,,1.0,1.0,Unknown
SGCG,0.0,,1.0,1.0,Unknown
SGCZ,0.0,,1.0,1.0,Unknown
SGIP1,0.0,,1.0,1.0,Unknown
SGK1,0.0,,1.0,1.0,Unknown
SGK2,0.0,,1.0,1.0,Unknown
SGK3,0.0,,1.0,1.0,Unknown
SGMS1,0.0,,1.0,1.0,Unknown
SGMS2,0.0,,1.0,1.0,Unknown
SGPL1,0.0,,1.0,1.0,Unknown
SGPP1,0.0,,1.0,1.0,Unknown
SGPP2,0.0,,1.0,1.0,Unknown
SGSH,0.0,,1.0,1.0,Unknown
SFT2D1,0.0,,1.0,1.0,Unknown
SFT2D2,0.0,,1.0,1.0,Unknown
SFT2D3,0.0,,1.0,1.0,Unknown
SFTA1P,0.0,,1.0,1.0,Unknown
SFTA2,0.0,,1.0,1.0,Unknown
SFTA3,0.0,,1.0,1.0,Unknown
SFTPA1,0.0,,1.0,1.0,Unknown
SFTPA2,0.0,,1.0,1.0,Unknown
SFTPB,0.0,,1.0,1.0,Unknown
SFTPC,0.0,,1.0,1.0,Unknown
SFTPD,0.0,,1.0,1.0,Unknown
SFXN1,0.0,,1.0,1.0,Unknown
SFXN2,0.0,,1.0,1.0,Unknown
SFXN3,0.0,,1.0,1.0,Unknown
SFXN4,0.0,,1.0,1.0,Unknown
SFXN5,0.0,,1.0,1.0,Unknown
SF3B1,0.0,,1.0,1.0,Unknown
SF3B2,0.0,,1.0,1.0,Unknown
SF3B3,0.0,,1.0,1.0,Unknown
SF3B4,0.0,,1.0,1.0,Unknown
SF3B5,0.0,,1.0,1.0,Unknown
SFI1,0.0,,1.0,1.0,Unknown
SFMBT1,0.0,,1.0,1.0,Unknown
SFMBT2,0.0,,1.0,1.0,Unknown
SFN,0.0,,1.0,1.0,Unknown
SFPQ,0.0,,1.0,1.0,Unknown
SFR1,0.0,,1.0,1.0,Unknown
SFRP1,0.0,,1.0,1.0,Unknown
SFRP2,0.0,,1.0,1.0,Unknown
SFRP4,0.0,,1.0,1.0,Unknown
SFRP5,0.0,,1.0,1.0,Unknown
SFSWAP,0.0,,1.0,1.0,Unknown
SETD4,0.0,,1.0,1.0,Unknown
SETD5,0.0,,1.0,1.0,Unknown
SETD6,0.0,,1.0,1.0,Unknown
SETD7,0.0,,1.0,1.0,Unknown
SETD9,0.0,,1.0,1.0,Unknown
SETDB1,0.0,,1.0,1.0,Unknown
SETDB2,0.0,,1.0,1.0,Unknown
SETMAR,0.0,,1.0,1.0,Unknown
SETX,0.0,,1.0,1.0,Unknown
SEZ6,0.0,,1.0,1.0,Unknown
SEZ6L,0.0,,1.0,1.0,Unknown
SEZ6L2,0.0,,1.0,1.0,Unknown
SF1,0.0,,1.0,1.0,Unknown
SF3A1,0.0,,1.0,1.0,Unknown
SF3A2,0.0,,1.0,1.0,Unknown
SF3A3,0.0,,1.0,1.0,Unknown
SERTAD1,0.0,,1.0,1.0,Unknown
SERTAD2,0.0,,1.0,1.0,Unknown
SERTAD3,0.0,,1.0,1.0,Unknown
SERTAD4,0.0,,1.0,1.0,Unknown
SERTAD4-AS1,0.0,,1.0,1.0,Unknown
SERTM1,0.0,,1.0,1.0,Unknown
SESN1,0.0,,1.0,1.0,Unknown
SESN2,0.0,,1.0,1.0,Unknown
SESN3,0.0,,1.0,1.0,Unknown
SESTD1,0.0,,1.0,1.0,Unknown
SET,0.0,,1.0,1.0,Unknown
SETBP1,0.0,,1.0,1.0,Unknown
SETD1A,0.0,,1.0,1.0,Unknown
SETD1B,0.0,,1.0,1.0,Unknown
SETD2,0.0,,1.0,1.0,Unknown
SETD3,0.0,,1.0,1.0,Unknown
SERPINB5,0.0,,1.0,1.0,Unknown
SERPINB6,0.0,,1.0,1.0,Unknown
SERPINB7,0.0,,1.0,1.0,Unknown
SERPINB8,0.0,,1.0,1.0,Unknown
SERPINB9,0.0,,1.0,1.0,Unknown
SERPINC1,0.0,,1.0,1.0,Unknown
SERPIND1,0.0,,1.0,1.0,Unknown
SERPINE1,0.0,,1.0,1.0,Unknown
SERPINE2,0.0,,1.0,1.0,Unknown
SERPINE3,0.0,,1.0,1.0,Unknown
SERPINF1,0.0,,1.0,1.0,Unknown
SERPINF2,0.0,,1.0,1.0,Unknown
SERPING1,0.0,,1.0,1.0,Unknown
SERPINH1,0.0,,1.0,1.0,Unknown
SERPINI1,0.0,,1.0,1.0,Unknown
SERPINI2,0.0,,1.0,1.0,Unknown
SERPINA12,0.0,,1.0,1.0,Unknown
SERPINA13P,0.0,,1.0,1.0,Unknown
SERPINA3,0.0,,1.0,1.0,Unknown
SERPINA4,0.0,,1.0,1.0,Unknown
SERPINA5,0.0,,1.0,1.0,Unknown
SERPINA6,0.0,,1.0,1.0,Unknown
SERPINA7,0.0,,1.0,1.0,Unknown
SERPINA9,0.0,,1.0,1.0,Unknown
SERPINB1,0.0,,1.0,1.0,Unknown
SERPINB10,0.0,,1.0,1.0,Unknown
SERPINB11,0.0,,1.0,1.0,Unknown
SERPINB12,0.0,,1.0,1.0,Unknown
SERPINB13,0.0,,1.0,1.0,Unknown
SERPINB2,0.0,,1.0,1.0,Unknown
SERPINB3,0.0,,1.0,1.0,Unknown
SERPINB4,0.0,,1.0,1.0,Unknown
SERF1A,0.0,,1.0,1.0,Unknown
SERF1B,0.0,,1.0,1.0,Unknown
SERF2,0.0,,1.0,1.0,Unknown
SERGEF,0.0,,1.0,1.0,Unknown
SERHL,0.0,,1.0,1.0,Unknown
SERHL2,0.0,,1.0,1.0,Unknown
SERINC1,0.0,,1.0,1.0,Unknown
SERINC2,0.0,,1.0,1.0,Unknown
SERINC3,0.0,,1.0,1.0,Unknown
SERINC4,0.0,,1.0,1.0,Unknown
SERINC5,0.0,,1.0,1.0,Unknown
SERP1,0.0,,1.0,1.0,Unknown
SERP2,0.0,,1.0,1.0,Unknown
SERPINA1,0.0,,1.0,1.0,Unknown
SERPINA10,0.0,,1.0,1.0,Unknown
SERPINA11,0.0,,1.0,1.0,Unknown
SEPT10,0.0,,1.0,1.0,Unknown
SEPT11,0.0,,1.0,1.0,Unknown
SEPT12,0.0,,1.0,1.0,Unknown
SEPT14,0.0,,1.0,1.0,Unknown
SEPT2,0.0,,1.0,1.0,Unknown
SEPT3,0.0,,1.0,1.0,Unknown
SEPT4,0.0,,1.0,1.0,Unknown
SEPT5,0.0,,1.0,1.0,Unknown
SEPT6,0.0,,1.0,1.0,Unknown
SEPT7,0.0,,1.0,1.0,Unknown
SEPT7P2,0.0,,1.0,1.0,Unknown
SEPT7P9,0.0,,1.0,1.0,Unknown
SEPT8,0.0,,1.0,1.0,Unknown
SEPT9,0.0,,1.0,1.0,Unknown
SERAC1,0.0,,1.0,1.0,Unknown
SERBP1,0.0,,1.0,1.0,Unknown
SEMA6D,0.0,,1.0,1.0,Unknown
SEMA7A,0.0,,1.0,1.0,Unknown
SEMG1,0.0,,1.0,1.0,Unknown
SEMG2,0.0,,1.0,1.0,Unknown
SENP1,0.0,,1.0,1.0,Unknown
SENP2,0.0,,1.0,1.0,Unknown
SENP3,0.0,,1.0,1.0,Unknown
SENP3-EIF4A1,0.0,,1.0,1.0,Unknown
SENP5,0.0,,1.0,1.0,Unknown
SENP6,0.0,,1.0,1.0,Unknown
SENP7,0.0,,1.0,1.0,Unknown
SENP8,0.0,,1.0,1.0,Unknown
SEPHS1,0.0,,1.0,1.0,Unknown
SEPHS2,0.0,,1.0,1.0,Unknown
SEPSECS,0.0,,1.0,1.0,Unknown
SEPT1,0.0,,1.0,1.0,Unknown
SEMA3C,0.0,,1.0,1.0,Unknown
SEMA3D,0.0,,1.0,1.0,Unknown
SEMA3E,0.0,,1.0,1.0,Unknown
SEMA3F,0.0,,1.0,1.0,Unknown
SEMA3G,0.0,,1.0,1.0,Unknown
SEMA4A,0.0,,1.0,1.0,Unknown
SEMA4B,0.0,,1.0,1.0,Unknown
SEMA4C,0.0,,1.0,1.0,Unknown
SEMA4D,0.0,,1.0,1.0,Unknown
SEMA4F,0.0,,1.0,1.0,Unknown
SEMA4G,0.0,,1.0,1.0,Unknown
SEMA5A,0.0,,1.0,1.0,Unknown
SEMA5B,0.0,,1.0,1.0,Unknown
SEMA6A,0.0,,1.0,1.0,Unknown
SEMA6B,0.0,,1.0,1.0,Unknown
SEMA6C,0.0,,1.0,1.0,Unknown
SEC62,0.0,,1.0,1.0,Unknown
SEC63,0.0,,1.0,1.0,Unknown
SECISBP2,0.0,,1.0,1.0,Unknown
SECISBP2L,0.0,,1.0,1.0,Unknown
SECTM1,0.0,,1.0,1.0,Unknown
SEH1L,0.0,,1.0,1.0,Unknown
SEL1L,0.0,,1.0,1.0,Unknown
SEL1L2,0.0,,1.0,1.0,Unknown
SEL1L3,0.0,,1.0,1.0,Unknown
SELE,0.0,,1.0,1.0,Unknown
SELENBP1,0.0,,1.0,1.0,Unknown
SELL,0.0,,1.0,1.0,Unknown
SELP,0.0,,1.0,1.0,Unknown
SELPLG,0.0,,1.0,1.0,Unknown
SEMA3A,0.0,,1.0,1.0,Unknown
SEMA3B,0.0,,1.0,1.0,Unknown
SEC22B,0.0,,1.0,1.0,Unknown
SEC22C,0.0,,1.0,1.0,Unknown
SEC23A,0.0,,1.0,1.0,Unknown
SEC23B,0.0,,1.0,1.0,Unknown
SEC23IP,0.0,,1.0,1.0,Unknown
SEC24A,0.0,,1.0,1.0,Unknown
SEC24B,0.0,,1.0,1.0,Unknown
SEC24B-AS1,0.0,,1.0,1.0,Unknown
SEC24C,0.0,,1.0,1.0,Unknown
SEC24D,0.0,,1.0,1.0,Unknown
SEC31A,0.0,,1.0,1.0,Unknown
SEC31B,0.0,,1.0,1.0,Unknown
SEC61A1,0.0,,1.0,1.0,Unknown
SEC61A2,0.0,,1.0,1.0,Unknown
SEC61B,0.0,,1.0,1.0,Unknown
SEC61G,0.0,,1.0,1.0,Unknown
SDSL,0.0,,1.0,1.0,Unknown
SEBOX,0.0,,1.0,1.0,Unknown
SEC11A,0.0,,1.0,1.0,Unknown
SEC11C,0.0,,1.0,1.0,Unknown
SEC13,0.0,,1.0,1.0,Unknown
SEC14L1,0.0,,1.0,1.0,Unknown
SEC14L1P1,0.0,,1.0,1.0,Unknown
SEC14L2,0.0,,1.0,1.0,Unknown
SEC14L3,0.0,,1.0,1.0,Unknown
SEC14L4,0.0,,1.0,1.0,Unknown
SEC14L5,0.0,,1.0,1.0,Unknown
SEC14L6,0.0,,1.0,1.0,Unknown
SEC16A,0.0,,1.0,1.0,Unknown
SEC16B,0.0,,1.0,1.0,Unknown
SEC1P,0.0,,1.0,1.0,Unknown
SEC22A,0.0,,1.0,1.0,Unknown
SDHA,0.0,,1.0,1.0,Unknown
SDHAF1,0.0,,1.0,1.0,Unknown
SDHAF2,0.0,,1.0,1.0,Unknown
SDHAP1,0.0,,1.0,1.0,Unknown
SDHAP2,0.0,,1.0,1.0,Unknown
SDHAP3,0.0,,1.0,1.0,Unknown
SDHB,0.0,,1.0,1.0,Unknown
SDHC,0.0,,1.0,1.0,Unknown
SDHD,0.0,,1.0,1.0,Unknown
SDK1,0.0,,1.0,1.0,Unknown
SDK2,0.0,,1.0,1.0,Unknown
SDR16C5,0.0,,1.0,1.0,Unknown
SDR39U1,0.0,,1.0,1.0,Unknown
SDR42E1,0.0,,1.0,1.0,Unknown
SDR9C7,0.0,,1.0,1.0,Unknown
SDS,0.0,,1.0,1.0,Unknown
SCYL3,0.0,,1.0,1.0,Unknown
SDAD1,0.0,,1.0,1.0,Unknown
SDC1,0.0,,1.0,1.0,Unknown
SDC2,0.0,,1.0,1.0,Unknown
SDC3,0.0,,1.0,1.0,Unknown
SDC4,0.0,,1.0,1.0,Unknown
SDC4P,0.0,,1.0,1.0,Unknown
SDCBP,0.0,,1.0,1.0,Unknown
SDCBP2,0.0,,1.0,1.0,Unknown
SDCBP2-AS1,0.0,,1.0,1.0,Unknown
SDCCAG3,0.0,,1.0,1.0,Unknown
SDCCAG8,0.0,,1.0,1.0,Unknown
SDE2,0.0,,1.0,1.0,Unknown
SDF2,0.0,,1.0,1.0,Unknown
SDF2L1,0.0,,1.0,1.0,Unknown
SDF4,0.0,,1.0,1.0,Unknown
SCP2D1,0.0,,1.0,1.0,Unknown
SCPEP1,0.0,,1.0,1.0,Unknown
SCRG1,0.0,,1.0,1.0,Unknown
SCRIB,0.0,,1.0,1.0,Unknown
SCRN1,0.0,,1.0,1.0,Unknown
SCRN2,0.0,,1.0,1.0,Unknown
SCRN3,0.0,,1.0,1.0,Unknown
SCRT1,0.0,,1.0,1.0,Unknown
SCRT2,0.0,,1.0,1.0,Unknown
SCT,0.0,,1.0,1.0,Unknown
SCTR,0.0,,1.0,1.0,Unknown
SCUBE1,0.0,,1.0,1.0,Unknown
SCUBE2,0.0,,1.0,1.0,Unknown
SCUBE3,0.0,,1.0,1.0,Unknown
SCYL1,0.0,,1.0,1.0,Unknown
SCYL2,0.0,,1.0,1.0,Unknown
SCN3B,0.0,,1.0,1.0,Unknown
SCN4A,0.0,,1.0,1.0,Unknown
SCN4B,0.0,,1.0,1.0,Unknown
SCN5A,0.0,,1.0,1.0,Unknown
SCN7A,0.0,,1.0,1.0,Unknown
SCN8A,0.0,,1.0,1.0,Unknown
SCN9A,0.0,,1.0,1.0,Unknown
SCNM1,0.0,,1.0,1.0,Unknown
SCNN1A,0.0,,1.0,1.0,Unknown
SCNN1B,0.0,,1.0,1.0,Unknown
SCNN1D,0.0,,1.0,1.0,Unknown
SCNN1G,0.0,,1.0,1.0,Unknown
SCO1,0.0,,1.0,1.0,Unknown
SCO2,0.0,,1.0,1.0,Unknown
SCOC,0.0,,1.0,1.0,Unknown
SCP2,0.0,,1.0,1.0,Unknown
SCHIP1,0.0,,1.0,1.0,Unknown
SCIMP,0.0,,1.0,1.0,Unknown
SCIN,0.0,,1.0,1.0,Unknown
SCLT1,0.0,,1.0,1.0,Unknown
SCLY,0.0,,1.0,1.0,Unknown
SCMH1,0.0,,1.0,1.0,Unknown
SCML1,0.0,,1.0,1.0,Unknown
SCML2,0.0,,1.0,1.0,Unknown
SCML4,0.0,,1.0,1.0,Unknown
SCN10A,0.0,,1.0,1.0,Unknown
SCN11A,0.0,,1.0,1.0,Unknown
SCN1A,0.0,,1.0,1.0,Unknown
SCN1B,0.0,,1.0,1.0,Unknown
SCN2A,0.0,,1.0,1.0,Unknown
SCN2B,0.0,,1.0,1.0,Unknown
SCN3A,0.0,,1.0,1.0,Unknown
SCG2,0.0,,1.0,1.0,Unknown
SCG3,0.0,,1.0,1.0,Unknown
SCG5,0.0,,1.0,1.0,Unknown
SCGB1A1,0.0,,1.0,1.0,Unknown
SCGB1B2P,0.0,,1.0,1.0,Unknown
SCGB1C1,0.0,,1.0,1.0,Unknown
SCGB1D1,0.0,,1.0,1.0,Unknown
SCGB1D2,0.0,,1.0,1.0,Unknown
SCGB1D4,0.0,,1.0,1.0,Unknown
SCGB2A1,0.0,,1.0,1.0,Unknown
SCGB2A2,0.0,,1.0,1.0,Unknown
SCGB2B2,0.0,,1.0,1.0,Unknown
SCGB2B3P,0.0,,1.0,1.0,Unknown
SCGB3A1,0.0,,1.0,1.0,Unknown
SCGB3A2,0.0,,1.0,1.0,Unknown
SCGN,0.0,,1.0,1.0,Unknown
SCARNA21,0.0,,1.0,1.0,Unknown
SCARNA22,0.0,,1.0,1.0,Unknown
SCARNA23,0.0,,1.0,1.0,Unknown
SCARNA3,0.0,,1.0,1.0,Unknown
SCARNA4,0.0,,1.0,1.0,Unknown
SCARNA5,0.0,,1.0,1.0,Unknown
SCARNA6,0.0,,1.0,1.0,Unknown
SCARNA7,0.0,,1.0,1.0,Unknown
SCARNA8,0.0,,1.0,1.0,Unknown
SCARNA9,0.0,,1.0,1.0,Unknown
SCCPDH,0.0,,1.0,1.0,Unknown
SCD,0.0,,1.0,1.0,Unknown
SCD5,0.0,,1.0,1.0,Unknown
SCEL,0.0,,1.0,1.0,Unknown
SCFD1,0.0,,1.0,1.0,Unknown
SCFD2,0.0,,1.0,1.0,Unknown
SCARB1,0.0,,1.0,1.0,Unknown
SCARB2,0.0,,1.0,1.0,Unknown
SCARF1,0.0,,1.0,1.0,Unknown
SCARF2,0.0,,1.0,1.0,Unknown
SCARNA1,0.0,,1.0,1.0,Unknown
SCARNA10,0.0,,1.0,1.0,Unknown
SCARNA11,0.0,,1.0,1.0,Unknown
SCARNA12,0.0,,1.0,1.0,Unknown
SCARNA13,0.0,,1.0,1.0,Unknown
SCARNA14,0.0,,1.0,1.0,Unknown
SCARNA15,0.0,,1.0,1.0,Unknown
SCARNA16,0.0,,1.0,1.0,Unknown
SCARNA17,0.0,,1.0,1.0,Unknown
SCARNA18,0.0,,1.0,1.0,Unknown
SCARNA2,0.0,,1.0,1.0,Unknown
SCARNA20,0.0,,1.0,1.0,Unknown
SCAF1,0.0,,1.0,1.0,Unknown
SCAF11,0.0,,1.0,1.0,Unknown
SCAF4,0.0,,1.0,1.0,Unknown
SCAF8,0.0,,1.0,1.0,Unknown
SCAI,0.0,,1.0,1.0,Unknown
SCAMP1,0.0,,1.0,1.0,Unknown
SCAMP2,0.0,,1.0,1.0,Unknown
SCAMP3,0.0,,1.0,1.0,Unknown
SCAMP4,0.0,,1.0,1.0,Unknown
SCAMP5,0.0,,1.0,1.0,Unknown
SCAND1,0.0,,1.0,1.0,Unknown
SCAND2P,0.0,,1.0,1.0,Unknown
SCAP,0.0,,1.0,1.0,Unknown
SCAPER,0.0,,1.0,1.0,Unknown
SCARA3,0.0,,1.0,1.0,Unknown
SCARA5,0.0,,1.0,1.0,Unknown
SATB2-AS1,0.0,,1.0,1.0,Unknown
SATL1,0.0,,1.0,1.0,Unknown
SAV1,0.0,,1.0,1.0,Unknown
SAYSD1,0.0,,1.0,1.0,Unknown
SBDS,0.0,,1.0,1.0,Unknown
SBDSP1,0.0,,1.0,1.0,Unknown
SBF1,0.0,,1.0,1.0,Unknown
SBF2,0.0,,1.0,1.0,Unknown
SBF2-AS1,0.0,,1.0,1.0,Unknown
SBK1,0.0,,1.0,1.0,Unknown
SBK2,0.0,,1.0,1.0,Unknown
SBNO1,0.0,,1.0,1.0,Unknown
SBNO2,0.0,,1.0,1.0,Unknown
SBSN,0.0,,1.0,1.0,Unknown
SBSPON,0.0,,1.0,1.0,Unknown
SC5D,0.0,,1.0,1.0,Unknown
SAR1A,0.0,,1.0,1.0,Unknown
SAR1B,0.0,,1.0,1.0,Unknown
SARDH,0.0,,1.0,1.0,Unknown
SARM1,0.0,,1.0,1.0,Unknown
SARNP,0.0,,1.0,1.0,Unknown
SARS,0.0,,1.0,1.0,Unknown
SARS2,0.0,,1.0,1.0,Unknown
SART1,0.0,,1.0,1.0,Unknown
SART3,0.0,,1.0,1.0,Unknown
SASH1,0.0,,1.0,1.0,Unknown
SASH3,0.0,,1.0,1.0,Unknown
SASS6,0.0,,1.0,1.0,Unknown
SAT1,0.0,,1.0,1.0,Unknown
SAT2,0.0,,1.0,1.0,Unknown
SATB1,0.0,,1.0,1.0,Unknown
SATB2,0.0,,1.0,1.0,Unknown
SAMD8,0.0,,1.0,1.0,Unknown
SAMD9,0.0,,1.0,1.0,Unknown
SAMD9L,0.0,,1.0,1.0,Unknown
SAMHD1,0.0,,1.0,1.0,Unknown
SAMM50,0.0,,1.0,1.0,Unknown
SAMSN1,0.0,,1.0,1.0,Unknown
SAMSN1-AS1,0.0,,1.0,1.0,Unknown
SAP130,0.0,,1.0,1.0,Unknown
SAP18,0.0,,1.0,1.0,Unknown
SAP25,0.0,,1.0,1.0,Unknown
SAP30,0.0,,1.0,1.0,Unknown
SAP30BP,0.0,,1.0,1.0,Unknown
SAP30L,0.0,,1.0,1.0,Unknown
SAP30L-AS1,0.0,,1.0,1.0,Unknown
SAPCD1,0.0,,1.0,1.0,Unknown
SAPCD2,0.0,,1.0,1.0,Unknown
SALL1,0.0,,1.0,1.0,Unknown
SALL2,0.0,,1.0,1.0,Unknown
SALL3,0.0,,1.0,1.0,Unknown
SALL4,0.0,,1.0,1.0,Unknown
SAMD1,0.0,,1.0,1.0,Unknown
SAMD10,0.0,,1.0,1.0,Unknown
SAMD11,0.0,,1.0,1.0,Unknown
SAMD12,0.0,,1.0,1.0,Unknown
SAMD13,0.0,,1.0,1.0,Unknown
SAMD14,0.0,,1.0,1.0,Unknown
SAMD15,0.0,,1.0,1.0,Unknown
SAMD3,0.0,,1.0,1.0,Unknown
SAMD4A,0.0,,1.0,1.0,Unknown
SAMD4B,0.0,,1.0,1.0,Unknown
SAMD5,0.0,,1.0,1.0,Unknown
SAMD7,0.0,,1.0,1.0,Unknown
S1PR5,0.0,,1.0,1.0,Unknown
SAA1,0.0,,1.0,1.0,Unknown
SAA2,0.0,,1.0,1.0,Unknown
SAA2-SAA4,0.0,,1.0,1.0,Unknown
SAA3P,0.0,,1.0,1.0,Unknown
SAA4,0.0,,1.0,1.0,Unknown
SAAL1,0.0,,1.0,1.0,Unknown
SAC3D1,0.0,,1.0,1.0,Unknown
SACM1L,0.0,,1.0,1.0,Unknown
SACS,0.0,,1.0,1.0,Unknown
SACS-AS1,0.0,,1.0,1.0,Unknown
SAE1,0.0,,1.0,1.0,Unknown
SAFB,0.0,,1.0,1.0,Unknown
SAFB2,0.0,,1.0,1.0,Unknown
SAG,0.0,,1.0,1.0,Unknown
SAGE1,0.0,,1.0,1.0,Unknown
S100A5,0.0,,1.0,1.0,Unknown
S100A6,0.0,,1.0,1.0,Unknown
S100A7,0.0,,1.0,1.0,Unknown
S100A7A,0.0,,1.0,1.0,Unknown
S100A7L2,0.0,,1.0,1.0,Unknown
S100A8,0.0,,1.0,1.0,Unknown
S100A9,0.0,,1.0,1.0,Unknown
S100B,0.0,,1.0,1.0,Unknown
S100G,0.0,,1.0,1.0,Unknown
S100P,0.0,,1.0,1.0,Unknown
S100PBP,0.0,,1.0,1.0,Unknown
S100Z,0.0,,1.0,1.0,Unknown
S1PR1,0.0,,1.0,1.0,Unknown
S1PR2,0.0,,1.0,1.0,Unknown
S1PR3,0.0,,1.0,1.0,Unknown
S1PR4,0.0,,1.0,1.0,Unknown
RXRG,0.0,,1.0,1.0,Unknown
RYBP,0.0,,1.0,1.0,Unknown
RYK,0.0,,1.0,1.0,Unknown
RYR1,0.0,,1.0,1.0,Unknown
RYR2,0.0,,1.0,1.0,Unknown
RYR3,0.0,,1.0,1.0,Unknown
S100A1,0.0,,1.0,1.0,Unknown
S100A10,0.0,,1.0,1.0,Unknown
S100A11,0.0,,1.0,1.0,Unknown
S100A12,0.0,,1.0,1.0,Unknown
S100A13,0.0,,1.0,1.0,Unknown
S100A14,0.0,,1.0,1.0,Unknown
S100A16,0.0,,1.0,1.0,Unknown
S100A2,0.0,,1.0,1.0,Unknown
S100A3,0.0,,1.0,1.0,Unknown
S100A4,0.0,,1.0,1.0,Unknown
RUSC1,0.0,,1.0,1.0,Unknown
RUSC1-AS1,0.0,,1.0,1.0,Unknown
RUSC2,0.0,,1.0,1.0,Unknown
RUVBL1,0.0,,1.0,1.0,Unknown
RUVBL2,0.0,,1.0,1.0,Unknown
RWDD1,0.0,,1.0,1.0,Unknown
RWDD2A,0.0,,1.0,1.0,Unknown
RWDD2B,0.0,,1.0,1.0,Unknown
RWDD3,0.0,,1.0,1.0,Unknown
RWDD4,0.0,,1.0,1.0,Unknown
RXFP1,0.0,,1.0,1.0,Unknown
RXFP2,0.0,,1.0,1.0,Unknown
RXFP3,0.0,,1.0,1.0,Unknown
RXFP4,0.0,,1.0,1.0,Unknown
RXRA,0.0,,1.0,1.0,Unknown
RXRB,0.0,,1.0,1.0,Unknown
RTP1,0.0,,1.0,1.0,Unknown
RTP2,0.0,,1.0,1.0,Unknown
RTP3,0.0,,1.0,1.0,Unknown
RTP4,0.0,,1.0,1.0,Unknown
RTTN,0.0,,1.0,1.0,Unknown
RUFY1,0.0,,1.0,1.0,Unknown
RUFY2,0.0,,1.0,1.0,Unknown
RUFY3,0.0,,1.0,1.0,Unknown
RUFY4,0.0,,1.0,1.0,Unknown
RUNDC1,0.0,,1.0,1.0,Unknown
RUNDC3A,0.0,,1.0,1.0,Unknown
RUNDC3B,0.0,,1.0,1.0,Unknown
RUNX1,0.0,,1.0,1.0,Unknown
RUNX1T1,0.0,,1.0,1.0,Unknown
RUNX2,0.0,,1.0,1.0,Unknown
RUNX3,0.0,,1.0,1.0,Unknown
RTCB,0.0,,1.0,1.0,Unknown
RTEL1,0.0,,1.0,1.0,Unknown
RTEL1-TNFRSF6B,0.0,,1.0,1.0,Unknown
RTF1,0.0,,1.0,1.0,Unknown
RTFDC1,0.0,,1.0,1.0,Unknown
RTKN,0.0,,1.0,1.0,Unknown
RTKN2,0.0,,1.0,1.0,Unknown
RTL1,0.0,,1.0,1.0,Unknown
RTN1,0.0,,1.0,1.0,Unknown
RTN2,0.0,,1.0,1.0,Unknown
RTN3,0.0,,1.0,1.0,Unknown
RTN4,0.0,,1.0,1.0,Unknown
RTN4IP1,0.0,,1.0,1.0,Unknown
RTN4R,0.0,,1.0,1.0,Unknown
RTN4RL1,0.0,,1.0,1.0,Unknown
RTN4RL2,0.0,,1.0,1.0,Unknown
RSPH10B2,0.0,,1.0,1.0,Unknown
RSPH3,0.0,,1.0,1.0,Unknown
RSPH4A,0.0,,1.0,1.0,Unknown
RSPH6A,0.0,,1.0,1.0,Unknown
RSPH9,0.0,,1.0,1.0,Unknown
RSPO1,0.0,,1.0,1.0,Unknown
RSPO2,0.0,,1.0,1.0,Unknown
RSPO3,0.0,,1.0,1.0,Unknown
RSPO4,0.0,,1.0,1.0,Unknown
RSPRY1,0.0,,1.0,1.0,Unknown
RSRC1,0.0,,1.0,1.0,Unknown
RSRC2,0.0,,1.0,1.0,Unknown
RSU1,0.0,,1.0,1.0,Unknown
RSU1P2,0.0,,1.0,1.0,Unknown
RTBDN,0.0,,1.0,1.0,Unknown
RTCA,0.0,,1.0,1.0,Unknown
RRP7A,0.0,,1.0,1.0,Unknown
RRP8,0.0,,1.0,1.0,Unknown
RRP9,0.0,,1.0,1.0,Unknown
RRS1,0.0,,1.0,1.0,Unknown
RS1,0.0,,1.0,1.0,Unknown
RSAD1,0.0,,1.0,1.0,Unknown
RSAD2,0.0,,1.0,1.0,Unknown
RSBN1,0.0,,1.0,1.0,Unknown
RSBN1L,0.0,,1.0,1.0,Unknown
RSC1A1,0.0,,1.0,1.0,Unknown
RSF1,0.0,,1.0,1.0,Unknown
RSG1,0.0,,1.0,1.0,Unknown
RSL1D1,0.0,,1.0,1.0,Unknown
RSL24D1,0.0,,1.0,1.0,Unknown
RSPH1,0.0,,1.0,1.0,Unknown
RSPH10B,0.0,,1.0,1.0,Unknown
RRBP1,0.0,,1.0,1.0,Unknown
RREB1,0.0,,1.0,1.0,Unknown
RRH,0.0,,1.0,1.0,Unknown
RRM1,0.0,,1.0,1.0,Unknown
RRM2,0.0,,1.0,1.0,Unknown
RRM2B,0.0,,1.0,1.0,Unknown
RRN3,0.0,,1.0,1.0,Unknown
RRN3P1,0.0,,1.0,1.0,Unknown
RRN3P2,0.0,,1.0,1.0,Unknown
RRN3P3,0.0,,1.0,1.0,Unknown
RRNAD1,0.0,,1.0,1.0,Unknown
RRP1,0.0,,1.0,1.0,Unknown
RRP12,0.0,,1.0,1.0,Unknown
RRP15,0.0,,1.0,1.0,Unknown
RRP1B,0.0,,1.0,1.0,Unknown
RRP36,0.0,,1.0,1.0,Unknown
RPSAP52,0.0,,1.0,1.0,Unknown
RPSAP58,0.0,,1.0,1.0,Unknown
RPSAP9,0.0,,1.0,1.0,Unknown
RPTN,0.0,,1.0,1.0,Unknown
RPTOR,0.0,,1.0,1.0,Unknown
RPUSD1,0.0,,1.0,1.0,Unknown
RPUSD2,0.0,,1.0,1.0,Unknown
RPUSD3,0.0,,1.0,1.0,Unknown
RPUSD4,0.0,,1.0,1.0,Unknown
RRAD,0.0,,1.0,1.0,Unknown
RRAGA,0.0,,1.0,1.0,Unknown
RRAGB,0.0,,1.0,1.0,Unknown
RRAGC,0.0,,1.0,1.0,Unknown
RRAGD,0.0,,1.0,1.0,Unknown
RRAS,0.0,,1.0,1.0,Unknown
RRAS2,0.0,,1.0,1.0,Unknown
RPS6KA1,0.0,,1.0,1.0,Unknown
RPS6KA2,0.0,,1.0,1.0,Unknown
RPS6KA2-IT1,0.0,,1.0,1.0,Unknown
RPS6KA3,0.0,,1.0,1.0,Unknown
RPS6KA4,0.0,,1.0,1.0,Unknown
RPS6KA5,0.0,,1.0,1.0,Unknown
RPS6KA6,0.0,,1.0,1.0,Unknown
RPS6KB1,0.0,,1.0,1.0,Unknown
RPS6KB2,0.0,,1.0,1.0,Unknown
RPS6KC1,0.0,,1.0,1.0,Unknown
RPS6KL1,0.0,,1.0,1.0,Unknown
RPS7,0.0,,1.0,1.0,Unknown
RPS7P5,0.0,,1.0,1.0,Unknown
RPS8,0.0,,1.0,1.0,Unknown
RPS9,0.0,,1.0,1.0,Unknown
RPSA,0.0,,1.0,1.0,Unknown
RPS25,0.0,,1.0,1.0,Unknown
RPS26,0.0,,1.0,1.0,Unknown
RPS26P11,0.0,,1.0,1.0,Unknown
RPS27,0.0,,1.0,1.0,Unknown
RPS27A,0.0,,1.0,1.0,Unknown
RPS27L,0.0,,1.0,1.0,Unknown
RPS28,0.0,,1.0,1.0,Unknown
RPS29,0.0,,1.0,1.0,Unknown
RPS2P32,0.0,,1.0,1.0,Unknown
RPS3,0.0,,1.0,1.0,Unknown
RPS3A,0.0,,1.0,1.0,Unknown
RPS4X,0.0,,1.0,1.0,Unknown
RPS4Y1,0.0,,1.0,1.0,Unknown
RPS4Y2,0.0,,1.0,1.0,Unknown
RPS5,0.0,,1.0,1.0,Unknown
RPS6,0.0,,1.0,1.0,Unknown
RPS14,0.0,,1.0,1.0,Unknown
RPS15,0.0,,1.0,1.0,Unknown
RPS15A,0.0,,1.0,1.0,Unknown
RPS15AP10,0.0,,1.0,1.0,Unknown
RPS16,0.0,,1.0,1.0,Unknown
RPS16P5,0.0,,1.0,1.0,Unknown
RPS17,0.0,,1.0,1.0,Unknown
RPS18,0.0,,1.0,1.0,Unknown
RPS18P9,0.0,,1.0,1.0,Unknown
RPS19,0.0,,1.0,1.0,Unknown
RPS19BP1,0.0,,1.0,1.0,Unknown
RPS2,0.0,,1.0,1.0,Unknown
RPS20,0.0,,1.0,1.0,Unknown
RPS21,0.0,,1.0,1.0,Unknown
RPS23,0.0,,1.0,1.0,Unknown
RPS24,0.0,,1.0,1.0,Unknown
RPP25L,0.0,,1.0,1.0,Unknown
RPP30,0.0,,1.0,1.0,Unknown
RPP38,0.0,,1.0,1.0,Unknown
RPP40,0.0,,1.0,1.0,Unknown
RPPH1,0.0,,1.0,1.0,Unknown
RPRD1A,0.0,,1.0,1.0,Unknown
RPRD1B,0.0,,1.0,1.0,Unknown
RPRD2,0.0,,1.0,1.0,Unknown
RPRM,0.0,,1.0,1.0,Unknown
RPRML,0.0,,1.0,1.0,Unknown
RPS10,0.0,,1.0,1.0,Unknown
RPS10-NUDT3,0.0,,1.0,1.0,Unknown
RPS10P7,0.0,,1.0,1.0,Unknown
RPS11,0.0,,1.0,1.0,Unknown
RPS12,0.0,,1.0,1.0,Unknown
RPS13,0.0,,1.0,1.0,Unknown
RPL5,0.0,,1.0,1.0,Unknown
RPL6,0.0,,1.0,1.0,Unknown
RPL7,0.0,,1.0,1.0,Unknown
RPL7A,0.0,,1.0,1.0,Unknown
RPL7L1,0.0,,1.0,1.0,Unknown
RPL8,0.0,,1.0,1.0,Unknown
RPL9,0.0,,1.0,1.0,Unknown
RPLP0,0.0,,1.0,1.0,Unknown
RPLP0P2,0.0,,1.0,1.0,Unknown
RPLP1,0.0,,1.0,1.0,Unknown
RPLP2,0.0,,1.0,1.0,Unknown
RPN1,0.0,,1.0,1.0,Unknown
RPN2,0.0,,1.0,1.0,Unknown
RPP14,0.0,,1.0,1.0,Unknown
RPP21,0.0,,1.0,1.0,Unknown
RPP25,0.0,,1.0,1.0,Unknown
RPL34,0.0,,1.0,1.0,Unknown
RPL34-AS1,0.0,,1.0,1.0,Unknown
RPL35,0.0,,1.0,1.0,Unknown
RPL35A,0.0,,1.0,1.0,Unknown
RPL36,0.0,,1.0,1.0,Unknown
RPL36A,0.0,,1.0,1.0,Unknown
RPL36A-HNRNPH2,0.0,,1.0,1.0,Unknown
RPL36AL,0.0,,1.0,1.0,Unknown
RPL37,0.0,,1.0,1.0,Unknown
RPL37A,0.0,,1.0,1.0,Unknown
RPL38,0.0,,1.0,1.0,Unknown
RPL39,0.0,,1.0,1.0,Unknown
RPL39L,0.0,,1.0,1.0,Unknown
RPL3L,0.0,,1.0,1.0,Unknown
RPL4,0.0,,1.0,1.0,Unknown
RPL41,0.0,,1.0,1.0,Unknown
RPL23AP7,0.0,,1.0,1.0,Unknown
RPL23AP82,0.0,,1.0,1.0,Unknown
RPL23P8,0.0,,1.0,1.0,Unknown
RPL24,0.0,,1.0,1.0,Unknown
RPL26,0.0,,1.0,1.0,Unknown
RPL26L1,0.0,,1.0,1.0,Unknown
RPL27,0.0,,1.0,1.0,Unknown
RPL27A,0.0,,1.0,1.0,Unknown
RPL28,0.0,,1.0,1.0,Unknown
RPL29,0.0,,1.0,1.0,Unknown
RPL3,0.0,,1.0,1.0,Unknown
RPL30,0.0,,1.0,1.0,Unknown
RPL31,0.0,,1.0,1.0,Unknown
RPL31P11,0.0,,1.0,1.0,Unknown
RPL32,0.0,,1.0,1.0,Unknown
RPL32P3,0.0,,1.0,1.0,Unknown
RPL14,0.0,,1.0,1.0,Unknown
RPL15,0.0,,1.0,1.0,Unknown
RPL17,0.0,,1.0,1.0,Unknown
RPL17-C18orf32,0.0,,1.0,1.0,Unknown
RPL18,0.0,,1.0,1.0,Unknown
RPL18A,0.0,,1.0,1.0,Unknown
RPL19,0.0,,1.0,1.0,Unknown
RPL21,0.0,,1.0,1.0,Unknown
RPL21P28,0.0,,1.0,1.0,Unknown
RPL22,0.0,,1.0,1.0,Unknown
RPL22L1,0.0,,1.0,1.0,Unknown
RPL23,0.0,,1.0,1.0,Unknown
RPL23A,0.0,,1.0,1.0,Unknown
RPL23AP32,0.0,,1.0,1.0,Unknown
RPL23AP53,0.0,,1.0,1.0,Unknown
RPL23AP64,0.0,,1.0,1.0,Unknown
RPH3A,0.0,,1.0,1.0,Unknown
RPH3AL,0.0,,1.0,1.0,Unknown
RPIA,0.0,,1.0,1.0,Unknown
RPL10,0.0,,1.0,1.0,Unknown
RPL10A,0.0,,1.0,1.0,Unknown
RPL10L,0.0,,1.0,1.0,Unknown
RPL11,0.0,,1.0,1.0,Unknown
RPL12,0.0,,1.0,1.0,Unknown
RPL13,0.0,,1.0,1.0,Unknown
RPL13A,0.0,,1.0,1.0,Unknown
RPL13AP17,0.0,,1.0,1.0,Unknown
RPL13AP20,0.0,,1.0,1.0,Unknown
RPL13AP3,0.0,,1.0,1.0,Unknown
RPL13AP5,0.0,,1.0,1.0,Unknown
RPL13AP6,0.0,,1.0,1.0,Unknown
RPL13P5,0.0,,1.0,1.0,Unknown
RP9P,0.0,,1.0,1.0,Unknown
RPA1,0.0,,1.0,1.0,Unknown
RPA2,0.0,,1.0,1.0,Unknown
RPA3,0.0,,1.0,1.0,Unknown
RPA4,0.0,,1.0,1.0,Unknown
RPAIN,0.0,,1.0,1.0,Unknown
RPAP1,0.0,,1.0,1.0,Unknown
RPAP2,0.0,,1.0,1.0,Unknown
RPAP3,0.0,,1.0,1.0,Unknown
RPE,0.0,,1.0,1.0,Unknown
RPE65,0.0,,1.0,1.0,Unknown
RPF1,0.0,,1.0,1.0,Unknown
RPF2,0.0,,1.0,1.0,Unknown
RPGR,0.0,,1.0,1.0,Unknown
RPGRIP1,0.0,,1.0,1.0,Unknown
RPGRIP1L,0.0,,1.0,1.0,Unknown
ROM1,0.0,,1.0,1.0,Unknown
ROMO1,0.0,,1.0,1.0,Unknown
ROPN1,0.0,,1.0,1.0,Unknown
ROPN1B,0.0,,1.0,1.0,Unknown
ROPN1L,0.0,,1.0,1.0,Unknown
ROPN1L-AS1,0.0,,1.0,1.0,Unknown
ROR1,0.0,,1.0,1.0,Unknown
ROR2,0.0,,1.0,1.0,Unknown
RORA,0.0,,1.0,1.0,Unknown
RORB,0.0,,1.0,1.0,Unknown
RORC,0.0,,1.0,1.0,Unknown
ROS1,0.0,,1.0,1.0,Unknown
RP1,0.0,,1.0,1.0,Unknown
RP1L1,0.0,,1.0,1.0,Unknown
RP2,0.0,,1.0,1.0,Unknown
RP9,0.0,,1.0,1.0,Unknown
RNU6-72P,0.0,,1.0,1.0,Unknown
RNU6-76P,0.0,,1.0,1.0,Unknown
RNU6-78P,0.0,,1.0,1.0,Unknown
RNU6-79P,0.0,,1.0,1.0,Unknown
RNU6-81P,0.0,,1.0,1.0,Unknown
RNU6-83P,0.0,,1.0,1.0,Unknown
RNU6ATAC,0.0,,1.0,1.0,Unknown
RNY4,0.0,,1.0,1.0,Unknown
ROBO1,0.0,,1.0,1.0,Unknown
ROBO2,0.0,,1.0,1.0,Unknown
ROBO3,0.0,,1.0,1.0,Unknown
ROBO4,0.0,,1.0,1.0,Unknown
ROCK1,0.0,,1.0,1.0,Unknown
ROCK1P1,0.0,,1.0,1.0,Unknown
ROCK2,0.0,,1.0,1.0,Unknown
ROGDI,0.0,,1.0,1.0,Unknown
RNU5D-1,0.0,,1.0,1.0,Unknown
RNU5E-1,0.0,,1.0,1.0,Unknown
RNU5F-1,0.0,,1.0,1.0,Unknown
RNU6-16P,0.0,,1.0,1.0,Unknown
RNU6-19P,0.0,,1.0,1.0,Unknown
RNU6-28P,0.0,,1.0,1.0,Unknown
RNU6-31P,0.0,,1.0,1.0,Unknown
RNU6-33P,0.0,,1.0,1.0,Unknown
RNU6-34P,0.0,,1.0,1.0,Unknown
RNU6-35P,0.0,,1.0,1.0,Unknown
RNU6-53P,0.0,,1.0,1.0,Unknown
RNU6-57P,0.0,,1.0,1.0,Unknown
RNU6-64P,0.0,,1.0,1.0,Unknown
RNU6-66P,0.0,,1.0,1.0,Unknown
RNU6-67P,0.0,,1.0,1.0,Unknown
RNU6-71P,0.0,,1.0,1.0,Unknown
RNF6,0.0,,1.0,1.0,Unknown
RNF7,0.0,,1.0,1.0,Unknown
RNF8,0.0,,1.0,1.0,Unknown
RNFT1,0.0,,1.0,1.0,Unknown
RNFT2,0.0,,1.0,1.0,Unknown
RNGTT,0.0,,1.0,1.0,Unknown
RNH1,0.0,,1.0,1.0,Unknown
RNLS,0.0,,1.0,1.0,Unknown
RNMT,0.0,,1.0,1.0,Unknown
RNPC3,0.0,,1.0,1.0,Unknown
RNPEP,0.0,,1.0,1.0,Unknown
RNPEPL1,0.0,,1.0,1.0,Unknown
RNPS1,0.0,,1.0,1.0,Unknown
RNU11,0.0,,1.0,1.0,Unknown
RNU12,0.0,,1.0,1.0,Unknown
RNU4ATAC,0.0,,1.0,1.0,Unknown
RNF223,0.0,,1.0,1.0,Unknown
RNF224,0.0,,1.0,1.0,Unknown
RNF24,0.0,,1.0,1.0,Unknown
RNF25,0.0,,1.0,1.0,Unknown
RNF26,0.0,,1.0,1.0,Unknown
RNF31,0.0,,1.0,1.0,Unknown
RNF32,0.0,,1.0,1.0,Unknown
RNF34,0.0,,1.0,1.0,Unknown
RNF38,0.0,,1.0,1.0,Unknown
RNF39,0.0,,1.0,1.0,Unknown
RNF4,0.0,,1.0,1.0,Unknown
RNF40,0.0,,1.0,1.0,Unknown
RNF41,0.0,,1.0,1.0,Unknown
RNF43,0.0,,1.0,1.0,Unknown
RNF44,0.0,,1.0,1.0,Unknown
RNF5,0.0,,1.0,1.0,Unknown
RNF2,0.0,,1.0,1.0,Unknown
RNF20,0.0,,1.0,1.0,Unknown
RNF207,0.0,,1.0,1.0,Unknown
RNF208,0.0,,1.0,1.0,Unknown
RNF212,0.0,,1.0,1.0,Unknown
RNF213,0.0,,1.0,1.0,Unknown
RNF214,0.0,,1.0,1.0,Unknown
RNF215,0.0,,1.0,1.0,Unknown
RNF216,0.0,,1.0,1.0,Unknown
RNF216-IT1,0.0,,1.0,1.0,Unknown
RNF216P1,0.0,,1.0,1.0,Unknown
RNF217,0.0,,1.0,1.0,Unknown
RNF219,0.0,,1.0,1.0,Unknown
RNF219-AS1,0.0,,1.0,1.0,Unknown
RNF220,0.0,,1.0,1.0,Unknown
RNF222,0.0,,1.0,1.0,Unknown
RNF166,0.0,,1.0,1.0,Unknown
RNF167,0.0,,1.0,1.0,Unknown
RNF168,0.0,,1.0,1.0,Unknown
RNF169,0.0,,1.0,1.0,Unknown
RNF17,0.0,,1.0,1.0,Unknown
RNF170,0.0,,1.0,1.0,Unknown
RNF175,0.0,,1.0,1.0,Unknown
RNF180,0.0,,1.0,1.0,Unknown
RNF181,0.0,,1.0,1.0,Unknown
RNF182,0.0,,1.0,1.0,Unknown
RNF183,0.0,,1.0,1.0,Unknown
RNF185,0.0,,1.0,1.0,Unknown
RNF186,0.0,,1.0,1.0,Unknown
RNF187,0.0,,1.0,1.0,Unknown
RNF19A,0.0,,1.0,1.0,Unknown
RNF19B,0.0,,1.0,1.0,Unknown
RNF139,0.0,,1.0,1.0,Unknown
RNF14,0.0,,1.0,1.0,Unknown
RNF141,0.0,,1.0,1.0,Unknown
RNF144A,0.0,,1.0,1.0,Unknown
RNF144A-AS1,0.0,,1.0,1.0,Unknown
RNF144B,0.0,,1.0,1.0,Unknown
RNF145,0.0,,1.0,1.0,Unknown
RNF146,0.0,,1.0,1.0,Unknown
RNF148,0.0,,1.0,1.0,Unknown
RNF149,0.0,,1.0,1.0,Unknown
RNF150,0.0,,1.0,1.0,Unknown
RNF151,0.0,,1.0,1.0,Unknown
RNF152,0.0,,1.0,1.0,Unknown
RNF157,0.0,,1.0,1.0,Unknown
RNF157-AS1,0.0,,1.0,1.0,Unknown
RNF165,0.0,,1.0,1.0,Unknown
RNF113A,0.0,,1.0,1.0,Unknown
RNF113B,0.0,,1.0,1.0,Unknown
RNF114,0.0,,1.0,1.0,Unknown
RNF115,0.0,,1.0,1.0,Unknown
RNF121,0.0,,1.0,1.0,Unknown
RNF122,0.0,,1.0,1.0,Unknown
RNF123,0.0,,1.0,1.0,Unknown
RNF125,0.0,,1.0,1.0,Unknown
RNF126,0.0,,1.0,1.0,Unknown
RNF128,0.0,,1.0,1.0,Unknown
RNF13,0.0,,1.0,1.0,Unknown
RNF130,0.0,,1.0,1.0,Unknown
RNF133,0.0,,1.0,1.0,Unknown
RNF135,0.0,,1.0,1.0,Unknown
RNF138,0.0,,1.0,1.0,Unknown
RNF138P1,0.0,,1.0,1.0,Unknown
RNASEH2B,0.0,,1.0,1.0,Unknown
RNASEH2B-AS1,0.0,,1.0,1.0,Unknown
RNASEH2C,0.0,,1.0,1.0,Unknown
RNASEK,0.0,,1.0,1.0,Unknown
RNASEK-C17orf49,0.0,,1.0,1.0,Unknown
RNASEL,0.0,,1.0,1.0,Unknown
RNASET2,0.0,,1.0,1.0,Unknown
RND1,0.0,,1.0,1.0,Unknown
RND2,0.0,,1.0,1.0,Unknown
RND3,0.0,,1.0,1.0,Unknown
RNF10,0.0,,1.0,1.0,Unknown
RNF103,0.0,,1.0,1.0,Unknown
RNF103-CHMP3,0.0,,1.0,1.0,Unknown
RNF11,0.0,,1.0,1.0,Unknown
RNF111,0.0,,1.0,1.0,Unknown
RNF112,0.0,,1.0,1.0,Unknown
RNA5SP244,0.0,,1.0,1.0,Unknown
RNA5SP411,0.0,,1.0,1.0,Unknown
RNASE1,0.0,,1.0,1.0,Unknown
RNASE10,0.0,,1.0,1.0,Unknown
RNASE11,0.0,,1.0,1.0,Unknown
RNASE12,0.0,,1.0,1.0,Unknown
RNASE13,0.0,,1.0,1.0,Unknown
RNASE2,0.0,,1.0,1.0,Unknown
RNASE3,0.0,,1.0,1.0,Unknown
RNASE4,0.0,,1.0,1.0,Unknown
RNASE6,0.0,,1.0,1.0,Unknown
RNASE7,0.0,,1.0,1.0,Unknown
RNASE8,0.0,,1.0,1.0,Unknown
RNASE9,0.0,,1.0,1.0,Unknown
RNASEH1,0.0,,1.0,1.0,Unknown
RNASEH2A,0.0,,1.0,1.0,Unknown
RLF,0.0,,1.0,1.0,Unknown
RLIM,0.0,,1.0,1.0,Unknown
RLN1,0.0,,1.0,1.0,Unknown
RLN2,0.0,,1.0,1.0,Unknown
RLN3,0.0,,1.0,1.0,Unknown
RMDN1,0.0,,1.0,1.0,Unknown
RMDN2,0.0,,1.0,1.0,Unknown
RMDN2-AS1,0.0,,1.0,1.0,Unknown
RMDN3,0.0,,1.0,1.0,Unknown
RMI1,0.0,,1.0,1.0,Unknown
RMI2,0.0,,1.0,1.0,Unknown
RMND1,0.0,,1.0,1.0,Unknown
RMND5A,0.0,,1.0,1.0,Unknown
RMND5B,0.0,,1.0,1.0,Unknown
RMRP,0.0,,1.0,1.0,Unknown
RMST,0.0,,1.0,1.0,Unknown
RING1,0.0,,1.0,1.0,Unknown
RINL,0.0,,1.0,1.0,Unknown
RINT1,0.0,,1.0,1.0,Unknown
RIOK1,0.0,,1.0,1.0,Unknown
RIOK2,0.0,,1.0,1.0,Unknown
RIOK3,0.0,,1.0,1.0,Unknown
RIPK1,0.0,,1.0,1.0,Unknown
RIPK2,0.0,,1.0,1.0,Unknown
RIPK3,0.0,,1.0,1.0,Unknown
RIPK4,0.0,,1.0,1.0,Unknown
RIPPLY1,0.0,,1.0,1.0,Unknown
RIPPLY2,0.0,,1.0,1.0,Unknown
RIPPLY3,0.0,,1.0,1.0,Unknown
RIT1,0.0,,1.0,1.0,Unknown
RIT2,0.0,,1.0,1.0,Unknown
RLBP1,0.0,,1.0,1.0,Unknown
RILP,0.0,,1.0,1.0,Unknown
RILPL1,0.0,,1.0,1.0,Unknown
RILPL2,0.0,,1.0,1.0,Unknown
RIMBP2,0.0,,1.0,1.0,Unknown
RIMBP3,0.0,,1.0,1.0,Unknown
RIMBP3B,0.0,,1.0,1.0,Unknown
RIMBP3C,0.0,,1.0,1.0,Unknown
RIMKLA,0.0,,1.0,1.0,Unknown
RIMKLB,0.0,,1.0,1.0,Unknown
RIMS1,0.0,,1.0,1.0,Unknown
RIMS2,0.0,,1.0,1.0,Unknown
RIMS3,0.0,,1.0,1.0,Unknown
RIMS4,0.0,,1.0,1.0,Unknown
RIN1,0.0,,1.0,1.0,Unknown
RIN2,0.0,,1.0,1.0,Unknown
RIN3,0.0,,1.0,1.0,Unknown
RHOU,0.0,,1.0,1.0,Unknown
RHOV,0.0,,1.0,1.0,Unknown
RHOXF1,0.0,,1.0,1.0,Unknown
RHOXF2,0.0,,1.0,1.0,Unknown
RHOXF2B,0.0,,1.0,1.0,Unknown
RHPN1,0.0,,1.0,1.0,Unknown
RHPN1-AS1,0.0,,1.0,1.0,Unknown
RHPN2,0.0,,1.0,1.0,Unknown
RIBC1,0.0,,1.0,1.0,Unknown
RIBC2,0.0,,1.0,1.0,Unknown
RIC3,0.0,,1.0,1.0,Unknown
RIC8A,0.0,,1.0,1.0,Unknown
RIC8B,0.0,,1.0,1.0,Unknown
RICTOR,0.0,,1.0,1.0,Unknown
RIF1,0.0,,1.0,1.0,Unknown
RIIAD1,0.0,,1.0,1.0,Unknown
RHNO1,0.0,,1.0,1.0,Unknown
RHO,0.0,,1.0,1.0,Unknown
RHOA,0.0,,1.0,1.0,Unknown
RHOB,0.0,,1.0,1.0,Unknown
RHOBTB1,0.0,,1.0,1.0,Unknown
RHOBTB2,0.0,,1.0,1.0,Unknown
RHOBTB3,0.0,,1.0,1.0,Unknown
RHOC,0.0,,1.0,1.0,Unknown
RHOD,0.0,,1.0,1.0,Unknown
RHOF,0.0,,1.0,1.0,Unknown
RHOG,0.0,,1.0,1.0,Unknown
RHOH,0.0,,1.0,1.0,Unknown
RHOJ,0.0,,1.0,1.0,Unknown
RHOQ,0.0,,1.0,1.0,Unknown
RHOT1,0.0,,1.0,1.0,Unknown
RHOT2,0.0,,1.0,1.0,Unknown
RGSL1,0.0,,1.0,1.0,Unknown
RHAG,0.0,,1.0,1.0,Unknown
RHBDD1,0.0,,1.0,1.0,Unknown
RHBDD2,0.0,,1.0,1.0,Unknown
RHBDD3,0.0,,1.0,1.0,Unknown
RHBDF1,0.0,,1.0,1.0,Unknown
RHBDF2,0.0,,1.0,1.0,Unknown
RHBDL1,0.0,,1.0,1.0,Unknown
RHBDL2,0.0,,1.0,1.0,Unknown
RHBDL3,0.0,,1.0,1.0,Unknown
RHBG,0.0,,1.0,1.0,Unknown
RHCE,0.0,,1.0,1.0,Unknown
RHCG,0.0,,1.0,1.0,Unknown
RHD,0.0,,1.0,1.0,Unknown
RHEB,0.0,,1.0,1.0,Unknown
RHEBL1,0.0,,1.0,1.0,Unknown
RGS17,0.0,,1.0,1.0,Unknown
RGS18,0.0,,1.0,1.0,Unknown
RGS19,0.0,,1.0,1.0,Unknown
RGS2,0.0,,1.0,1.0,Unknown
RGS20,0.0,,1.0,1.0,Unknown
RGS21,0.0,,1.0,1.0,Unknown
RGS22,0.0,,1.0,1.0,Unknown
RGS3,0.0,,1.0,1.0,Unknown
RGS4,0.0,,1.0,1.0,Unknown
RGS5,0.0,,1.0,1.0,Unknown
RGS6,0.0,,1.0,1.0,Unknown
RGS7,0.0,,1.0,1.0,Unknown
RGS7BP,0.0,,1.0,1.0,Unknown
RGS8,0.0,,1.0,1.0,Unknown
RGS9,0.0,,1.0,1.0,Unknown
RGS9BP,0.0,,1.0,1.0,Unknown
RGP1,0.0,,1.0,1.0,Unknown
RGPD1,0.0,,1.0,1.0,Unknown
RGPD2,0.0,,1.0,1.0,Unknown
RGPD3,0.0,,1.0,1.0,Unknown
RGPD4,0.0,,1.0,1.0,Unknown
RGPD5,0.0,,1.0,1.0,Unknown
RGPD6,0.0,,1.0,1.0,Unknown
RGPD8,0.0,,1.0,1.0,Unknown
RGR,0.0,,1.0,1.0,Unknown
RGS1,0.0,,1.0,1.0,Unknown
RGS10,0.0,,1.0,1.0,Unknown
RGS11,0.0,,1.0,1.0,Unknown
RGS12,0.0,,1.0,1.0,Unknown
RGS13,0.0,,1.0,1.0,Unknown
RGS14,0.0,,1.0,1.0,Unknown
RGS16,0.0,,1.0,1.0,Unknown
RFX4,0.0,,1.0,1.0,Unknown
RFX5,0.0,,1.0,1.0,Unknown
RFX6,0.0,,1.0,1.0,Unknown
RFX7,0.0,,1.0,1.0,Unknown
RFX8,0.0,,1.0,1.0,Unknown
RFXANK,0.0,,1.0,1.0,Unknown
RFXAP,0.0,,1.0,1.0,Unknown
RGCC,0.0,,1.0,1.0,Unknown
RGL1,0.0,,1.0,1.0,Unknown
RGL2,0.0,,1.0,1.0,Unknown
RGL3,0.0,,1.0,1.0,Unknown
RGL4,0.0,,1.0,1.0,Unknown
RGMA,0.0,,1.0,1.0,Unknown
RGMB,0.0,,1.0,1.0,Unknown
RGMB-AS1,0.0,,1.0,1.0,Unknown
RGN,0.0,,1.0,1.0,Unknown
RFPL1,0.0,,1.0,1.0,Unknown
RFPL1S,0.0,,1.0,1.0,Unknown
RFPL2,0.0,,1.0,1.0,Unknown
RFPL3,0.0,,1.0,1.0,Unknown
RFPL3S,0.0,,1.0,1.0,Unknown
RFPL4A,0.0,,1.0,1.0,Unknown
RFPL4AL1,0.0,,1.0,1.0,Unknown
RFPL4B,0.0,,1.0,1.0,Unknown
RFT1,0.0,,1.0,1.0,Unknown
RFTN1,0.0,,1.0,1.0,Unknown
RFTN2,0.0,,1.0,1.0,Unknown
RFWD2,0.0,,1.0,1.0,Unknown
RFWD3,0.0,,1.0,1.0,Unknown
RFX1,0.0,,1.0,1.0,Unknown
RFX2,0.0,,1.0,1.0,Unknown
RFX3,0.0,,1.0,1.0,Unknown
RETSAT,0.0,,1.0,1.0,Unknown
REV1,0.0,,1.0,1.0,Unknown
REV3L,0.0,,1.0,1.0,Unknown
REXO1,0.0,,1.0,1.0,Unknown
REXO1L2P,0.0,,1.0,1.0,Unknown
REXO2,0.0,,1.0,1.0,Unknown
REXO4,0.0,,1.0,1.0,Unknown
RFC1,0.0,,1.0,1.0,Unknown
RFC2,0.0,,1.0,1.0,Unknown
RFC3,0.0,,1.0,1.0,Unknown
RFC4,0.0,,1.0,1.0,Unknown
RFC5,0.0,,1.0,1.0,Unknown
RFESD,0.0,,1.0,1.0,Unknown
RFFL,0.0,,1.0,1.0,Unknown
RFK,0.0,,1.0,1.0,Unknown
RFNG,0.0,,1.0,1.0,Unknown
REM2,0.0,,1.0,1.0,Unknown
REN,0.0,,1.0,1.0,Unknown
RENBP,0.0,,1.0,1.0,Unknown
REP15,0.0,,1.0,1.0,Unknown
REPIN1,0.0,,1.0,1.0,Unknown
REPS1,0.0,,1.0,1.0,Unknown
REPS2,0.0,,1.0,1.0,Unknown
RER1,0.0,,1.0,1.0,Unknown
RERE,0.0,,1.0,1.0,Unknown
RERG,0.0,,1.0,1.0,Unknown
RERGL,0.0,,1.0,1.0,Unknown
RESP18,0.0,,1.0,1.0,Unknown
REST,0.0,,1.0,1.0,Unknown
RET,0.0,,1.0,1.0,Unknown
RETN,0.0,,1.0,1.0,Unknown
RETNLB,0.0,,1.0,1.0,Unknown
REEP4,0.0,,1.0,1.0,Unknown
REEP5,0.0,,1.0,1.0,Unknown
REEP6,0.0,,1.0,1.0,Unknown
REG1A,0.0,,1.0,1.0,Unknown
REG1B,0.0,,1.0,1.0,Unknown
REG3A,0.0,,1.0,1.0,Unknown
REG3G,0.0,,1.0,1.0,Unknown
REG4,0.0,,1.0,1.0,Unknown
REL,0.0,,1.0,1.0,Unknown
RELA,0.0,,1.0,1.0,Unknown
RELB,0.0,,1.0,1.0,Unknown
RELL1,0.0,,1.0,1.0,Unknown
RELL2,0.0,,1.0,1.0,Unknown
RELN,0.0,,1.0,1.0,Unknown
RELT,0.0,,1.0,1.0,Unknown
REM1,0.0,,1.0,1.0,Unknown
RDH12,0.0,,1.0,1.0,Unknown
RDH13,0.0,,1.0,1.0,Unknown
RDH14,0.0,,1.0,1.0,Unknown
RDH16,0.0,,1.0,1.0,Unknown
RDH5,0.0,,1.0,1.0,Unknown
RDH8,0.0,,1.0,1.0,Unknown
RDM1,0.0,,1.0,1.0,Unknown
RDX,0.0,,1.0,1.0,Unknown
REC8,0.0,,1.0,1.0,Unknown
RECK,0.0,,1.0,1.0,Unknown
RECQL,0.0,,1.0,1.0,Unknown
RECQL4,0.0,,1.0,1.0,Unknown
RECQL5,0.0,,1.0,1.0,Unknown
REEP1,0.0,,1.0,1.0,Unknown
REEP2,0.0,,1.0,1.0,Unknown
REEP3,0.0,,1.0,1.0,Unknown
RCCD1,0.0,,1.0,1.0,Unknown
RCE1,0.0,,1.0,1.0,Unknown
RCHY1,0.0,,1.0,1.0,Unknown
RCL1,0.0,,1.0,1.0,Unknown
RCN1,0.0,,1.0,1.0,Unknown
RCN2,0.0,,1.0,1.0,Unknown
RCN3,0.0,,1.0,1.0,Unknown
RCOR1,0.0,,1.0,1.0,Unknown
RCOR2,0.0,,1.0,1.0,Unknown
RCOR3,0.0,,1.0,1.0,Unknown
RCSD1,0.0,,1.0,1.0,Unknown
RCVRN,0.0,,1.0,1.0,Unknown
RD3,0.0,,1.0,1.0,Unknown
RD3L,0.0,,1.0,1.0,Unknown
RDH10,0.0,,1.0,1.0,Unknown
RDH11,0.0,,1.0,1.0,Unknown
RBP7,0.0,,1.0,1.0,Unknown
RBPJ,0.0,,1.0,1.0,Unknown
RBPJL,0.0,,1.0,1.0,Unknown
RBPMS,0.0,,1.0,1.0,Unknown
RBPMS-AS1,0.0,,1.0,1.0,Unknown
RBPMS2,0.0,,1.0,1.0,Unknown
RBX1,0.0,,1.0,1.0,Unknown
RC3H1,0.0,,1.0,1.0,Unknown
RC3H2,0.0,,1.0,1.0,Unknown
RCAN1,0.0,,1.0,1.0,Unknown
RCAN2,0.0,,1.0,1.0,Unknown
RCAN3,0.0,,1.0,1.0,Unknown
RCBTB1,0.0,,1.0,1.0,Unknown
RCBTB2,0.0,,1.0,1.0,Unknown
RCC1,0.0,,1.0,1.0,Unknown
RCC2,0.0,,1.0,1.0,Unknown
RBMXL3,0.0,,1.0,1.0,Unknown
RBMY1A1,0.0,,1.0,1.0,Unknown
RBMY1A3P,0.0,,1.0,1.0,Unknown
RBMY1B,0.0,,1.0,1.0,Unknown
RBMY1D,0.0,,1.0,1.0,Unknown
RBMY1E,0.0,,1.0,1.0,Unknown
RBMY1F,0.0,,1.0,1.0,Unknown
RBMY1J,0.0,,1.0,1.0,Unknown
RBMY2EP,0.0,,1.0,1.0,Unknown
RBMY2FP,0.0,,1.0,1.0,Unknown
RBMY3AP,0.0,,1.0,1.0,Unknown
RBP1,0.0,,1.0,1.0,Unknown
RBP2,0.0,,1.0,1.0,Unknown
RBP3,0.0,,1.0,1.0,Unknown
RBP4,0.0,,1.0,1.0,Unknown
RBP5,0.0,,1.0,1.0,Unknown
RBM46,0.0,,1.0,1.0,Unknown
RBM47,0.0,,1.0,1.0,Unknown
RBM48,0.0,,1.0,1.0,Unknown
RBM4B,0.0,,1.0,1.0,Unknown
RBM5,0.0,,1.0,1.0,Unknown
RBM5-AS1,0.0,,1.0,1.0,Unknown
RBM6,0.0,,1.0,1.0,Unknown
RBM7,0.0,,1.0,1.0,Unknown
RBM8A,0.0,,1.0,1.0,Unknown
RBMS1,0.0,,1.0,1.0,Unknown
RBMS2,0.0,,1.0,1.0,Unknown
RBMS3,0.0,,1.0,1.0,Unknown
RBMX,0.0,,1.0,1.0,Unknown
RBMX2,0.0,,1.0,1.0,Unknown
RBMXL1,0.0,,1.0,1.0,Unknown
RBMXL2,0.0,,1.0,1.0,Unknown
RBM25,0.0,,1.0,1.0,Unknown
RBM26,0.0,,1.0,1.0,Unknown
RBM26-AS1,0.0,,1.0,1.0,Unknown
RBM27,0.0,,1.0,1.0,Unknown
RBM28,0.0,,1.0,1.0,Unknown
RBM3,0.0,,1.0,1.0,Unknown
RBM33,0.0,,1.0,1.0,Unknown
RBM34,0.0,,1.0,1.0,Unknown
RBM38,0.0,,1.0,1.0,Unknown
RBM39,0.0,,1.0,1.0,Unknown
RBM4,0.0,,1.0,1.0,Unknown
RBM41,0.0,,1.0,1.0,Unknown
RBM42,0.0,,1.0,1.0,Unknown
RBM43,0.0,,1.0,1.0,Unknown
RBM44,0.0,,1.0,1.0,Unknown
RBM45,0.0,,1.0,1.0,Unknown
RBM10,0.0,,1.0,1.0,Unknown
RBM11,0.0,,1.0,1.0,Unknown
RBM12,0.0,,1.0,1.0,Unknown
RBM12B,0.0,,1.0,1.0,Unknown
RBM12B-AS1,0.0,,1.0,1.0,Unknown
RBM14,0.0,,1.0,1.0,Unknown
RBM14-RBM4,0.0,,1.0,1.0,Unknown
RBM15,0.0,,1.0,1.0,Unknown
RBM15B,0.0,,1.0,1.0,Unknown
RBM17,0.0,,1.0,1.0,Unknown
RBM18,0.0,,1.0,1.0,Unknown
RBM19,0.0,,1.0,1.0,Unknown
RBM20,0.0,,1.0,1.0,Unknown
RBM22,0.0,,1.0,1.0,Unknown
RBM23,0.0,,1.0,1.0,Unknown
RBM24,0.0,,1.0,1.0,Unknown
RBBP4,0.0,,1.0,1.0,Unknown
RBBP5,0.0,,1.0,1.0,Unknown
RBBP6,0.0,,1.0,1.0,Unknown
RBBP7,0.0,,1.0,1.0,Unknown
RBBP8,0.0,,1.0,1.0,Unknown
RBBP8NL,0.0,,1.0,1.0,Unknown
RBBP9,0.0,,1.0,1.0,Unknown
RBCK1,0.0,,1.0,1.0,Unknown
RBFA,0.0,,1.0,1.0,Unknown
RBFADN,0.0,,1.0,1.0,Unknown
RBFOX1,0.0,,1.0,1.0,Unknown
RBFOX2,0.0,,1.0,1.0,Unknown
RBFOX3,0.0,,1.0,1.0,Unknown
RBKS,0.0,,1.0,1.0,Unknown
RBL1,0.0,,1.0,1.0,Unknown
RBL2,0.0,,1.0,1.0,Unknown
RASSF4,0.0,,1.0,1.0,Unknown
RASSF5,0.0,,1.0,1.0,Unknown
RASSF6,0.0,,1.0,1.0,Unknown
RASSF7,0.0,,1.0,1.0,Unknown
RASSF8,0.0,,1.0,1.0,Unknown
RASSF8-AS1,0.0,,1.0,1.0,Unknown
RASSF9,0.0,,1.0,1.0,Unknown
RAVER1,0.0,,1.0,1.0,Unknown
RAVER2,0.0,,1.0,1.0,Unknown
RAX,0.0,,1.0,1.0,Unknown
RAX2,0.0,,1.0,1.0,Unknown
RB1,0.0,,1.0,1.0,Unknown
RB1CC1,0.0,,1.0,1.0,Unknown
RBAK,0.0,,1.0,1.0,Unknown
RBAK-RBAKDN,0.0,,1.0,1.0,Unknown
RBAKDN,0.0,,1.0,1.0,Unknown
RASGRF1,0.0,,1.0,1.0,Unknown
RASGRF2,0.0,,1.0,1.0,Unknown
RASGRP1,0.0,,1.0,1.0,Unknown
RASGRP2,0.0,,1.0,1.0,Unknown
RASGRP3,0.0,,1.0,1.0,Unknown
RASGRP4,0.0,,1.0,1.0,Unknown
RASIP1,0.0,,1.0,1.0,Unknown
RASL10A,0.0,,1.0,1.0,Unknown
RASL10B,0.0,,1.0,1.0,Unknown
RASL11A,0.0,,1.0,1.0,Unknown
RASL11B,0.0,,1.0,1.0,Unknown
RASL12,0.0,,1.0,1.0,Unknown
RASSF1,0.0,,1.0,1.0,Unknown
RASSF10,0.0,,1.0,1.0,Unknown
RASSF2,0.0,,1.0,1.0,Unknown
RASSF3,0.0,,1.0,1.0,Unknown
RASA1,0.0,,1.0,1.0,Unknown
RASA2,0.0,,1.0,1.0,Unknown
RASA3,0.0,,1.0,1.0,Unknown
RASA4,0.0,,1.0,1.0,Unknown
RASA4B,0.0,,1.0,1.0,Unknown
RASA4CP,0.0,,1.0,1.0,Unknown
RASAL1,0.0,,1.0,1.0,Unknown
RASAL2,0.0,,1.0,1.0,Unknown
RASAL2-AS1,0.0,,1.0,1.0,Unknown
RASAL3,0.0,,1.0,1.0,Unknown
RASD1,0.0,,1.0,1.0,Unknown
RASD2,0.0,,1.0,1.0,Unknown
RASEF,0.0,,1.0,1.0,Unknown
RASGEF1A,0.0,,1.0,1.0,Unknown
RASGEF1B,0.0,,1.0,1.0,Unknown
RASGEF1C,0.0,,1.0,1.0,Unknown
RAPGEF3,0.0,,1.0,1.0,Unknown
RAPGEF4,0.0,,1.0,1.0,Unknown
RAPGEF4-AS1,0.0,,1.0,1.0,Unknown
RAPGEF5,0.0,,1.0,1.0,Unknown
RAPGEF6,0.0,,1.0,1.0,Unknown
RAPGEFL1,0.0,,1.0,1.0,Unknown
RAPH1,0.0,,1.0,1.0,Unknown
RAPSN,0.0,,1.0,1.0,Unknown
RARA,0.0,,1.0,1.0,Unknown
RARB,0.0,,1.0,1.0,Unknown
RARG,0.0,,1.0,1.0,Unknown
RARRES1,0.0,,1.0,1.0,Unknown
RARRES2,0.0,,1.0,1.0,Unknown
RARRES3,0.0,,1.0,1.0,Unknown
RARS,0.0,,1.0,1.0,Unknown
RARS2,0.0,,1.0,1.0,Unknown
RANBP3,0.0,,1.0,1.0,Unknown
RANBP3L,0.0,,1.0,1.0,Unknown
RANBP6,0.0,,1.0,1.0,Unknown
RANBP9,0.0,,1.0,1.0,Unknown
RANGAP1,0.0,,1.0,1.0,Unknown
RANGRF,0.0,,1.0,1.0,Unknown
RAP1A,0.0,,1.0,1.0,Unknown
RAP1B,0.0,,1.0,1.0,Unknown
RAP1GAP,0.0,,1.0,1.0,Unknown
RAP1GAP2,0.0,,1.0,1.0,Unknown
RAP1GDS1,0.0,,1.0,1.0,Unknown
RAP2A,0.0,,1.0,1.0,Unknown
RAP2B,0.0,,1.0,1.0,Unknown
RAP2C,0.0,,1.0,1.0,Unknown
RAPGEF1,0.0,,1.0,1.0,Unknown
RAPGEF2,0.0,,1.0,1.0,Unknown
RALGAPA2,0.0,,1.0,1.0,Unknown
RALGAPB,0.0,,1.0,1.0,Unknown
RALGDS,0.0,,1.0,1.0,Unknown
RALGPS1,0.0,,1.0,1.0,Unknown
RALGPS2,0.0,,1.0,1.0,Unknown
RALY,0.0,,1.0,1.0,Unknown
RALYL,0.0,,1.0,1.0,Unknown
RAMP1,0.0,,1.0,1.0,Unknown
RAMP2,0.0,,1.0,1.0,Unknown
RAMP2-AS1,0.0,,1.0,1.0,Unknown
RAMP3,0.0,,1.0,1.0,Unknown
RAN,0.0,,1.0,1.0,Unknown
RANBP1,0.0,,1.0,1.0,Unknown
RANBP10,0.0,,1.0,1.0,Unknown
RANBP17,0.0,,1.0,1.0,Unknown
RANBP2,0.0,,1.0,1.0,Unknown
RADIL,0.0,,1.0,1.0,Unknown
RAE1,0.0,,1.0,1.0,Unknown
RAET1E,0.0,,1.0,1.0,Unknown
RAET1G,0.0,,1.0,1.0,Unknown
RAET1K,0.0,,1.0,1.0,Unknown
RAET1L,0.0,,1.0,1.0,Unknown
RAF1,0.0,,1.0,1.0,Unknown
RAG1,0.0,,1.0,1.0,Unknown
RAG2,0.0,,1.0,1.0,Unknown
RAI1,0.0,,1.0,1.0,Unknown
RAI14,0.0,,1.0,1.0,Unknown
RAI2,0.0,,1.0,1.0,Unknown
RALA,0.0,,1.0,1.0,Unknown
RALB,0.0,,1.0,1.0,Unknown
RALBP1,0.0,,1.0,1.0,Unknown
RALGAPA1,0.0,,1.0,1.0,Unknown
RAD23A,0.0,,1.0,1.0,Unknown
RAD23B,0.0,,1.0,1.0,Unknown
RAD50,0.0,,1.0,1.0,Unknown
RAD51,0.0,,1.0,1.0,Unknown
RAD51-AS1,0.0,,1.0,1.0,Unknown
RAD51AP1,0.0,,1.0,1.0,Unknown
RAD51AP2,0.0,,1.0,1.0,Unknown
RAD51B,0.0,,1.0,1.0,Unknown
RAD51C,0.0,,1.0,1.0,Unknown
RAD51D,0.0,,1.0,1.0,Unknown
RAD52,0.0,,1.0,1.0,Unknown
RAD54B,0.0,,1.0,1.0,Unknown
RAD54L,0.0,,1.0,1.0,Unknown
RAD54L2,0.0,,1.0,1.0,Unknown
RAD9A,0.0,,1.0,1.0,Unknown
RAD9B,0.0,,1.0,1.0,Unknown
RABIF,0.0,,1.0,1.0,Unknown
RABL2A,0.0,,1.0,1.0,Unknown
RABL2B,0.0,,1.0,1.0,Unknown
RABL3,0.0,,1.0,1.0,Unknown
RABL6,0.0,,1.0,1.0,Unknown
RAC1,0.0,,1.0,1.0,Unknown
RAC2,0.0,,1.0,1.0,Unknown
RAC3,0.0,,1.0,1.0,Unknown
RACGAP1,0.0,,1.0,1.0,Unknown
RACGAP1P,0.0,,1.0,1.0,Unknown
RAD1,0.0,,1.0,1.0,Unknown
RAD17,0.0,,1.0,1.0,Unknown
RAD18,0.0,,1.0,1.0,Unknown
RAD21,0.0,,1.0,1.0,Unknown
RAD21-AS1,0.0,,1.0,1.0,Unknown
RAD21L1,0.0,,1.0,1.0,Unknown
RAB6C,0.0,,1.0,1.0,Unknown
RAB7A,0.0,,1.0,1.0,Unknown
RAB8A,0.0,,1.0,1.0,Unknown
RAB8B,0.0,,1.0,1.0,Unknown
RAB9A,0.0,,1.0,1.0,Unknown
RAB9B,0.0,,1.0,1.0,Unknown
RAB9BP1,0.0,,1.0,1.0,Unknown
RABAC1,0.0,,1.0,1.0,Unknown
RABEP1,0.0,,1.0,1.0,Unknown
RABEP2,0.0,,1.0,1.0,Unknown
RABEPK,0.0,,1.0,1.0,Unknown
RABGAP1,0.0,,1.0,1.0,Unknown
RABGAP1L,0.0,,1.0,1.0,Unknown
RABGEF1,0.0,,1.0,1.0,Unknown
RABGGTA,0.0,,1.0,1.0,Unknown
RABGGTB,0.0,,1.0,1.0,Unknown
RAB40A,0.0,,1.0,1.0,Unknown
RAB40AL,0.0,,1.0,1.0,Unknown
RAB40B,0.0,,1.0,1.0,Unknown
RAB40C,0.0,,1.0,1.0,Unknown
RAB41,0.0,,1.0,1.0,Unknown
RAB42,0.0,,1.0,1.0,Unknown
RAB43,0.0,,1.0,1.0,Unknown
RAB44,0.0,,1.0,1.0,Unknown
RAB4A,0.0,,1.0,1.0,Unknown
RAB4B,0.0,,1.0,1.0,Unknown
RAB4B-EGLN2,0.0,,1.0,1.0,Unknown
RAB5A,0.0,,1.0,1.0,Unknown
RAB5B,0.0,,1.0,1.0,Unknown
RAB5C,0.0,,1.0,1.0,Unknown
RAB6A,0.0,,1.0,1.0,Unknown
RAB6B,0.0,,1.0,1.0,Unknown
RAB33B,0.0,,1.0,1.0,Unknown
RAB34,0.0,,1.0,1.0,Unknown
RAB35,0.0,,1.0,1.0,Unknown
RAB36,0.0,,1.0,1.0,Unknown
RAB37,0.0,,1.0,1.0,Unknown
RAB38,0.0,,1.0,1.0,Unknown
RAB39A,0.0,,1.0,1.0,Unknown
RAB39B,0.0,,1.0,1.0,Unknown
RAB3A,0.0,,1.0,1.0,Unknown
RAB3B,0.0,,1.0,1.0,Unknown
RAB3C,0.0,,1.0,1.0,Unknown
RAB3D,0.0,,1.0,1.0,Unknown
RAB3GAP1,0.0,,1.0,1.0,Unknown
RAB3GAP2,0.0,,1.0,1.0,Unknown
RAB3IL1,0.0,,1.0,1.0,Unknown
RAB3IP,0.0,,1.0,1.0,Unknown
RAB21,0.0,,1.0,1.0,Unknown
RAB22A,0.0,,1.0,1.0,Unknown
RAB23,0.0,,1.0,1.0,Unknown
RAB24,0.0,,1.0,1.0,Unknown
RAB25,0.0,,1.0,1.0,Unknown
RAB26,0.0,,1.0,1.0,Unknown
RAB27A,0.0,,1.0,1.0,Unknown
RAB27B,0.0,,1.0,1.0,Unknown
RAB28,0.0,,1.0,1.0,Unknown
RAB2A,0.0,,1.0,1.0,Unknown
RAB2B,0.0,,1.0,1.0,Unknown
RAB30,0.0,,1.0,1.0,Unknown
RAB30-AS1,0.0,,1.0,1.0,Unknown
RAB31,0.0,,1.0,1.0,Unknown
RAB32,0.0,,1.0,1.0,Unknown
RAB33A,0.0,,1.0,1.0,Unknown
RAB11B-AS1,0.0,,1.0,1.0,Unknown
RAB11FIP1,0.0,,1.0,1.0,Unknown
RAB11FIP2,0.0,,1.0,1.0,Unknown
RAB11FIP3,0.0,,1.0,1.0,Unknown
RAB11FIP4,0.0,,1.0,1.0,Unknown
RAB11FIP5,0.0,,1.0,1.0,Unknown
RAB12,0.0,,1.0,1.0,Unknown
RAB13,0.0,,1.0,1.0,Unknown
RAB14,0.0,,1.0,1.0,Unknown
RAB15,0.0,,1.0,1.0,Unknown
RAB17,0.0,,1.0,1.0,Unknown
RAB18,0.0,,1.0,1.0,Unknown
RAB19,0.0,,1.0,1.0,Unknown
RAB1A,0.0,,1.0,1.0,Unknown
RAB1B,0.0,,1.0,1.0,Unknown
RAB20,0.0,,1.0,1.0,Unknown
QRICH1,0.0,,1.0,1.0,Unknown
QRICH2,0.0,,1.0,1.0,Unknown
QRSL1,0.0,,1.0,1.0,Unknown
QSER1,0.0,,1.0,1.0,Unknown
QSOX1,0.0,,1.0,1.0,Unknown
QSOX2,0.0,,1.0,1.0,Unknown
QTRT1,0.0,,1.0,1.0,Unknown
R3HCC1,0.0,,1.0,1.0,Unknown
R3HCC1L,0.0,,1.0,1.0,Unknown
R3HDM1,0.0,,1.0,1.0,Unknown
R3HDM2,0.0,,1.0,1.0,Unknown
R3HDM4,0.0,,1.0,1.0,Unknown
R3HDML,0.0,,1.0,1.0,Unknown
RAB10,0.0,,1.0,1.0,Unknown
RAB11A,0.0,,1.0,1.0,Unknown
RAB11B,0.0,,1.0,1.0,Unknown
PYGO2,0.0,,1.0,1.0,Unknown
PYHIN1,0.0,,1.0,1.0,Unknown
PYROXD1,0.0,,1.0,1.0,Unknown
PYROXD2,0.0,,1.0,1.0,Unknown
PYURF,0.0,,1.0,1.0,Unknown
PYY,0.0,,1.0,1.0,Unknown
PYY2,0.0,,1.0,1.0,Unknown
PZP,0.0,,1.0,1.0,Unknown
QARS,0.0,,1.0,1.0,Unknown
QDPR,0.0,,1.0,1.0,Unknown
QKI,0.0,,1.0,1.0,Unknown
QPCT,0.0,,1.0,1.0,Unknown
QPCTL,0.0,,1.0,1.0,Unknown
QPRT,0.0,,1.0,1.0,Unknown
QRFP,0.0,,1.0,1.0,Unknown
QRFPR,0.0,,1.0,1.0,Unknown
PXDNL,0.0,,1.0,1.0,Unknown
PXK,0.0,,1.0,1.0,Unknown
PXMP2,0.0,,1.0,1.0,Unknown
PXMP4,0.0,,1.0,1.0,Unknown
PXN,0.0,,1.0,1.0,Unknown
PXN-AS1,0.0,,1.0,1.0,Unknown
PXT1,0.0,,1.0,1.0,Unknown
PYCARD,0.0,,1.0,1.0,Unknown
PYCR1,0.0,,1.0,1.0,Unknown
PYCR2,0.0,,1.0,1.0,Unknown
PYDC1,0.0,,1.0,1.0,Unknown
PYDC2,0.0,,1.0,1.0,Unknown
PYGB,0.0,,1.0,1.0,Unknown
PYGL,0.0,,1.0,1.0,Unknown
PYGM,0.0,,1.0,1.0,Unknown
PYGO1,0.0,,1.0,1.0,Unknown
PUSL1,0.0,,1.0,1.0,Unknown
PVALB,0.0,,1.0,1.0,Unknown
PVR,0.0,,1.0,1.0,Unknown
PVRIG,0.0,,1.0,1.0,Unknown
PVRL3-AS1,0.0,,1.0,1.0,Unknown
PVT1,0.0,,1.0,1.0,Unknown
PWAR1,0.0,,1.0,1.0,Unknown
PWAR5,0.0,,1.0,1.0,Unknown
PWP1,0.0,,1.0,1.0,Unknown
PWP2,0.0,,1.0,1.0,Unknown
PWRN1,0.0,,1.0,1.0,Unknown
PWRN2,0.0,,1.0,1.0,Unknown
PWWP2A,0.0,,1.0,1.0,Unknown
PWWP2B,0.0,,1.0,1.0,Unknown
PXDC1,0.0,,1.0,1.0,Unknown
PXDN,0.0,,1.0,1.0,Unknown
PTTG1IP,0.0,,1.0,1.0,Unknown
PTTG2,0.0,,1.0,1.0,Unknown
PTTG3P,0.0,,1.0,1.0,Unknown
PTX3,0.0,,1.0,1.0,Unknown
PTX4,0.0,,1.0,1.0,Unknown
PUF60,0.0,,1.0,1.0,Unknown
PUM1,0.0,,1.0,1.0,Unknown
PUM2,0.0,,1.0,1.0,Unknown
PURA,0.0,,1.0,1.0,Unknown
PURB,0.0,,1.0,1.0,Unknown
PURG,0.0,,1.0,1.0,Unknown
PUS1,0.0,,1.0,1.0,Unknown
PUS10,0.0,,1.0,1.0,Unknown
PUS3,0.0,,1.0,1.0,Unknown
PUS7,0.0,,1.0,1.0,Unknown
PUS7L,0.0,,1.0,1.0,Unknown
PTPRM,0.0,,1.0,1.0,Unknown
PTPRN,0.0,,1.0,1.0,Unknown
PTPRN2,0.0,,1.0,1.0,Unknown
PTPRO,0.0,,1.0,1.0,Unknown
PTPRQ,0.0,,1.0,1.0,Unknown
PTPRR,0.0,,1.0,1.0,Unknown
PTPRS,0.0,,1.0,1.0,Unknown
PTPRT,0.0,,1.0,1.0,Unknown
PTPRU,0.0,,1.0,1.0,Unknown
PTPRVP,0.0,,1.0,1.0,Unknown
PTPRZ1,0.0,,1.0,1.0,Unknown
PTRH1,0.0,,1.0,1.0,Unknown
PTRH2,0.0,,1.0,1.0,Unknown
PTRHD1,0.0,,1.0,1.0,Unknown
PTS,0.0,,1.0,1.0,Unknown
PTTG1,0.0,,1.0,1.0,Unknown
PTPN5,0.0,,1.0,1.0,Unknown
PTPN6,0.0,,1.0,1.0,Unknown
PTPN7,0.0,,1.0,1.0,Unknown
PTPN9,0.0,,1.0,1.0,Unknown
PTPRA,0.0,,1.0,1.0,Unknown
PTPRB,0.0,,1.0,1.0,Unknown
PTPRC,0.0,,1.0,1.0,Unknown
PTPRCAP,0.0,,1.0,1.0,Unknown
PTPRD,0.0,,1.0,1.0,Unknown
PTPRE,0.0,,1.0,1.0,Unknown
PTPRF,0.0,,1.0,1.0,Unknown
PTPRG,0.0,,1.0,1.0,Unknown
PTPRG-AS1,0.0,,1.0,1.0,Unknown
PTPRH,0.0,,1.0,1.0,Unknown
PTPRJ,0.0,,1.0,1.0,Unknown
PTPRK,0.0,,1.0,1.0,Unknown
PTP4A2,0.0,,1.0,1.0,Unknown
PTP4A3,0.0,,1.0,1.0,Unknown
PTPDC1,0.0,,1.0,1.0,Unknown
PTPMT1,0.0,,1.0,1.0,Unknown
PTPN1,0.0,,1.0,1.0,Unknown
PTPN11,0.0,,1.0,1.0,Unknown
PTPN12,0.0,,1.0,1.0,Unknown
PTPN13,0.0,,1.0,1.0,Unknown
PTPN14,0.0,,1.0,1.0,Unknown
PTPN18,0.0,,1.0,1.0,Unknown
PTPN2,0.0,,1.0,1.0,Unknown
PTPN21,0.0,,1.0,1.0,Unknown
PTPN22,0.0,,1.0,1.0,Unknown
PTPN23,0.0,,1.0,1.0,Unknown
PTPN3,0.0,,1.0,1.0,Unknown
PTPN4,0.0,,1.0,1.0,Unknown
PTGS2,0.0,,1.0,1.0,Unknown
PTH,0.0,,1.0,1.0,Unknown
PTH1R,0.0,,1.0,1.0,Unknown
PTH2,0.0,,1.0,1.0,Unknown
PTH2R,0.0,,1.0,1.0,Unknown
PTHLH,0.0,,1.0,1.0,Unknown
PTK2,0.0,,1.0,1.0,Unknown
PTK2B,0.0,,1.0,1.0,Unknown
PTK6,0.0,,1.0,1.0,Unknown
PTK7,0.0,,1.0,1.0,Unknown
PTMA,0.0,,1.0,1.0,Unknown
PTMS,0.0,,1.0,1.0,Unknown
PTN,0.0,,1.0,1.0,Unknown
PTOV1,0.0,,1.0,1.0,Unknown
PTOV1-AS1,0.0,,1.0,1.0,Unknown
PTP4A1,0.0,,1.0,1.0,Unknown
PTGER1,0.0,,1.0,1.0,Unknown
PTGER2,0.0,,1.0,1.0,Unknown
PTGER3,0.0,,1.0,1.0,Unknown
PTGER4,0.0,,1.0,1.0,Unknown
PTGES,0.0,,1.0,1.0,Unknown
PTGES2,0.0,,1.0,1.0,Unknown
PTGES3,0.0,,1.0,1.0,Unknown
PTGES3L,0.0,,1.0,1.0,Unknown
PTGES3L-AARSD1,0.0,,1.0,1.0,Unknown
PTGFR,0.0,,1.0,1.0,Unknown
PTGFRN,0.0,,1.0,1.0,Unknown
PTGIR,0.0,,1.0,1.0,Unknown
PTGIS,0.0,,1.0,1.0,Unknown
PTGR1,0.0,,1.0,1.0,Unknown
PTGR2,0.0,,1.0,1.0,Unknown
PTGS1,0.0,,1.0,1.0,Unknown
PTCH2,0.0,,1.0,1.0,Unknown
PTCHD1,0.0,,1.0,1.0,Unknown
PTCHD3,0.0,,1.0,1.0,Unknown
PTCHD3P1,0.0,,1.0,1.0,Unknown
PTCHD4,0.0,,1.0,1.0,Unknown
PTCRA,0.0,,1.0,1.0,Unknown
PTCSC3,0.0,,1.0,1.0,Unknown
PTDSS1,0.0,,1.0,1.0,Unknown
PTDSS2,0.0,,1.0,1.0,Unknown
PTEN,0.0,,1.0,1.0,Unknown
PTENP1,0.0,,1.0,1.0,Unknown
PTER,0.0,,1.0,1.0,Unknown
PTF1A,0.0,,1.0,1.0,Unknown
PTGDR,0.0,,1.0,1.0,Unknown
PTGDR2,0.0,,1.0,1.0,Unknown
PTGDS,0.0,,1.0,1.0,Unknown
PSPC1,0.0,,1.0,1.0,Unknown
PSPH,0.0,,1.0,1.0,Unknown
PSPN,0.0,,1.0,1.0,Unknown
PSRC1,0.0,,1.0,1.0,Unknown
PSTK,0.0,,1.0,1.0,Unknown
PSTPIP1,0.0,,1.0,1.0,Unknown
PSTPIP2,0.0,,1.0,1.0,Unknown
PTAFR,0.0,,1.0,1.0,Unknown
PTAR1,0.0,,1.0,1.0,Unknown
PTBP1,0.0,,1.0,1.0,Unknown
PTBP2,0.0,,1.0,1.0,Unknown
PTBP3,0.0,,1.0,1.0,Unknown
PTCD1,0.0,,1.0,1.0,Unknown
PTCD2,0.0,,1.0,1.0,Unknown
PTCD3,0.0,,1.0,1.0,Unknown
PTCH1,0.0,,1.0,1.0,Unknown
PSMD7,0.0,,1.0,1.0,Unknown
PSMD8,0.0,,1.0,1.0,Unknown
PSMD9,0.0,,1.0,1.0,Unknown
PSME1,0.0,,1.0,1.0,Unknown
PSME2,0.0,,1.0,1.0,Unknown
PSME3,0.0,,1.0,1.0,Unknown
PSME4,0.0,,1.0,1.0,Unknown
PSMF1,0.0,,1.0,1.0,Unknown
PSMG1,0.0,,1.0,1.0,Unknown
PSMG2,0.0,,1.0,1.0,Unknown
PSMG3,0.0,,1.0,1.0,Unknown
PSMG3-AS1,0.0,,1.0,1.0,Unknown
PSMG4,0.0,,1.0,1.0,Unknown
PSORS1C1,0.0,,1.0,1.0,Unknown
PSORS1C2,0.0,,1.0,1.0,Unknown
PSORS1C3,0.0,,1.0,1.0,Unknown
PSMC4,0.0,,1.0,1.0,Unknown
PSMC5,0.0,,1.0,1.0,Unknown
PSMC6,0.0,,1.0,1.0,Unknown
PSMD1,0.0,,1.0,1.0,Unknown
PSMD10,0.0,,1.0,1.0,Unknown
PSMD11,0.0,,1.0,1.0,Unknown
PSMD12,0.0,,1.0,1.0,Unknown
PSMD13,0.0,,1.0,1.0,Unknown
PSMD14,0.0,,1.0,1.0,Unknown
PSMD2,0.0,,1.0,1.0,Unknown
PSMD3,0.0,,1.0,1.0,Unknown
PSMD4,0.0,,1.0,1.0,Unknown
PSMD5,0.0,,1.0,1.0,Unknown
PSMD5-AS1,0.0,,1.0,1.0,Unknown
PSMD6,0.0,,1.0,1.0,Unknown
PSMD6-AS2,0.0,,1.0,1.0,Unknown
PSMA8,0.0,,1.0,1.0,Unknown
PSMB1,0.0,,1.0,1.0,Unknown
PSMB10,0.0,,1.0,1.0,Unknown
PSMB11,0.0,,1.0,1.0,Unknown
PSMB2,0.0,,1.0,1.0,Unknown
PSMB3,0.0,,1.0,1.0,Unknown
PSMB4,0.0,,1.0,1.0,Unknown
PSMB5,0.0,,1.0,1.0,Unknown
PSMB6,0.0,,1.0,1.0,Unknown
PSMB7,0.0,,1.0,1.0,Unknown
PSMB8,0.0,,1.0,1.0,Unknown
PSMB9,0.0,,1.0,1.0,Unknown
PSMC1,0.0,,1.0,1.0,Unknown
PSMC2,0.0,,1.0,1.0,Unknown
PSMC3,0.0,,1.0,1.0,Unknown
PSMC3IP,0.0,,1.0,1.0,Unknown
PSG4,0.0,,1.0,1.0,Unknown
PSG5,0.0,,1.0,1.0,Unknown
PSG6,0.0,,1.0,1.0,Unknown
PSG7,0.0,,1.0,1.0,Unknown
PSG8,0.0,,1.0,1.0,Unknown
PSG9,0.0,,1.0,1.0,Unknown
PSIP1,0.0,,1.0,1.0,Unknown
PSKH1,0.0,,1.0,1.0,Unknown
PSKH2,0.0,,1.0,1.0,Unknown
PSMA1,0.0,,1.0,1.0,Unknown
PSMA2,0.0,,1.0,1.0,Unknown
PSMA3,0.0,,1.0,1.0,Unknown
PSMA4,0.0,,1.0,1.0,Unknown
PSMA5,0.0,,1.0,1.0,Unknown
PSMA6,0.0,,1.0,1.0,Unknown
PSMA7,0.0,,1.0,1.0,Unknown
PSAP,0.0,,1.0,1.0,Unknown
PSAPL1,0.0,,1.0,1.0,Unknown
PSAT1,0.0,,1.0,1.0,Unknown
PSCA,0.0,,1.0,1.0,Unknown
PSD,0.0,,1.0,1.0,Unknown
PSD2,0.0,,1.0,1.0,Unknown
PSD3,0.0,,1.0,1.0,Unknown
PSD4,0.0,,1.0,1.0,Unknown
PSEN1,0.0,,1.0,1.0,Unknown
PSEN2,0.0,,1.0,1.0,Unknown
PSENEN,0.0,,1.0,1.0,Unknown
PSG1,0.0,,1.0,1.0,Unknown
PSG10P,0.0,,1.0,1.0,Unknown
PSG11,0.0,,1.0,1.0,Unknown
PSG2,0.0,,1.0,1.0,Unknown
PSG3,0.0,,1.0,1.0,Unknown
PRSS48,0.0,,1.0,1.0,Unknown
PRSS50,0.0,,1.0,1.0,Unknown
PRSS53,0.0,,1.0,1.0,Unknown
PRSS54,0.0,,1.0,1.0,Unknown
PRSS55,0.0,,1.0,1.0,Unknown
PRSS56,0.0,,1.0,1.0,Unknown
PRSS57,0.0,,1.0,1.0,Unknown
PRSS58,0.0,,1.0,1.0,Unknown
PRSS8,0.0,,1.0,1.0,Unknown
PRTFDC1,0.0,,1.0,1.0,Unknown
PRTG,0.0,,1.0,1.0,Unknown
PRTN3,0.0,,1.0,1.0,Unknown
PRUNE2,0.0,,1.0,1.0,Unknown
PRX,0.0,,1.0,1.0,Unknown
PRY,0.0,,1.0,1.0,Unknown
PRY2,0.0,,1.0,1.0,Unknown
PRSS21,0.0,,1.0,1.0,Unknown
PRSS22,0.0,,1.0,1.0,Unknown
PRSS23,0.0,,1.0,1.0,Unknown
PRSS27,0.0,,1.0,1.0,Unknown
PRSS3,0.0,,1.0,1.0,Unknown
PRSS30P,0.0,,1.0,1.0,Unknown
PRSS33,0.0,,1.0,1.0,Unknown
PRSS35,0.0,,1.0,1.0,Unknown
PRSS36,0.0,,1.0,1.0,Unknown
PRSS37,0.0,,1.0,1.0,Unknown
PRSS38,0.0,,1.0,1.0,Unknown
PRSS3P2,0.0,,1.0,1.0,Unknown
PRSS41,0.0,,1.0,1.0,Unknown
PRSS42,0.0,,1.0,1.0,Unknown
PRSS45,0.0,,1.0,1.0,Unknown
PRSS46,0.0,,1.0,1.0,Unknown
PRRC2C,0.0,,1.0,1.0,Unknown
PRRG1,0.0,,1.0,1.0,Unknown
PRRG2,0.0,,1.0,1.0,Unknown
PRRG3,0.0,,1.0,1.0,Unknown
PRRG4,0.0,,1.0,1.0,Unknown
PRRT1,0.0,,1.0,1.0,Unknown
PRRT2,0.0,,1.0,1.0,Unknown
PRRT3,0.0,,1.0,1.0,Unknown
PRRT3-AS1,0.0,,1.0,1.0,Unknown
PRRT4,0.0,,1.0,1.0,Unknown
PRRX1,0.0,,1.0,1.0,Unknown
PRRX2,0.0,,1.0,1.0,Unknown
PRSS1,0.0,,1.0,1.0,Unknown
PRSS12,0.0,,1.0,1.0,Unknown
PRSS16,0.0,,1.0,1.0,Unknown
PRSS2,0.0,,1.0,1.0,Unknown
PRR23A,0.0,,1.0,1.0,Unknown
PRR23B,0.0,,1.0,1.0,Unknown
PRR23C,0.0,,1.0,1.0,Unknown
PRR25,0.0,,1.0,1.0,Unknown
PRR26,0.0,,1.0,1.0,Unknown
PRR3,0.0,,1.0,1.0,Unknown
PRR4,0.0,,1.0,1.0,Unknown
PRR5,0.0,,1.0,1.0,Unknown
PRR5-ARHGAP8,0.0,,1.0,1.0,Unknown
PRR5L,0.0,,1.0,1.0,Unknown
PRR7,0.0,,1.0,1.0,Unknown
PRR7-AS1,0.0,,1.0,1.0,Unknown
PRR9,0.0,,1.0,1.0,Unknown
PRRC1,0.0,,1.0,1.0,Unknown
PRRC2A,0.0,,1.0,1.0,Unknown
PRRC2B,0.0,,1.0,1.0,Unknown
PRR12,0.0,,1.0,1.0,Unknown
PRR13,0.0,,1.0,1.0,Unknown
PRR14,0.0,,1.0,1.0,Unknown
PRR14L,0.0,,1.0,1.0,Unknown
PRR15,0.0,,1.0,1.0,Unknown
PRR15L,0.0,,1.0,1.0,Unknown
PRR16,0.0,,1.0,1.0,Unknown
PRR18,0.0,,1.0,1.0,Unknown
PRR19,0.0,,1.0,1.0,Unknown
PRR20A,0.0,,1.0,1.0,Unknown
PRR20B,0.0,,1.0,1.0,Unknown
PRR20C,0.0,,1.0,1.0,Unknown
PRR20D,0.0,,1.0,1.0,Unknown
PRR20E,0.0,,1.0,1.0,Unknown
PRR21,0.0,,1.0,1.0,Unknown
PRR22,0.0,,1.0,1.0,Unknown
PRPF38B,0.0,,1.0,1.0,Unknown
PRPF39,0.0,,1.0,1.0,Unknown
PRPF4,0.0,,1.0,1.0,Unknown
PRPF40A,0.0,,1.0,1.0,Unknown
PRPF40B,0.0,,1.0,1.0,Unknown
PRPF4B,0.0,,1.0,1.0,Unknown
PRPF6,0.0,,1.0,1.0,Unknown
PRPF8,0.0,,1.0,1.0,Unknown
PRPH,0.0,,1.0,1.0,Unknown
PRPH2,0.0,,1.0,1.0,Unknown
PRPS1,0.0,,1.0,1.0,Unknown
PRPS1L1,0.0,,1.0,1.0,Unknown
PRPS2,0.0,,1.0,1.0,Unknown
PRPSAP1,0.0,,1.0,1.0,Unknown
PRPSAP2,0.0,,1.0,1.0,Unknown
PRR11,0.0,,1.0,1.0,Unknown
PROM1,0.0,,1.0,1.0,Unknown
PROM2,0.0,,1.0,1.0,Unknown
PROP1,0.0,,1.0,1.0,Unknown
PRORSD1P,0.0,,1.0,1.0,Unknown
PROS1,0.0,,1.0,1.0,Unknown
PROSER1,0.0,,1.0,1.0,Unknown
PROSER2,0.0,,1.0,1.0,Unknown
PROSER2-AS1,0.0,,1.0,1.0,Unknown
PROX1,0.0,,1.0,1.0,Unknown
PROX2,0.0,,1.0,1.0,Unknown
PROZ,0.0,,1.0,1.0,Unknown
PRPF18,0.0,,1.0,1.0,Unknown
PRPF19,0.0,,1.0,1.0,Unknown
PRPF3,0.0,,1.0,1.0,Unknown
PRPF31,0.0,,1.0,1.0,Unknown
PRPF38A,0.0,,1.0,1.0,Unknown
PRMT6,0.0,,1.0,1.0,Unknown
PRMT7,0.0,,1.0,1.0,Unknown
PRMT8,0.0,,1.0,1.0,Unknown
PRND,0.0,,1.0,1.0,Unknown
PRNP,0.0,,1.0,1.0,Unknown
PRNT,0.0,,1.0,1.0,Unknown
PROB1,0.0,,1.0,1.0,Unknown
PROC,0.0,,1.0,1.0,Unknown
PROCA1,0.0,,1.0,1.0,Unknown
PROCR,0.0,,1.0,1.0,Unknown
PRODH,0.0,,1.0,1.0,Unknown
PRODH2,0.0,,1.0,1.0,Unknown
PROK1,0.0,,1.0,1.0,Unknown
PROK2,0.0,,1.0,1.0,Unknown
PROKR1,0.0,,1.0,1.0,Unknown
PROKR2,0.0,,1.0,1.0,Unknown
PRKRA,0.0,,1.0,1.0,Unknown
PRKRIP1,0.0,,1.0,1.0,Unknown
PRKX,0.0,,1.0,1.0,Unknown
PRKXP1,0.0,,1.0,1.0,Unknown
PRKY,0.0,,1.0,1.0,Unknown
PRL,0.0,,1.0,1.0,Unknown
PRLH,0.0,,1.0,1.0,Unknown
PRLHR,0.0,,1.0,1.0,Unknown
PRLR,0.0,,1.0,1.0,Unknown
PRM1,0.0,,1.0,1.0,Unknown
PRM2,0.0,,1.0,1.0,Unknown
PRM3,0.0,,1.0,1.0,Unknown
PRMT1,0.0,,1.0,1.0,Unknown
PRMT2,0.0,,1.0,1.0,Unknown
PRMT3,0.0,,1.0,1.0,Unknown
PRMT5,0.0,,1.0,1.0,Unknown
PRKCD,0.0,,1.0,1.0,Unknown
PRKCE,0.0,,1.0,1.0,Unknown
PRKCG,0.0,,1.0,1.0,Unknown
PRKCH,0.0,,1.0,1.0,Unknown
PRKCI,0.0,,1.0,1.0,Unknown
PRKCQ,0.0,,1.0,1.0,Unknown
PRKCQ-AS1,0.0,,1.0,1.0,Unknown
PRKCSH,0.0,,1.0,1.0,Unknown
PRKCZ,0.0,,1.0,1.0,Unknown
PRKD1,0.0,,1.0,1.0,Unknown
PRKD2,0.0,,1.0,1.0,Unknown
PRKD3,0.0,,1.0,1.0,Unknown
PRKDC,0.0,,1.0,1.0,Unknown
PRKG1,0.0,,1.0,1.0,Unknown
PRKG1-AS1,0.0,,1.0,1.0,Unknown
PRKG2,0.0,,1.0,1.0,Unknown
PRKAA2,0.0,,1.0,1.0,Unknown
PRKAB1,0.0,,1.0,1.0,Unknown
PRKAB2,0.0,,1.0,1.0,Unknown
PRKACA,0.0,,1.0,1.0,Unknown
PRKACB,0.0,,1.0,1.0,Unknown
PRKACG,0.0,,1.0,1.0,Unknown
PRKAG1,0.0,,1.0,1.0,Unknown
PRKAG2,0.0,,1.0,1.0,Unknown
PRKAG2-AS1,0.0,,1.0,1.0,Unknown
PRKAG3,0.0,,1.0,1.0,Unknown
PRKAR1A,0.0,,1.0,1.0,Unknown
PRKAR1B,0.0,,1.0,1.0,Unknown
PRKAR2A,0.0,,1.0,1.0,Unknown
PRKAR2B,0.0,,1.0,1.0,Unknown
PRKCA,0.0,,1.0,1.0,Unknown
PRKCB,0.0,,1.0,1.0,Unknown
PRG2,0.0,,1.0,1.0,Unknown
PRG3,0.0,,1.0,1.0,Unknown
PRG4,0.0,,1.0,1.0,Unknown
PRH1,0.0,,1.0,1.0,Unknown
PRH2,0.0,,1.0,1.0,Unknown
PRICKLE1,0.0,,1.0,1.0,Unknown
PRICKLE2,0.0,,1.0,1.0,Unknown
PRICKLE2-AS1,0.0,,1.0,1.0,Unknown
PRICKLE2-AS2,0.0,,1.0,1.0,Unknown
PRICKLE2-AS3,0.0,,1.0,1.0,Unknown
PRICKLE3,0.0,,1.0,1.0,Unknown
PRICKLE4,0.0,,1.0,1.0,Unknown
PRIM1,0.0,,1.0,1.0,Unknown
PRIM2,0.0,,1.0,1.0,Unknown
PRIMA1,0.0,,1.0,1.0,Unknown
PRKAA1,0.0,,1.0,1.0,Unknown
PRDM9,0.0,,1.0,1.0,Unknown
PRDX1,0.0,,1.0,1.0,Unknown
PRDX2,0.0,,1.0,1.0,Unknown
PRDX3,0.0,,1.0,1.0,Unknown
PRDX4,0.0,,1.0,1.0,Unknown
PRDX5,0.0,,1.0,1.0,Unknown
PRDX6,0.0,,1.0,1.0,Unknown
PREB,0.0,,1.0,1.0,Unknown
PRELID1,0.0,,1.0,1.0,Unknown
PRELID2,0.0,,1.0,1.0,Unknown
PRELP,0.0,,1.0,1.0,Unknown
PREP,0.0,,1.0,1.0,Unknown
PREPL,0.0,,1.0,1.0,Unknown
PREX1,0.0,,1.0,1.0,Unknown
PREX2,0.0,,1.0,1.0,Unknown
PRF1,0.0,,1.0,1.0,Unknown
PRCD,0.0,,1.0,1.0,Unknown
PRCP,0.0,,1.0,1.0,Unknown
PRDM1,0.0,,1.0,1.0,Unknown
PRDM10,0.0,,1.0,1.0,Unknown
PRDM11,0.0,,1.0,1.0,Unknown
PRDM12,0.0,,1.0,1.0,Unknown
PRDM13,0.0,,1.0,1.0,Unknown
PRDM14,0.0,,1.0,1.0,Unknown
PRDM15,0.0,,1.0,1.0,Unknown
PRDM16,0.0,,1.0,1.0,Unknown
PRDM2,0.0,,1.0,1.0,Unknown
PRDM4,0.0,,1.0,1.0,Unknown
PRDM5,0.0,,1.0,1.0,Unknown
PRDM6,0.0,,1.0,1.0,Unknown
PRDM7,0.0,,1.0,1.0,Unknown
PRDM8,0.0,,1.0,1.0,Unknown
PRAMEF20,0.0,,1.0,1.0,Unknown
PRAMEF22,0.0,,1.0,1.0,Unknown
PRAMEF4,0.0,,1.0,1.0,Unknown
PRAMEF5,0.0,,1.0,1.0,Unknown
PRAMEF6,0.0,,1.0,1.0,Unknown
PRAMEF7,0.0,,1.0,1.0,Unknown
PRAMEF8,0.0,,1.0,1.0,Unknown
PRAMEF9,0.0,,1.0,1.0,Unknown
PRAP1,0.0,,1.0,1.0,Unknown
PRB1,0.0,,1.0,1.0,Unknown
PRB2,0.0,,1.0,1.0,Unknown
PRB3,0.0,,1.0,1.0,Unknown
PRB4,0.0,,1.0,1.0,Unknown
PRC1,0.0,,1.0,1.0,Unknown
PRC1-AS1,0.0,,1.0,1.0,Unknown
PRCC,0.0,,1.0,1.0,Unknown
PQLC2,0.0,,1.0,1.0,Unknown
PQLC3,0.0,,1.0,1.0,Unknown
PRADC1,0.0,,1.0,1.0,Unknown
PRAF2,0.0,,1.0,1.0,Unknown
PRAM1,0.0,,1.0,1.0,Unknown
PRAME,0.0,,1.0,1.0,Unknown
PRAMEF1,0.0,,1.0,1.0,Unknown
PRAMEF10,0.0,,1.0,1.0,Unknown
PRAMEF11,0.0,,1.0,1.0,Unknown
PRAMEF12,0.0,,1.0,1.0,Unknown
PRAMEF13,0.0,,1.0,1.0,Unknown
PRAMEF15,0.0,,1.0,1.0,Unknown
PRAMEF17,0.0,,1.0,1.0,Unknown
PRAMEF18,0.0,,1.0,1.0,Unknown
PRAMEF19,0.0,,1.0,1.0,Unknown
PRAMEF2,0.0,,1.0,1.0,Unknown
PPP4R4,0.0,,1.0,1.0,Unknown
PPP5C,0.0,,1.0,1.0,Unknown
PPP5D1,0.0,,1.0,1.0,Unknown
PPP6C,0.0,,1.0,1.0,Unknown
PPP6R1,0.0,,1.0,1.0,Unknown
PPP6R2,0.0,,1.0,1.0,Unknown
PPP6R3,0.0,,1.0,1.0,Unknown
PPRC1,0.0,,1.0,1.0,Unknown
PPT1,0.0,,1.0,1.0,Unknown
PPT2,0.0,,1.0,1.0,Unknown
PPT2-EGFL8,0.0,,1.0,1.0,Unknown
PPTC7,0.0,,1.0,1.0,Unknown
PPWD1,0.0,,1.0,1.0,Unknown
PPY,0.0,,1.0,1.0,Unknown
PQBP1,0.0,,1.0,1.0,Unknown
PQLC1,0.0,,1.0,1.0,Unknown
PPP2R3B,0.0,,1.0,1.0,Unknown
PPP2R3C,0.0,,1.0,1.0,Unknown
PPP2R5A,0.0,,1.0,1.0,Unknown
PPP2R5B,0.0,,1.0,1.0,Unknown
PPP2R5C,0.0,,1.0,1.0,Unknown
PPP2R5D,0.0,,1.0,1.0,Unknown
PPP2R5E,0.0,,1.0,1.0,Unknown
PPP3CA,0.0,,1.0,1.0,Unknown
PPP3CB,0.0,,1.0,1.0,Unknown
PPP3CC,0.0,,1.0,1.0,Unknown
PPP3R1,0.0,,1.0,1.0,Unknown
PPP3R2,0.0,,1.0,1.0,Unknown
PPP4C,0.0,,1.0,1.0,Unknown
PPP4R1,0.0,,1.0,1.0,Unknown
PPP4R1L,0.0,,1.0,1.0,Unknown
PPP4R2,0.0,,1.0,1.0,Unknown
PPP1R3G,0.0,,1.0,1.0,Unknown
PPP1R42,0.0,,1.0,1.0,Unknown
PPP1R7,0.0,,1.0,1.0,Unknown
PPP1R8,0.0,,1.0,1.0,Unknown
PPP1R9A,0.0,,1.0,1.0,Unknown
PPP1R9B,0.0,,1.0,1.0,Unknown
PPP2CA,0.0,,1.0,1.0,Unknown
PPP2CB,0.0,,1.0,1.0,Unknown
PPP2R1A,0.0,,1.0,1.0,Unknown
PPP2R1B,0.0,,1.0,1.0,Unknown
PPP2R2A,0.0,,1.0,1.0,Unknown
PPP2R2B,0.0,,1.0,1.0,Unknown
PPP2R2B-IT1,0.0,,1.0,1.0,Unknown
PPP2R2C,0.0,,1.0,1.0,Unknown
PPP2R2D,0.0,,1.0,1.0,Unknown
PPP2R3A,0.0,,1.0,1.0,Unknown
PPP1R21,0.0,,1.0,1.0,Unknown
PPP1R26,0.0,,1.0,1.0,Unknown
PPP1R26-AS1,0.0,,1.0,1.0,Unknown
PPP1R27,0.0,,1.0,1.0,Unknown
PPP1R2P3,0.0,,1.0,1.0,Unknown
PPP1R2P9,0.0,,1.0,1.0,Unknown
PPP1R32,0.0,,1.0,1.0,Unknown
PPP1R35,0.0,,1.0,1.0,Unknown
PPP1R36,0.0,,1.0,1.0,Unknown
PPP1R37,0.0,,1.0,1.0,Unknown
PPP1R3A,0.0,,1.0,1.0,Unknown
PPP1R3B,0.0,,1.0,1.0,Unknown
PPP1R3C,0.0,,1.0,1.0,Unknown
PPP1R3D,0.0,,1.0,1.0,Unknown
PPP1R3E,0.0,,1.0,1.0,Unknown
PPP1R3F,0.0,,1.0,1.0,Unknown
PPP1R13B,0.0,,1.0,1.0,Unknown
PPP1R13L,0.0,,1.0,1.0,Unknown
PPP1R14A,0.0,,1.0,1.0,Unknown
PPP1R14B,0.0,,1.0,1.0,Unknown
PPP1R14C,0.0,,1.0,1.0,Unknown
PPP1R14D,0.0,,1.0,1.0,Unknown
PPP1R15A,0.0,,1.0,1.0,Unknown
PPP1R15B,0.0,,1.0,1.0,Unknown
PPP1R16A,0.0,,1.0,1.0,Unknown
PPP1R16B,0.0,,1.0,1.0,Unknown
PPP1R17,0.0,,1.0,1.0,Unknown
PPP1R18,0.0,,1.0,1.0,Unknown
PPP1R1A,0.0,,1.0,1.0,Unknown
PPP1R1B,0.0,,1.0,1.0,Unknown
PPP1R1C,0.0,,1.0,1.0,Unknown
PPP1R2,0.0,,1.0,1.0,Unknown
PPM1H,0.0,,1.0,1.0,Unknown
PPM1J,0.0,,1.0,1.0,Unknown
PPM1K,0.0,,1.0,1.0,Unknown
PPM1L,0.0,,1.0,1.0,Unknown
PPM1M,0.0,,1.0,1.0,Unknown
PPM1N,0.0,,1.0,1.0,Unknown
PPME1,0.0,,1.0,1.0,Unknown
PPOX,0.0,,1.0,1.0,Unknown
PPP1CA,0.0,,1.0,1.0,Unknown
PPP1CB,0.0,,1.0,1.0,Unknown
PPP1CC,0.0,,1.0,1.0,Unknown
PPP1R10,0.0,,1.0,1.0,Unknown
PPP1R11,0.0,,1.0,1.0,Unknown
PPP1R12A,0.0,,1.0,1.0,Unknown
PPP1R12B,0.0,,1.0,1.0,Unknown
PPP1R12C,0.0,,1.0,1.0,Unknown
PPIG,0.0,,1.0,1.0,Unknown
PPIH,0.0,,1.0,1.0,Unknown
PPIL1,0.0,,1.0,1.0,Unknown
PPIL2,0.0,,1.0,1.0,Unknown
PPIL3,0.0,,1.0,1.0,Unknown
PPIL4,0.0,,1.0,1.0,Unknown
PPIL6,0.0,,1.0,1.0,Unknown
PPIP5K1,0.0,,1.0,1.0,Unknown
PPIP5K2,0.0,,1.0,1.0,Unknown
PPL,0.0,,1.0,1.0,Unknown
PPM1A,0.0,,1.0,1.0,Unknown
PPM1B,0.0,,1.0,1.0,Unknown
PPM1D,0.0,,1.0,1.0,Unknown
PPM1E,0.0,,1.0,1.0,Unknown
PPM1F,0.0,,1.0,1.0,Unknown
PPM1G,0.0,,1.0,1.0,Unknown
PPFIBP2,0.0,,1.0,1.0,Unknown
PPHLN1,0.0,,1.0,1.0,Unknown
PPIA,0.0,,1.0,1.0,Unknown
PPIAL4A,0.0,,1.0,1.0,Unknown
PPIAL4C,0.0,,1.0,1.0,Unknown
PPIAL4D,0.0,,1.0,1.0,Unknown
PPIAL4E,0.0,,1.0,1.0,Unknown
PPIAL4F,0.0,,1.0,1.0,Unknown
PPIAL4G,0.0,,1.0,1.0,Unknown
PPIAP30,0.0,,1.0,1.0,Unknown
PPIB,0.0,,1.0,1.0,Unknown
PPIC,0.0,,1.0,1.0,Unknown
PPID,0.0,,1.0,1.0,Unknown
PPIE,0.0,,1.0,1.0,Unknown
PPIEL,0.0,,1.0,1.0,Unknown
PPIF,0.0,,1.0,1.0,Unknown
PPARG,0.0,,1.0,1.0,Unknown
PPARGC1A,0.0,,1.0,1.0,Unknown
PPARGC1B,0.0,,1.0,1.0,Unknown
PPAT,0.0,,1.0,1.0,Unknown
PPBP,0.0,,1.0,1.0,Unknown
PPBPP2,0.0,,1.0,1.0,Unknown
PPCDC,0.0,,1.0,1.0,Unknown
PPCS,0.0,,1.0,1.0,Unknown
PPDPF,0.0,,1.0,1.0,Unknown
PPEF1,0.0,,1.0,1.0,Unknown
PPEF2,0.0,,1.0,1.0,Unknown
PPFIA1,0.0,,1.0,1.0,Unknown
PPFIA2,0.0,,1.0,1.0,Unknown
PPFIA3,0.0,,1.0,1.0,Unknown
PPFIA4,0.0,,1.0,1.0,Unknown
PPFIBP1,0.0,,1.0,1.0,Unknown
POU4F3,0.0,,1.0,1.0,Unknown
POU5F1,0.0,,1.0,1.0,Unknown
POU5F1B,0.0,,1.0,1.0,Unknown
POU5F1P3,0.0,,1.0,1.0,Unknown
POU5F1P4,0.0,,1.0,1.0,Unknown
POU5F2,0.0,,1.0,1.0,Unknown
POU6F1,0.0,,1.0,1.0,Unknown
POU6F2,0.0,,1.0,1.0,Unknown
POU6F2-AS1,0.0,,1.0,1.0,Unknown
PP2D1,0.0,,1.0,1.0,Unknown
PPA1,0.0,,1.0,1.0,Unknown
PPA2,0.0,,1.0,1.0,Unknown
PPAN,0.0,,1.0,1.0,Unknown
PPAN-P2RY11,0.0,,1.0,1.0,Unknown
PPARA,0.0,,1.0,1.0,Unknown
PPARD,0.0,,1.0,1.0,Unknown
POTEH,0.0,,1.0,1.0,Unknown
POTEI,0.0,,1.0,1.0,Unknown
POTEJ,0.0,,1.0,1.0,Unknown
POTEKP,0.0,,1.0,1.0,Unknown
POTEM,0.0,,1.0,1.0,Unknown
POU1F1,0.0,,1.0,1.0,Unknown
POU2AF1,0.0,,1.0,1.0,Unknown
POU2F1,0.0,,1.0,1.0,Unknown
POU2F2,0.0,,1.0,1.0,Unknown
POU2F3,0.0,,1.0,1.0,Unknown
POU3F1,0.0,,1.0,1.0,Unknown
POU3F2,0.0,,1.0,1.0,Unknown
POU3F3,0.0,,1.0,1.0,Unknown
POU3F4,0.0,,1.0,1.0,Unknown
POU4F1,0.0,,1.0,1.0,Unknown
POU4F2,0.0,,1.0,1.0,Unknown
POP5,0.0,,1.0,1.0,Unknown
POP7,0.0,,1.0,1.0,Unknown
POPDC2,0.0,,1.0,1.0,Unknown
POPDC3,0.0,,1.0,1.0,Unknown
POR,0.0,,1.0,1.0,Unknown
PORCN,0.0,,1.0,1.0,Unknown
POSTN,0.0,,1.0,1.0,Unknown
POT1,0.0,,1.0,1.0,Unknown
POTEA,0.0,,1.0,1.0,Unknown
POTEB,0.0,,1.0,1.0,Unknown
POTEB2,0.0,,1.0,1.0,Unknown
POTEC,0.0,,1.0,1.0,Unknown
POTED,0.0,,1.0,1.0,Unknown
POTEE,0.0,,1.0,1.0,Unknown
POTEF,0.0,,1.0,1.0,Unknown
POTEG,0.0,,1.0,1.0,Unknown
POM121L1P,0.0,,1.0,1.0,Unknown
POM121L2,0.0,,1.0,1.0,Unknown
POM121L4P,0.0,,1.0,1.0,Unknown
POM121L8P,0.0,,1.0,1.0,Unknown
POM121L9P,0.0,,1.0,1.0,Unknown
POMC,0.0,,1.0,1.0,Unknown
POMGNT1,0.0,,1.0,1.0,Unknown
POMP,0.0,,1.0,1.0,Unknown
POMT1,0.0,,1.0,1.0,Unknown
POMT2,0.0,,1.0,1.0,Unknown
POMZP3,0.0,,1.0,1.0,Unknown
PON1,0.0,,1.0,1.0,Unknown
PON2,0.0,,1.0,1.0,Unknown
PON3,0.0,,1.0,1.0,Unknown
POP1,0.0,,1.0,1.0,Unknown
POP4,0.0,,1.0,1.0,Unknown
POLR2M,0.0,,1.0,1.0,Unknown
POLR3A,0.0,,1.0,1.0,Unknown
POLR3B,0.0,,1.0,1.0,Unknown
POLR3C,0.0,,1.0,1.0,Unknown
POLR3D,0.0,,1.0,1.0,Unknown
POLR3E,0.0,,1.0,1.0,Unknown
POLR3F,0.0,,1.0,1.0,Unknown
POLR3G,0.0,,1.0,1.0,Unknown
POLR3GL,0.0,,1.0,1.0,Unknown
POLR3H,0.0,,1.0,1.0,Unknown
POLR3K,0.0,,1.0,1.0,Unknown
POLRMT,0.0,,1.0,1.0,Unknown
POM121,0.0,,1.0,1.0,Unknown
POM121C,0.0,,1.0,1.0,Unknown
POM121L10P,0.0,,1.0,1.0,Unknown
POM121L12,0.0,,1.0,1.0,Unknown
POLR1E,0.0,,1.0,1.0,Unknown
POLR2A,0.0,,1.0,1.0,Unknown
POLR2B,0.0,,1.0,1.0,Unknown
POLR2C,0.0,,1.0,1.0,Unknown
POLR2D,0.0,,1.0,1.0,Unknown
POLR2E,0.0,,1.0,1.0,Unknown
POLR2F,0.0,,1.0,1.0,Unknown
POLR2G,0.0,,1.0,1.0,Unknown
POLR2H,0.0,,1.0,1.0,Unknown
POLR2I,0.0,,1.0,1.0,Unknown
POLR2J,0.0,,1.0,1.0,Unknown
POLR2J2,0.0,,1.0,1.0,Unknown
POLR2J3,0.0,,1.0,1.0,Unknown
POLR2J4,0.0,,1.0,1.0,Unknown
POLR2K,0.0,,1.0,1.0,Unknown
POLR2L,0.0,,1.0,1.0,Unknown
POLE2,0.0,,1.0,1.0,Unknown
POLE3,0.0,,1.0,1.0,Unknown
POLE4,0.0,,1.0,1.0,Unknown
POLG,0.0,,1.0,1.0,Unknown
POLG2,0.0,,1.0,1.0,Unknown
POLH,0.0,,1.0,1.0,Unknown
POLI,0.0,,1.0,1.0,Unknown
POLK,0.0,,1.0,1.0,Unknown
POLL,0.0,,1.0,1.0,Unknown
POLM,0.0,,1.0,1.0,Unknown
POLN,0.0,,1.0,1.0,Unknown
POLQ,0.0,,1.0,1.0,Unknown
POLR1A,0.0,,1.0,1.0,Unknown
POLR1B,0.0,,1.0,1.0,Unknown
POLR1C,0.0,,1.0,1.0,Unknown
POLR1D,0.0,,1.0,1.0,Unknown
POF1B,0.0,,1.0,1.0,Unknown
POFUT1,0.0,,1.0,1.0,Unknown
POFUT2,0.0,,1.0,1.0,Unknown
POGK,0.0,,1.0,1.0,Unknown
POGLUT1,0.0,,1.0,1.0,Unknown
POGZ,0.0,,1.0,1.0,Unknown
POLA1,0.0,,1.0,1.0,Unknown
POLA2,0.0,,1.0,1.0,Unknown
POLB,0.0,,1.0,1.0,Unknown
POLD1,0.0,,1.0,1.0,Unknown
POLD2,0.0,,1.0,1.0,Unknown
POLD3,0.0,,1.0,1.0,Unknown
POLD4,0.0,,1.0,1.0,Unknown
POLDIP2,0.0,,1.0,1.0,Unknown
POLDIP3,0.0,,1.0,1.0,Unknown
POLE,0.0,,1.0,1.0,Unknown
PNPLA5,0.0,,1.0,1.0,Unknown
PNPLA6,0.0,,1.0,1.0,Unknown
PNPLA7,0.0,,1.0,1.0,Unknown
PNPLA8,0.0,,1.0,1.0,Unknown
PNPO,0.0,,1.0,1.0,Unknown
PNPT1,0.0,,1.0,1.0,Unknown
PNRC1,0.0,,1.0,1.0,Unknown
PNRC2,0.0,,1.0,1.0,Unknown
POC1A,0.0,,1.0,1.0,Unknown
POC1B,0.0,,1.0,1.0,Unknown
POC1B-GALNT4,0.0,,1.0,1.0,Unknown
POC5,0.0,,1.0,1.0,Unknown
PODN,0.0,,1.0,1.0,Unknown
PODNL1,0.0,,1.0,1.0,Unknown
PODXL,0.0,,1.0,1.0,Unknown
PODXL2,0.0,,1.0,1.0,Unknown
PNLIPRP2,0.0,,1.0,1.0,Unknown
PNLIPRP3,0.0,,1.0,1.0,Unknown
PNMA1,0.0,,1.0,1.0,Unknown
PNMA2,0.0,,1.0,1.0,Unknown
PNMA3,0.0,,1.0,1.0,Unknown
PNMA5,0.0,,1.0,1.0,Unknown
PNMA6A,0.0,,1.0,1.0,Unknown
PNMT,0.0,,1.0,1.0,Unknown
PNN,0.0,,1.0,1.0,Unknown
PNO1,0.0,,1.0,1.0,Unknown
PNOC,0.0,,1.0,1.0,Unknown
PNP,0.0,,1.0,1.0,Unknown
PNPLA1,0.0,,1.0,1.0,Unknown
PNPLA2,0.0,,1.0,1.0,Unknown
PNPLA3,0.0,,1.0,1.0,Unknown
PNPLA4,0.0,,1.0,1.0,Unknown
PMPCB,0.0,,1.0,1.0,Unknown
PMS1,0.0,,1.0,1.0,Unknown
PMS2,0.0,,1.0,1.0,Unknown
PMS2CL,0.0,,1.0,1.0,Unknown
PMS2P1,0.0,,1.0,1.0,Unknown
PMS2P3,0.0,,1.0,1.0,Unknown
PMS2P4,0.0,,1.0,1.0,Unknown
PMS2P5,0.0,,1.0,1.0,Unknown
PMVK,0.0,,1.0,1.0,Unknown
PNCK,0.0,,1.0,1.0,Unknown
PNISR,0.0,,1.0,1.0,Unknown
PNKD,0.0,,1.0,1.0,Unknown
PNKP,0.0,,1.0,1.0,Unknown
PNLDC1,0.0,,1.0,1.0,Unknown
PNLIP,0.0,,1.0,1.0,Unknown
PNLIPRP1,0.0,,1.0,1.0,Unknown
PM20D2,0.0,,1.0,1.0,Unknown
PMAIP1,0.0,,1.0,1.0,Unknown
PMCH,0.0,,1.0,1.0,Unknown
PMCHL1,0.0,,1.0,1.0,Unknown
PMCHL2,0.0,,1.0,1.0,Unknown
PMEL,0.0,,1.0,1.0,Unknown
PMEPA1,0.0,,1.0,1.0,Unknown
PMF1,0.0,,1.0,1.0,Unknown
PMF1-BGLAP,0.0,,1.0,1.0,Unknown
PMFBP1,0.0,,1.0,1.0,Unknown
PML,0.0,,1.0,1.0,Unknown
PMM1,0.0,,1.0,1.0,Unknown
PMM2,0.0,,1.0,1.0,Unknown
PMP2,0.0,,1.0,1.0,Unknown
PMP22,0.0,,1.0,1.0,Unknown
PMPCA,0.0,,1.0,1.0,Unknown
PLSCR4,0.0,,1.0,1.0,Unknown
PLSCR5,0.0,,1.0,1.0,Unknown
PLTP,0.0,,1.0,1.0,Unknown
PLVAP,0.0,,1.0,1.0,Unknown
PLXDC1,0.0,,1.0,1.0,Unknown
PLXDC2,0.0,,1.0,1.0,Unknown
PLXNA1,0.0,,1.0,1.0,Unknown
PLXNA2,0.0,,1.0,1.0,Unknown
PLXNA3,0.0,,1.0,1.0,Unknown
PLXNA4,0.0,,1.0,1.0,Unknown
PLXNB1,0.0,,1.0,1.0,Unknown
PLXNB2,0.0,,1.0,1.0,Unknown
PLXNB3,0.0,,1.0,1.0,Unknown
PLXNC1,0.0,,1.0,1.0,Unknown
PLXND1,0.0,,1.0,1.0,Unknown
PM20D1,0.0,,1.0,1.0,Unknown
PLK3,0.0,,1.0,1.0,Unknown
PLK4,0.0,,1.0,1.0,Unknown
PLK5,0.0,,1.0,1.0,Unknown
PLLP,0.0,,1.0,1.0,Unknown
PLN,0.0,,1.0,1.0,Unknown
PLOD1,0.0,,1.0,1.0,Unknown
PLOD2,0.0,,1.0,1.0,Unknown
PLOD3,0.0,,1.0,1.0,Unknown
PLP1,0.0,,1.0,1.0,Unknown
PLP2,0.0,,1.0,1.0,Unknown
PLRG1,0.0,,1.0,1.0,Unknown
PLS1,0.0,,1.0,1.0,Unknown
PLS3,0.0,,1.0,1.0,Unknown
PLSCR1,0.0,,1.0,1.0,Unknown
PLSCR2,0.0,,1.0,1.0,Unknown
PLSCR3,0.0,,1.0,1.0,Unknown
PLEKHN1,0.0,,1.0,1.0,Unknown
PLEKHO1,0.0,,1.0,1.0,Unknown
PLEKHO2,0.0,,1.0,1.0,Unknown
PLEKHS1,0.0,,1.0,1.0,Unknown
PLG,0.0,,1.0,1.0,Unknown
PLGLA,0.0,,1.0,1.0,Unknown
PLGLB1,0.0,,1.0,1.0,Unknown
PLGLB2,0.0,,1.0,1.0,Unknown
PLGRKT,0.0,,1.0,1.0,Unknown
PLIN1,0.0,,1.0,1.0,Unknown
PLIN2,0.0,,1.0,1.0,Unknown
PLIN3,0.0,,1.0,1.0,Unknown
PLIN4,0.0,,1.0,1.0,Unknown
PLIN5,0.0,,1.0,1.0,Unknown
PLK1,0.0,,1.0,1.0,Unknown
PLK2,0.0,,1.0,1.0,Unknown
PLEKHF2,0.0,,1.0,1.0,Unknown
PLEKHG1,0.0,,1.0,1.0,Unknown
PLEKHG2,0.0,,1.0,1.0,Unknown
PLEKHG3,0.0,,1.0,1.0,Unknown
PLEKHG4,0.0,,1.0,1.0,Unknown
PLEKHG4B,0.0,,1.0,1.0,Unknown
PLEKHG5,0.0,,1.0,1.0,Unknown
PLEKHG6,0.0,,1.0,1.0,Unknown
PLEKHG7,0.0,,1.0,1.0,Unknown
PLEKHH1,0.0,,1.0,1.0,Unknown
PLEKHH2,0.0,,1.0,1.0,Unknown
PLEKHH3,0.0,,1.0,1.0,Unknown
PLEKHJ1,0.0,,1.0,1.0,Unknown
PLEKHM1,0.0,,1.0,1.0,Unknown
PLEKHM2,0.0,,1.0,1.0,Unknown
PLEKHM3,0.0,,1.0,1.0,Unknown
PLEC,0.0,,1.0,1.0,Unknown
PLEK,0.0,,1.0,1.0,Unknown
PLEK2,0.0,,1.0,1.0,Unknown
PLEKHA1,0.0,,1.0,1.0,Unknown
PLEKHA2,0.0,,1.0,1.0,Unknown
PLEKHA3,0.0,,1.0,1.0,Unknown
PLEKHA4,0.0,,1.0,1.0,Unknown
PLEKHA5,0.0,,1.0,1.0,Unknown
PLEKHA6,0.0,,1.0,1.0,Unknown
PLEKHA7,0.0,,1.0,1.0,Unknown
PLEKHA8,0.0,,1.0,1.0,Unknown
PLEKHA8P1,0.0,,1.0,1.0,Unknown
PLEKHB1,0.0,,1.0,1.0,Unknown
PLEKHB2,0.0,,1.0,1.0,Unknown
PLEKHD1,0.0,,1.0,1.0,Unknown
PLEKHF1,0.0,,1.0,1.0,Unknown
PLCG1,0.0,,1.0,1.0,Unknown
PLCG2,0.0,,1.0,1.0,Unknown
PLCH1,0.0,,1.0,1.0,Unknown
PLCH2,0.0,,1.0,1.0,Unknown
PLCL1,0.0,,1.0,1.0,Unknown
PLCL2,0.0,,1.0,1.0,Unknown
PLCXD1,0.0,,1.0,1.0,Unknown
PLCXD2,0.0,,1.0,1.0,Unknown
PLCXD3,0.0,,1.0,1.0,Unknown
PLCZ1,0.0,,1.0,1.0,Unknown
PLD1,0.0,,1.0,1.0,Unknown
PLD2,0.0,,1.0,1.0,Unknown
PLD3,0.0,,1.0,1.0,Unknown
PLD4,0.0,,1.0,1.0,Unknown
PLD5,0.0,,1.0,1.0,Unknown
PLD6,0.0,,1.0,1.0,Unknown
PLAGL2,0.0,,1.0,1.0,Unknown
PLAT,0.0,,1.0,1.0,Unknown
PLAU,0.0,,1.0,1.0,Unknown
PLAUR,0.0,,1.0,1.0,Unknown
PLB1,0.0,,1.0,1.0,Unknown
PLBD1,0.0,,1.0,1.0,Unknown
PLBD2,0.0,,1.0,1.0,Unknown
PLCB1,0.0,,1.0,1.0,Unknown
PLCB2,0.0,,1.0,1.0,Unknown
PLCB3,0.0,,1.0,1.0,Unknown
PLCB4,0.0,,1.0,1.0,Unknown
PLCD1,0.0,,1.0,1.0,Unknown
PLCD3,0.0,,1.0,1.0,Unknown
PLCD4,0.0,,1.0,1.0,Unknown
PLCE1,0.0,,1.0,1.0,Unknown
PLCE1-AS1,0.0,,1.0,1.0,Unknown
PLA2G4C,0.0,,1.0,1.0,Unknown
PLA2G4D,0.0,,1.0,1.0,Unknown
PLA2G4E,0.0,,1.0,1.0,Unknown
PLA2G4F,0.0,,1.0,1.0,Unknown
PLA2G5,0.0,,1.0,1.0,Unknown
PLA2G6,0.0,,1.0,1.0,Unknown
PLA2G7,0.0,,1.0,1.0,Unknown
PLA2R1,0.0,,1.0,1.0,Unknown
PLAA,0.0,,1.0,1.0,Unknown
PLAC1,0.0,,1.0,1.0,Unknown
PLAC4,0.0,,1.0,1.0,Unknown
PLAC8,0.0,,1.0,1.0,Unknown
PLAC8L1,0.0,,1.0,1.0,Unknown
PLAC9,0.0,,1.0,1.0,Unknown
PLAG1,0.0,,1.0,1.0,Unknown
PLAGL1,0.0,,1.0,1.0,Unknown
PKP4,0.0,,1.0,1.0,Unknown
PLA1A,0.0,,1.0,1.0,Unknown
PLA2G10,0.0,,1.0,1.0,Unknown
PLA2G12A,0.0,,1.0,1.0,Unknown
PLA2G12B,0.0,,1.0,1.0,Unknown
PLA2G15,0.0,,1.0,1.0,Unknown
PLA2G16,0.0,,1.0,1.0,Unknown
PLA2G1B,0.0,,1.0,1.0,Unknown
PLA2G2A,0.0,,1.0,1.0,Unknown
PLA2G2C,0.0,,1.0,1.0,Unknown
PLA2G2D,0.0,,1.0,1.0,Unknown
PLA2G2E,0.0,,1.0,1.0,Unknown
PLA2G2F,0.0,,1.0,1.0,Unknown
PLA2G3,0.0,,1.0,1.0,Unknown
PLA2G4A,0.0,,1.0,1.0,Unknown
PLA2G4B,0.0,,1.0,1.0,Unknown
PKHD1,0.0,,1.0,1.0,Unknown
PKHD1L1,0.0,,1.0,1.0,Unknown
PKIA,0.0,,1.0,1.0,Unknown
PKIB,0.0,,1.0,1.0,Unknown
PKIG,0.0,,1.0,1.0,Unknown
PKLR,0.0,,1.0,1.0,Unknown
PKM,0.0,,1.0,1.0,Unknown
PKMYT1,0.0,,1.0,1.0,Unknown
PKN1,0.0,,1.0,1.0,Unknown
PKN2,0.0,,1.0,1.0,Unknown
PKN3,0.0,,1.0,1.0,Unknown
PKNOX1,0.0,,1.0,1.0,Unknown
PKNOX2,0.0,,1.0,1.0,Unknown
PKP1,0.0,,1.0,1.0,Unknown
PKP2,0.0,,1.0,1.0,Unknown
PKP3,0.0,,1.0,1.0,Unknown
PIWIL1,0.0,,1.0,1.0,Unknown
PIWIL2,0.0,,1.0,1.0,Unknown
PIWIL3,0.0,,1.0,1.0,Unknown
PIWIL4,0.0,,1.0,1.0,Unknown
PJA1,0.0,,1.0,1.0,Unknown
PJA2,0.0,,1.0,1.0,Unknown
PKD1,0.0,,1.0,1.0,Unknown
PKD1L1,0.0,,1.0,1.0,Unknown
PKD1L2,0.0,,1.0,1.0,Unknown
PKD1L3,0.0,,1.0,1.0,Unknown
PKD1P1,0.0,,1.0,1.0,Unknown
PKD2,0.0,,1.0,1.0,Unknown
PKD2L1,0.0,,1.0,1.0,Unknown
PKD2L2,0.0,,1.0,1.0,Unknown
PKDCC,0.0,,1.0,1.0,Unknown
PKDREJ,0.0,,1.0,1.0,Unknown
PIRT,0.0,,1.0,1.0,Unknown
PISD,0.0,,1.0,1.0,Unknown
PISRT1,0.0,,1.0,1.0,Unknown
PITHD1,0.0,,1.0,1.0,Unknown
PITPNA,0.0,,1.0,1.0,Unknown
PITPNA-AS1,0.0,,1.0,1.0,Unknown
PITPNB,0.0,,1.0,1.0,Unknown
PITPNC1,0.0,,1.0,1.0,Unknown
PITPNM1,0.0,,1.0,1.0,Unknown
PITPNM2,0.0,,1.0,1.0,Unknown
PITPNM3,0.0,,1.0,1.0,Unknown
PITRM1,0.0,,1.0,1.0,Unknown
PITRM1-AS1,0.0,,1.0,1.0,Unknown
PITX1,0.0,,1.0,1.0,Unknown
PITX2,0.0,,1.0,1.0,Unknown
PITX3,0.0,,1.0,1.0,Unknown
PIN4P1,0.0,,1.0,1.0,Unknown
PINK1,0.0,,1.0,1.0,Unknown
PINLYP,0.0,,1.0,1.0,Unknown
PINX1,0.0,,1.0,1.0,Unknown
PIP,0.0,,1.0,1.0,Unknown
PIP4K2A,0.0,,1.0,1.0,Unknown
PIP4K2B,0.0,,1.0,1.0,Unknown
PIP4K2C,0.0,,1.0,1.0,Unknown
PIP5K1A,0.0,,1.0,1.0,Unknown
PIP5K1B,0.0,,1.0,1.0,Unknown
PIP5K1C,0.0,,1.0,1.0,Unknown
PIP5K1P1,0.0,,1.0,1.0,Unknown
PIP5KL1,0.0,,1.0,1.0,Unknown
PIPOX,0.0,,1.0,1.0,Unknown
PIPSL,0.0,,1.0,1.0,Unknown
PIR,0.0,,1.0,1.0,Unknown
PIK3IP1,0.0,,1.0,1.0,Unknown
PIK3R1,0.0,,1.0,1.0,Unknown
PIK3R2,0.0,,1.0,1.0,Unknown
PIK3R3,0.0,,1.0,1.0,Unknown
PIK3R4,0.0,,1.0,1.0,Unknown
PIK3R5,0.0,,1.0,1.0,Unknown
PIK3R6,0.0,,1.0,1.0,Unknown
PIKFYVE,0.0,,1.0,1.0,Unknown
PILRA,0.0,,1.0,1.0,Unknown
PILRB,0.0,,1.0,1.0,Unknown
PIM1,0.0,,1.0,1.0,Unknown
PIM2,0.0,,1.0,1.0,Unknown
PIM3,0.0,,1.0,1.0,Unknown
PIN1,0.0,,1.0,1.0,Unknown
PIN1P1,0.0,,1.0,1.0,Unknown
PIN4,0.0,,1.0,1.0,Unknown
PIGW,0.0,,1.0,1.0,Unknown
PIGX,0.0,,1.0,1.0,Unknown
PIGY,0.0,,1.0,1.0,Unknown
PIGZ,0.0,,1.0,1.0,Unknown
PIH1D1,0.0,,1.0,1.0,Unknown
PIH1D2,0.0,,1.0,1.0,Unknown
PIH1D3,0.0,,1.0,1.0,Unknown
PIK3AP1,0.0,,1.0,1.0,Unknown
PIK3C2A,0.0,,1.0,1.0,Unknown
PIK3C2B,0.0,,1.0,1.0,Unknown
PIK3C2G,0.0,,1.0,1.0,Unknown
PIK3C3,0.0,,1.0,1.0,Unknown
PIK3CA,0.0,,1.0,1.0,Unknown
PIK3CB,0.0,,1.0,1.0,Unknown
PIK3CD,0.0,,1.0,1.0,Unknown
PIK3CG,0.0,,1.0,1.0,Unknown
PIGC,0.0,,1.0,1.0,Unknown
PIGF,0.0,,1.0,1.0,Unknown
PIGG,0.0,,1.0,1.0,Unknown
PIGH,0.0,,1.0,1.0,Unknown
PIGK,0.0,,1.0,1.0,Unknown
PIGL,0.0,,1.0,1.0,Unknown
PIGM,0.0,,1.0,1.0,Unknown
PIGN,0.0,,1.0,1.0,Unknown
PIGO,0.0,,1.0,1.0,Unknown
PIGP,0.0,,1.0,1.0,Unknown
PIGQ,0.0,,1.0,1.0,Unknown
PIGR,0.0,,1.0,1.0,Unknown
PIGS,0.0,,1.0,1.0,Unknown
PIGT,0.0,,1.0,1.0,Unknown
PIGU,0.0,,1.0,1.0,Unknown
PIGV,0.0,,1.0,1.0,Unknown
PI4KB,0.0,,1.0,1.0,Unknown
PIANP,0.0,,1.0,1.0,Unknown
PIAS1,0.0,,1.0,1.0,Unknown
PIAS2,0.0,,1.0,1.0,Unknown
PIAS3,0.0,,1.0,1.0,Unknown
PIAS4,0.0,,1.0,1.0,Unknown
PIBF1,0.0,,1.0,1.0,Unknown
PICALM,0.0,,1.0,1.0,Unknown
PICK1,0.0,,1.0,1.0,Unknown
PID1,0.0,,1.0,1.0,Unknown
PIEZO1,0.0,,1.0,1.0,Unknown
PIEZO2,0.0,,1.0,1.0,Unknown
PIF1,0.0,,1.0,1.0,Unknown
PIFO,0.0,,1.0,1.0,Unknown
PIGA,0.0,,1.0,1.0,Unknown
PIGB,0.0,,1.0,1.0,Unknown
PHRF1,0.0,,1.0,1.0,Unknown
PHTF1,0.0,,1.0,1.0,Unknown
PHTF2,0.0,,1.0,1.0,Unknown
PHYH,0.0,,1.0,1.0,Unknown
PHYHD1,0.0,,1.0,1.0,Unknown
PHYHIP,0.0,,1.0,1.0,Unknown
PHYHIPL,0.0,,1.0,1.0,Unknown
PHYKPL,0.0,,1.0,1.0,Unknown
PI15,0.0,,1.0,1.0,Unknown
PI16,0.0,,1.0,1.0,Unknown
PI3,0.0,,1.0,1.0,Unknown
PI4K2A,0.0,,1.0,1.0,Unknown
PI4K2B,0.0,,1.0,1.0,Unknown
PI4KA,0.0,,1.0,1.0,Unknown
PI4KAP1,0.0,,1.0,1.0,Unknown
PI4KAP2,0.0,,1.0,1.0,Unknown
PHKB,0.0,,1.0,1.0,Unknown
PHKG1,0.0,,1.0,1.0,Unknown
PHKG2,0.0,,1.0,1.0,Unknown
PHLDA1,0.0,,1.0,1.0,Unknown
PHLDA2,0.0,,1.0,1.0,Unknown
PHLDA3,0.0,,1.0,1.0,Unknown
PHLDB1,0.0,,1.0,1.0,Unknown
PHLDB2,0.0,,1.0,1.0,Unknown
PHLDB3,0.0,,1.0,1.0,Unknown
PHLPP1,0.0,,1.0,1.0,Unknown
PHLPP2,0.0,,1.0,1.0,Unknown
PHOSPHO1,0.0,,1.0,1.0,Unknown
PHOSPHO2,0.0,,1.0,1.0,Unknown
PHOX2A,0.0,,1.0,1.0,Unknown
PHOX2B,0.0,,1.0,1.0,Unknown
PHPT1,0.0,,1.0,1.0,Unknown
PHF20,0.0,,1.0,1.0,Unknown
PHF20L1,0.0,,1.0,1.0,Unknown
PHF21A,0.0,,1.0,1.0,Unknown
PHF21B,0.0,,1.0,1.0,Unknown
PHF23,0.0,,1.0,1.0,Unknown
PHF3,0.0,,1.0,1.0,Unknown
PHF5A,0.0,,1.0,1.0,Unknown
PHF6,0.0,,1.0,1.0,Unknown
PHF7,0.0,,1.0,1.0,Unknown
PHF8,0.0,,1.0,1.0,Unknown
PHGDH,0.0,,1.0,1.0,Unknown
PHGR1,0.0,,1.0,1.0,Unknown
PHIP,0.0,,1.0,1.0,Unknown
PHKA1,0.0,,1.0,1.0,Unknown
PHKA2,0.0,,1.0,1.0,Unknown
PHKA2-AS1,0.0,,1.0,1.0,Unknown
PHAX,0.0,,1.0,1.0,Unknown
PHB,0.0,,1.0,1.0,Unknown
PHB2,0.0,,1.0,1.0,Unknown
PHC1,0.0,,1.0,1.0,Unknown
PHC2,0.0,,1.0,1.0,Unknown
PHC3,0.0,,1.0,1.0,Unknown
PHEX,0.0,,1.0,1.0,Unknown
PHEX-AS1,0.0,,1.0,1.0,Unknown
PHF1,0.0,,1.0,1.0,Unknown
PHF10,0.0,,1.0,1.0,Unknown
PHF11,0.0,,1.0,1.0,Unknown
PHF12,0.0,,1.0,1.0,Unknown
PHF13,0.0,,1.0,1.0,Unknown
PHF14,0.0,,1.0,1.0,Unknown
PHF19,0.0,,1.0,1.0,Unknown
PHF2,0.0,,1.0,1.0,Unknown
PGM2L1,0.0,,1.0,1.0,Unknown
PGM3,0.0,,1.0,1.0,Unknown
PGM5,0.0,,1.0,1.0,Unknown
PGM5-AS1,0.0,,1.0,1.0,Unknown
PGM5P2,0.0,,1.0,1.0,Unknown
PGP,0.0,,1.0,1.0,Unknown
PGPEP1,0.0,,1.0,1.0,Unknown
PGPEP1L,0.0,,1.0,1.0,Unknown
PGR,0.0,,1.0,1.0,Unknown
PGRMC1,0.0,,1.0,1.0,Unknown
PGRMC2,0.0,,1.0,1.0,Unknown
PGS1,0.0,,1.0,1.0,Unknown
PHACTR1,0.0,,1.0,1.0,Unknown
PHACTR2,0.0,,1.0,1.0,Unknown
PHACTR3,0.0,,1.0,1.0,Unknown
PHACTR4,0.0,,1.0,1.0,Unknown
PGBD4,0.0,,1.0,1.0,Unknown
PGBD5,0.0,,1.0,1.0,Unknown
PGC,0.0,,1.0,1.0,Unknown
PGCP1,0.0,,1.0,1.0,Unknown
PGD,0.0,,1.0,1.0,Unknown
PGF,0.0,,1.0,1.0,Unknown
PGGT1B,0.0,,1.0,1.0,Unknown
PGK1,0.0,,1.0,1.0,Unknown
PGK2,0.0,,1.0,1.0,Unknown
PGLS,0.0,,1.0,1.0,Unknown
PGLYRP1,0.0,,1.0,1.0,Unknown
PGLYRP2,0.0,,1.0,1.0,Unknown
PGLYRP3,0.0,,1.0,1.0,Unknown
PGLYRP4,0.0,,1.0,1.0,Unknown
PGM1,0.0,,1.0,1.0,Unknown
PGM2,0.0,,1.0,1.0,Unknown
PFN2,0.0,,1.0,1.0,Unknown
PFN3,0.0,,1.0,1.0,Unknown
PFN4,0.0,,1.0,1.0,Unknown
PGA3,0.0,,1.0,1.0,Unknown
PGA4,0.0,,1.0,1.0,Unknown
PGA5,0.0,,1.0,1.0,Unknown
PGAM1,0.0,,1.0,1.0,Unknown
PGAM1P5,0.0,,1.0,1.0,Unknown
PGAM2,0.0,,1.0,1.0,Unknown
PGAM4,0.0,,1.0,1.0,Unknown
PGAM5,0.0,,1.0,1.0,Unknown
PGAP1,0.0,,1.0,1.0,Unknown
PGAP2,0.0,,1.0,1.0,Unknown
PGAP3,0.0,,1.0,1.0,Unknown
PGBD1,0.0,,1.0,1.0,Unknown
PGBD2,0.0,,1.0,1.0,Unknown
PF4V1,0.0,,1.0,1.0,Unknown
PFAS,0.0,,1.0,1.0,Unknown
PFDN1,0.0,,1.0,1.0,Unknown
PFDN2,0.0,,1.0,1.0,Unknown
PFDN4,0.0,,1.0,1.0,Unknown
PFDN5,0.0,,1.0,1.0,Unknown
PFDN6,0.0,,1.0,1.0,Unknown
PFKFB1,0.0,,1.0,1.0,Unknown
PFKFB2,0.0,,1.0,1.0,Unknown
PFKFB3,0.0,,1.0,1.0,Unknown
PFKFB4,0.0,,1.0,1.0,Unknown
PFKL,0.0,,1.0,1.0,Unknown
PFKM,0.0,,1.0,1.0,Unknown
PFKP,0.0,,1.0,1.0,Unknown
PFN1,0.0,,1.0,1.0,Unknown
PFN1P2,0.0,,1.0,1.0,Unknown
PEX11A,0.0,,1.0,1.0,Unknown
PEX11B,0.0,,1.0,1.0,Unknown
PEX11G,0.0,,1.0,1.0,Unknown
PEX12,0.0,,1.0,1.0,Unknown
PEX13,0.0,,1.0,1.0,Unknown
PEX14,0.0,,1.0,1.0,Unknown
PEX16,0.0,,1.0,1.0,Unknown
PEX19,0.0,,1.0,1.0,Unknown
PEX2,0.0,,1.0,1.0,Unknown
PEX26,0.0,,1.0,1.0,Unknown
PEX3,0.0,,1.0,1.0,Unknown
PEX5,0.0,,1.0,1.0,Unknown
PEX5L,0.0,,1.0,1.0,Unknown
PEX6,0.0,,1.0,1.0,Unknown
PEX7,0.0,,1.0,1.0,Unknown
PF4,0.0,,1.0,1.0,Unknown
PELI2,0.0,,1.0,1.0,Unknown
PELI3,0.0,,1.0,1.0,Unknown
PELO,0.0,,1.0,1.0,Unknown
PELP1,0.0,,1.0,1.0,Unknown
PEMT,0.0,,1.0,1.0,Unknown
PENK,0.0,,1.0,1.0,Unknown
PEPD,0.0,,1.0,1.0,Unknown
PER1,0.0,,1.0,1.0,Unknown
PER2,0.0,,1.0,1.0,Unknown
PER3,0.0,,1.0,1.0,Unknown
PERP,0.0,,1.0,1.0,Unknown
PES1,0.0,,1.0,1.0,Unknown
PET100,0.0,,1.0,1.0,Unknown
PET117,0.0,,1.0,1.0,Unknown
PEX1,0.0,,1.0,1.0,Unknown
PEX10,0.0,,1.0,1.0,Unknown
PDZK1,0.0,,1.0,1.0,Unknown
PDZK1IP1,0.0,,1.0,1.0,Unknown
PDZK1P1,0.0,,1.0,1.0,Unknown
PDZRN3,0.0,,1.0,1.0,Unknown
PDZRN4,0.0,,1.0,1.0,Unknown
PEA15,0.0,,1.0,1.0,Unknown
PEAK1,0.0,,1.0,1.0,Unknown
PEAR1,0.0,,1.0,1.0,Unknown
PEBP1,0.0,,1.0,1.0,Unknown
PEBP4,0.0,,1.0,1.0,Unknown
PECAM1,0.0,,1.0,1.0,Unknown
PECR,0.0,,1.0,1.0,Unknown
PEF1,0.0,,1.0,1.0,Unknown
PEG10,0.0,,1.0,1.0,Unknown
PEG3,0.0,,1.0,1.0,Unknown
PELI1,0.0,,1.0,1.0,Unknown
PDS5B,0.0,,1.0,1.0,Unknown
PDSS1,0.0,,1.0,1.0,Unknown
PDSS2,0.0,,1.0,1.0,Unknown
PDX1,0.0,,1.0,1.0,Unknown
PDXDC1,0.0,,1.0,1.0,Unknown
PDXDC2P,0.0,,1.0,1.0,Unknown
PDXK,0.0,,1.0,1.0,Unknown
PDXP,0.0,,1.0,1.0,Unknown
PDYN,0.0,,1.0,1.0,Unknown
PDZD11,0.0,,1.0,1.0,Unknown
PDZD2,0.0,,1.0,1.0,Unknown
PDZD3,0.0,,1.0,1.0,Unknown
PDZD4,0.0,,1.0,1.0,Unknown
PDZD7,0.0,,1.0,1.0,Unknown
PDZD8,0.0,,1.0,1.0,Unknown
PDZD9,0.0,,1.0,1.0,Unknown
PDK2,0.0,,1.0,1.0,Unknown
PDK3,0.0,,1.0,1.0,Unknown
PDK4,0.0,,1.0,1.0,Unknown
PDLIM1,0.0,,1.0,1.0,Unknown
PDLIM2,0.0,,1.0,1.0,Unknown
PDLIM3,0.0,,1.0,1.0,Unknown
PDLIM4,0.0,,1.0,1.0,Unknown
PDLIM5,0.0,,1.0,1.0,Unknown
PDLIM7,0.0,,1.0,1.0,Unknown
PDP1,0.0,,1.0,1.0,Unknown
PDP2,0.0,,1.0,1.0,Unknown
PDPK1,0.0,,1.0,1.0,Unknown
PDPN,0.0,,1.0,1.0,Unknown
PDPR,0.0,,1.0,1.0,Unknown
PDRG1,0.0,,1.0,1.0,Unknown
PDS5A,0.0,,1.0,1.0,Unknown
PDGFD,0.0,,1.0,1.0,Unknown
PDGFRA,0.0,,1.0,1.0,Unknown
PDGFRB,0.0,,1.0,1.0,Unknown
PDGFRL,0.0,,1.0,1.0,Unknown
PDHA1,0.0,,1.0,1.0,Unknown
PDHA2,0.0,,1.0,1.0,Unknown
PDHB,0.0,,1.0,1.0,Unknown
PDHX,0.0,,1.0,1.0,Unknown
PDIA2,0.0,,1.0,1.0,Unknown
PDIA3,0.0,,1.0,1.0,Unknown
PDIA4,0.0,,1.0,1.0,Unknown
PDIA5,0.0,,1.0,1.0,Unknown
PDIA6,0.0,,1.0,1.0,Unknown
PDIK1L,0.0,,1.0,1.0,Unknown
PDILT,0.0,,1.0,1.0,Unknown
PDK1,0.0,,1.0,1.0,Unknown
PDE5A,0.0,,1.0,1.0,Unknown
PDE6A,0.0,,1.0,1.0,Unknown
PDE6B,0.0,,1.0,1.0,Unknown
PDE6C,0.0,,1.0,1.0,Unknown
PDE6D,0.0,,1.0,1.0,Unknown
PDE6G,0.0,,1.0,1.0,Unknown
PDE6H,0.0,,1.0,1.0,Unknown
PDE7A,0.0,,1.0,1.0,Unknown
PDE7B,0.0,,1.0,1.0,Unknown
PDE8A,0.0,,1.0,1.0,Unknown
PDE8B,0.0,,1.0,1.0,Unknown
PDE9A,0.0,,1.0,1.0,Unknown
PDF,0.0,,1.0,1.0,Unknown
PDGFA,0.0,,1.0,1.0,Unknown
PDGFB,0.0,,1.0,1.0,Unknown
PDGFC,0.0,,1.0,1.0,Unknown
PDCL3,0.0,,1.0,1.0,Unknown
PDCL3P4,0.0,,1.0,1.0,Unknown
PDE10A,0.0,,1.0,1.0,Unknown
PDE11A,0.0,,1.0,1.0,Unknown
PDE12,0.0,,1.0,1.0,Unknown
PDE1A,0.0,,1.0,1.0,Unknown
PDE1B,0.0,,1.0,1.0,Unknown
PDE1C,0.0,,1.0,1.0,Unknown
PDE2A,0.0,,1.0,1.0,Unknown
PDE3A,0.0,,1.0,1.0,Unknown
PDE3B,0.0,,1.0,1.0,Unknown
PDE4A,0.0,,1.0,1.0,Unknown
PDE4B,0.0,,1.0,1.0,Unknown
PDE4C,0.0,,1.0,1.0,Unknown
PDE4D,0.0,,1.0,1.0,Unknown
PDE4DIP,0.0,,1.0,1.0,Unknown
PDAP1,0.0,,1.0,1.0,Unknown
PDC,0.0,,1.0,1.0,Unknown
PDCD1,0.0,,1.0,1.0,Unknown
PDCD10,0.0,,1.0,1.0,Unknown
PDCD11,0.0,,1.0,1.0,Unknown
PDCD1LG2,0.0,,1.0,1.0,Unknown
PDCD2,0.0,,1.0,1.0,Unknown
PDCD2L,0.0,,1.0,1.0,Unknown
PDCD4,0.0,,1.0,1.0,Unknown
PDCD4-AS1,0.0,,1.0,1.0,Unknown
PDCD5,0.0,,1.0,1.0,Unknown
PDCD6,0.0,,1.0,1.0,Unknown
PDCD6IP,0.0,,1.0,1.0,Unknown
PDCD7,0.0,,1.0,1.0,Unknown
PDCL,0.0,,1.0,1.0,Unknown
PDCL2,0.0,,1.0,1.0,Unknown
PCP4,0.0,,1.0,1.0,Unknown
PCP4L1,0.0,,1.0,1.0,Unknown
PCSK1,0.0,,1.0,1.0,Unknown
PCSK1N,0.0,,1.0,1.0,Unknown
PCSK2,0.0,,1.0,1.0,Unknown
PCSK4,0.0,,1.0,1.0,Unknown
PCSK5,0.0,,1.0,1.0,Unknown
PCSK6,0.0,,1.0,1.0,Unknown
PCSK7,0.0,,1.0,1.0,Unknown
PCSK9,0.0,,1.0,1.0,Unknown
PCTP,0.0,,1.0,1.0,Unknown
PCYOX1,0.0,,1.0,1.0,Unknown
PCYOX1L,0.0,,1.0,1.0,Unknown
PCYT1A,0.0,,1.0,1.0,Unknown
PCYT1B,0.0,,1.0,1.0,Unknown
PCYT2,0.0,,1.0,1.0,Unknown
PCIF1,0.0,,1.0,1.0,Unknown
PCK1,0.0,,1.0,1.0,Unknown
PCK2,0.0,,1.0,1.0,Unknown
PCLO,0.0,,1.0,1.0,Unknown
PCM1,0.0,,1.0,1.0,Unknown
PCMT1,0.0,,1.0,1.0,Unknown
PCMTD1,0.0,,1.0,1.0,Unknown
PCMTD2,0.0,,1.0,1.0,Unknown
PCNA,0.0,,1.0,1.0,Unknown
PCNAP1,0.0,,1.0,1.0,Unknown
PCNP,0.0,,1.0,1.0,Unknown
PCNT,0.0,,1.0,1.0,Unknown
PCOLCE,0.0,,1.0,1.0,Unknown
PCOLCE-AS1,0.0,,1.0,1.0,Unknown
PCOLCE2,0.0,,1.0,1.0,Unknown
PCP2,0.0,,1.0,1.0,Unknown
PCDHGB7,0.0,,1.0,1.0,Unknown
PCDHGB8P,0.0,,1.0,1.0,Unknown
PCDHGC3,0.0,,1.0,1.0,Unknown
PCDHGC4,0.0,,1.0,1.0,Unknown
PCDHGC5,0.0,,1.0,1.0,Unknown
PCED1A,0.0,,1.0,1.0,Unknown
PCED1B,0.0,,1.0,1.0,Unknown
PCED1B-AS1,0.0,,1.0,1.0,Unknown
PCF11,0.0,,1.0,1.0,Unknown
PCGEM1,0.0,,1.0,1.0,Unknown
PCGF1,0.0,,1.0,1.0,Unknown
PCGF2,0.0,,1.0,1.0,Unknown
PCGF3,0.0,,1.0,1.0,Unknown
PCGF5,0.0,,1.0,1.0,Unknown
PCGF6,0.0,,1.0,1.0,Unknown
PCID2,0.0,,1.0,1.0,Unknown
PCDHGA11,0.0,,1.0,1.0,Unknown
PCDHGA12,0.0,,1.0,1.0,Unknown
PCDHGA2,0.0,,1.0,1.0,Unknown
PCDHGA3,0.0,,1.0,1.0,Unknown
PCDHGA4,0.0,,1.0,1.0,Unknown
PCDHGA5,0.0,,1.0,1.0,Unknown
PCDHGA6,0.0,,1.0,1.0,Unknown
PCDHGA7,0.0,,1.0,1.0,Unknown
PCDHGA8,0.0,,1.0,1.0,Unknown
PCDHGA9,0.0,,1.0,1.0,Unknown
PCDHGB1,0.0,,1.0,1.0,Unknown
PCDHGB2,0.0,,1.0,1.0,Unknown
PCDHGB3,0.0,,1.0,1.0,Unknown
PCDHGB4,0.0,,1.0,1.0,Unknown
PCDHGB5,0.0,,1.0,1.0,Unknown
PCDHGB6,0.0,,1.0,1.0,Unknown
PCDHB12,0.0,,1.0,1.0,Unknown
PCDHB13,0.0,,1.0,1.0,Unknown
PCDHB14,0.0,,1.0,1.0,Unknown
PCDHB15,0.0,,1.0,1.0,Unknown
PCDHB16,0.0,,1.0,1.0,Unknown
PCDHB19P,0.0,,1.0,1.0,Unknown
PCDHB2,0.0,,1.0,1.0,Unknown
PCDHB3,0.0,,1.0,1.0,Unknown
PCDHB4,0.0,,1.0,1.0,Unknown
PCDHB5,0.0,,1.0,1.0,Unknown
PCDHB6,0.0,,1.0,1.0,Unknown
PCDHB7,0.0,,1.0,1.0,Unknown
PCDHB8,0.0,,1.0,1.0,Unknown
PCDHB9,0.0,,1.0,1.0,Unknown
PCDHGA1,0.0,,1.0,1.0,Unknown
PCDHGA10,0.0,,1.0,1.0,Unknown
PCDHA11,0.0,,1.0,1.0,Unknown
PCDHA12,0.0,,1.0,1.0,Unknown
PCDHA13,0.0,,1.0,1.0,Unknown
PCDHA2,0.0,,1.0,1.0,Unknown
PCDHA3,0.0,,1.0,1.0,Unknown
PCDHA4,0.0,,1.0,1.0,Unknown
PCDHA5,0.0,,1.0,1.0,Unknown
PCDHA6,0.0,,1.0,1.0,Unknown
PCDHA7,0.0,,1.0,1.0,Unknown
PCDHA8,0.0,,1.0,1.0,Unknown
PCDHA9,0.0,,1.0,1.0,Unknown
PCDHAC1,0.0,,1.0,1.0,Unknown
PCDHAC2,0.0,,1.0,1.0,Unknown
PCDHB1,0.0,,1.0,1.0,Unknown
PCDHB10,0.0,,1.0,1.0,Unknown
PCDHB11,0.0,,1.0,1.0,Unknown
PCDH10,0.0,,1.0,1.0,Unknown
PCDH11X,0.0,,1.0,1.0,Unknown
PCDH11Y,0.0,,1.0,1.0,Unknown
PCDH12,0.0,,1.0,1.0,Unknown
PCDH15,0.0,,1.0,1.0,Unknown
PCDH17,0.0,,1.0,1.0,Unknown
PCDH18,0.0,,1.0,1.0,Unknown
PCDH19,0.0,,1.0,1.0,Unknown
PCDH20,0.0,,1.0,1.0,Unknown
PCDH7,0.0,,1.0,1.0,Unknown
PCDH8,0.0,,1.0,1.0,Unknown
PCDH9,0.0,,1.0,1.0,Unknown
PCDH9-AS2,0.0,,1.0,1.0,Unknown
PCDH9-AS3,0.0,,1.0,1.0,Unknown
PCDHA1,0.0,,1.0,1.0,Unknown
PCDHA10,0.0,,1.0,1.0,Unknown
PC,0.0,,1.0,1.0,Unknown
PCA3,0.0,,1.0,1.0,Unknown
PCAT1,0.0,,1.0,1.0,Unknown
PCAT4,0.0,,1.0,1.0,Unknown
PCAT6,0.0,,1.0,1.0,Unknown
PCBD1,0.0,,1.0,1.0,Unknown
PCBD2,0.0,,1.0,1.0,Unknown
PCBP1,0.0,,1.0,1.0,Unknown
PCBP1-AS1,0.0,,1.0,1.0,Unknown
PCBP2,0.0,,1.0,1.0,Unknown
PCBP3,0.0,,1.0,1.0,Unknown
PCBP4,0.0,,1.0,1.0,Unknown
PCCA,0.0,,1.0,1.0,Unknown
PCCA-AS1,0.0,,1.0,1.0,Unknown
PCCB,0.0,,1.0,1.0,Unknown
PCDH1,0.0,,1.0,1.0,Unknown
PAX7,0.0,,1.0,1.0,Unknown
PAX8,0.0,,1.0,1.0,Unknown
PAX9,0.0,,1.0,1.0,Unknown
PAXBP1,0.0,,1.0,1.0,Unknown
PAXBP1-AS1,0.0,,1.0,1.0,Unknown
PAXIP1,0.0,,1.0,1.0,Unknown
PBDC1,0.0,,1.0,1.0,Unknown
PBK,0.0,,1.0,1.0,Unknown
PBLD,0.0,,1.0,1.0,Unknown
PBOV1,0.0,,1.0,1.0,Unknown
PBRM1,0.0,,1.0,1.0,Unknown
PBX1,0.0,,1.0,1.0,Unknown
PBX2,0.0,,1.0,1.0,Unknown
PBX3,0.0,,1.0,1.0,Unknown
PBX4,0.0,,1.0,1.0,Unknown
PBXIP1,0.0,,1.0,1.0,Unknown
PASD1,0.0,,1.0,1.0,Unknown
PASK,0.0,,1.0,1.0,Unknown
PATE1,0.0,,1.0,1.0,Unknown
PATE2,0.0,,1.0,1.0,Unknown
PATE3,0.0,,1.0,1.0,Unknown
PATE4,0.0,,1.0,1.0,Unknown
PATL1,0.0,,1.0,1.0,Unknown
PATL2,0.0,,1.0,1.0,Unknown
PATZ1,0.0,,1.0,1.0,Unknown
PAWR,0.0,,1.0,1.0,Unknown
PAX1,0.0,,1.0,1.0,Unknown
PAX2,0.0,,1.0,1.0,Unknown
PAX3,0.0,,1.0,1.0,Unknown
PAX4,0.0,,1.0,1.0,Unknown
PAX5,0.0,,1.0,1.0,Unknown
PAX6,0.0,,1.0,1.0,Unknown
PARP12,0.0,,1.0,1.0,Unknown
PARP14,0.0,,1.0,1.0,Unknown
PARP15,0.0,,1.0,1.0,Unknown
PARP16,0.0,,1.0,1.0,Unknown
PARP2,0.0,,1.0,1.0,Unknown
PARP3,0.0,,1.0,1.0,Unknown
PARP4,0.0,,1.0,1.0,Unknown
PARP6,0.0,,1.0,1.0,Unknown
PARP8,0.0,,1.0,1.0,Unknown
PARP9,0.0,,1.0,1.0,Unknown
PARPBP,0.0,,1.0,1.0,Unknown
PARS2,0.0,,1.0,1.0,Unknown
PART1,0.0,,1.0,1.0,Unknown
PARVA,0.0,,1.0,1.0,Unknown
PARVB,0.0,,1.0,1.0,Unknown
PARVG,0.0,,1.0,1.0,Unknown
PAQR8,0.0,,1.0,1.0,Unknown
PAQR9,0.0,,1.0,1.0,Unknown
PARD3,0.0,,1.0,1.0,Unknown
PARD3B,0.0,,1.0,1.0,Unknown
PARD6A,0.0,,1.0,1.0,Unknown
PARD6B,0.0,,1.0,1.0,Unknown
PARD6G,0.0,,1.0,1.0,Unknown
PARD6G-AS1,0.0,,1.0,1.0,Unknown
PARG,0.0,,1.0,1.0,Unknown
PARK7,0.0,,1.0,1.0,Unknown
PARL,0.0,,1.0,1.0,Unknown
PARM1,0.0,,1.0,1.0,Unknown
PARN,0.0,,1.0,1.0,Unknown
PARP1,0.0,,1.0,1.0,Unknown
PARP10,0.0,,1.0,1.0,Unknown
PARP11,0.0,,1.0,1.0,Unknown
PAPD5,0.0,,1.0,1.0,Unknown
PAPD7,0.0,,1.0,1.0,Unknown
PAPLN,0.0,,1.0,1.0,Unknown
PAPOLA,0.0,,1.0,1.0,Unknown
PAPOLB,0.0,,1.0,1.0,Unknown
PAPOLG,0.0,,1.0,1.0,Unknown
PAPPA,0.0,,1.0,1.0,Unknown
PAPPA-AS1,0.0,,1.0,1.0,Unknown
PAPPA2,0.0,,1.0,1.0,Unknown
PAPSS1,0.0,,1.0,1.0,Unknown
PAPSS2,0.0,,1.0,1.0,Unknown
PAQR3,0.0,,1.0,1.0,Unknown
PAQR4,0.0,,1.0,1.0,Unknown
PAQR5,0.0,,1.0,1.0,Unknown
PAQR6,0.0,,1.0,1.0,Unknown
PAQR7,0.0,,1.0,1.0,Unknown
PALMD,0.0,,1.0,1.0,Unknown
PAM,0.0,,1.0,1.0,Unknown
PAM16,0.0,,1.0,1.0,Unknown
PAMR1,0.0,,1.0,1.0,Unknown
PAN2,0.0,,1.0,1.0,Unknown
PAN3,0.0,,1.0,1.0,Unknown
PAN3-AS1,0.0,,1.0,1.0,Unknown
PANK1,0.0,,1.0,1.0,Unknown
PANK2,0.0,,1.0,1.0,Unknown
PANK3,0.0,,1.0,1.0,Unknown
PANK4,0.0,,1.0,1.0,Unknown
PANX1,0.0,,1.0,1.0,Unknown
PANX2,0.0,,1.0,1.0,Unknown
PANX3,0.0,,1.0,1.0,Unknown
PAOX,0.0,,1.0,1.0,Unknown
PAPD4,0.0,,1.0,1.0,Unknown
PAIP1,0.0,,1.0,1.0,Unknown
PAIP2,0.0,,1.0,1.0,Unknown
PAIP2B,0.0,,1.0,1.0,Unknown
PAK1,0.0,,1.0,1.0,Unknown
PAK1IP1,0.0,,1.0,1.0,Unknown
PAK2,0.0,,1.0,1.0,Unknown
PAK3,0.0,,1.0,1.0,Unknown
PAK4,0.0,,1.0,1.0,Unknown
PAK6,0.0,,1.0,1.0,Unknown
PALB2,0.0,,1.0,1.0,Unknown
PALD1,0.0,,1.0,1.0,Unknown
PALLD,0.0,,1.0,1.0,Unknown
PALM,0.0,,1.0,1.0,Unknown
PALM2,0.0,,1.0,1.0,Unknown
PALM2-AKAP2,0.0,,1.0,1.0,Unknown
PALM3,0.0,,1.0,1.0,Unknown
PAEP,0.0,,1.0,1.0,Unknown
PAF1,0.0,,1.0,1.0,Unknown
PAFAH1B1,0.0,,1.0,1.0,Unknown
PAFAH1B2,0.0,,1.0,1.0,Unknown
PAFAH1B3,0.0,,1.0,1.0,Unknown
PAFAH2,0.0,,1.0,1.0,Unknown
PAG1,0.0,,1.0,1.0,Unknown
PAGE1,0.0,,1.0,1.0,Unknown
PAGE2,0.0,,1.0,1.0,Unknown
PAGE2B,0.0,,1.0,1.0,Unknown
PAGE3,0.0,,1.0,1.0,Unknown
PAGE4,0.0,,1.0,1.0,Unknown
PAGE5,0.0,,1.0,1.0,Unknown
PAGR1,0.0,,1.0,1.0,Unknown
PAH,0.0,,1.0,1.0,Unknown
PAICS,0.0,,1.0,1.0,Unknown
PABPC5,0.0,,1.0,1.0,Unknown
PABPN1,0.0,,1.0,1.0,Unknown
PABPN1L,0.0,,1.0,1.0,Unknown
PACRG,0.0,,1.0,1.0,Unknown
PACRG-AS1,0.0,,1.0,1.0,Unknown
PACRGL,0.0,,1.0,1.0,Unknown
PACS1,0.0,,1.0,1.0,Unknown
PACS2,0.0,,1.0,1.0,Unknown
PACSIN1,0.0,,1.0,1.0,Unknown
PACSIN2,0.0,,1.0,1.0,Unknown
PACSIN3,0.0,,1.0,1.0,Unknown
PADI1,0.0,,1.0,1.0,Unknown
PADI2,0.0,,1.0,1.0,Unknown
PADI3,0.0,,1.0,1.0,Unknown
PADI4,0.0,,1.0,1.0,Unknown
PADI6,0.0,,1.0,1.0,Unknown
P4HA1,0.0,,1.0,1.0,Unknown
P4HA2,0.0,,1.0,1.0,Unknown
P4HA3,0.0,,1.0,1.0,Unknown
P4HB,0.0,,1.0,1.0,Unknown
P4HTM,0.0,,1.0,1.0,Unknown
PA2G4,0.0,,1.0,1.0,Unknown
PA2G4P4,0.0,,1.0,1.0,Unknown
PAAF1,0.0,,1.0,1.0,Unknown
PABPC1,0.0,,1.0,1.0,Unknown
PABPC1L,0.0,,1.0,1.0,Unknown
PABPC1L2A,0.0,,1.0,1.0,Unknown
PABPC1L2B,0.0,,1.0,1.0,Unknown
PABPC1P2,0.0,,1.0,1.0,Unknown
PABPC3,0.0,,1.0,1.0,Unknown
PABPC4,0.0,,1.0,1.0,Unknown
PABPC4L,0.0,,1.0,1.0,Unknown
P2RX4,0.0,,1.0,1.0,Unknown
P2RX5,0.0,,1.0,1.0,Unknown
P2RX5-TAX1BP3,0.0,,1.0,1.0,Unknown
P2RX6,0.0,,1.0,1.0,Unknown
P2RX6P,0.0,,1.0,1.0,Unknown
P2RX7,0.0,,1.0,1.0,Unknown
P2RY1,0.0,,1.0,1.0,Unknown
P2RY10,0.0,,1.0,1.0,Unknown
P2RY11,0.0,,1.0,1.0,Unknown
P2RY12,0.0,,1.0,1.0,Unknown
P2RY13,0.0,,1.0,1.0,Unknown
P2RY14,0.0,,1.0,1.0,Unknown
P2RY2,0.0,,1.0,1.0,Unknown
P2RY4,0.0,,1.0,1.0,Unknown
P2RY6,0.0,,1.0,1.0,Unknown
P2RY8,0.0,,1.0,1.0,Unknown
OVOL3,0.0,,1.0,1.0,Unknown
OXA1L,0.0,,1.0,1.0,Unknown
OXCT1,0.0,,1.0,1.0,Unknown
OXCT2,0.0,,1.0,1.0,Unknown
OXER1,0.0,,1.0,1.0,Unknown
OXGR1,0.0,,1.0,1.0,Unknown
OXLD1,0.0,,1.0,1.0,Unknown
OXNAD1,0.0,,1.0,1.0,Unknown
OXR1,0.0,,1.0,1.0,Unknown
OXSM,0.0,,1.0,1.0,Unknown
OXSR1,0.0,,1.0,1.0,Unknown
OXT,0.0,,1.0,1.0,Unknown
OXTR,0.0,,1.0,1.0,Unknown
P2RX1,0.0,,1.0,1.0,Unknown
P2RX2,0.0,,1.0,1.0,Unknown
P2RX3,0.0,,1.0,1.0,Unknown
OTUD4,0.0,,1.0,1.0,Unknown
OTUD5,0.0,,1.0,1.0,Unknown
OTUD6A,0.0,,1.0,1.0,Unknown
OTUD6B,0.0,,1.0,1.0,Unknown
OTUD7A,0.0,,1.0,1.0,Unknown
OTUD7B,0.0,,1.0,1.0,Unknown
OTX1,0.0,,1.0,1.0,Unknown
OTX2,0.0,,1.0,1.0,Unknown
OTX2-AS1,0.0,,1.0,1.0,Unknown
OVCA2,0.0,,1.0,1.0,Unknown
OVCH1,0.0,,1.0,1.0,Unknown
OVCH1-AS1,0.0,,1.0,1.0,Unknown
OVCH2,0.0,,1.0,1.0,Unknown
OVGP1,0.0,,1.0,1.0,Unknown
OVOL1,0.0,,1.0,1.0,Unknown
OVOL2,0.0,,1.0,1.0,Unknown
OTC,0.0,,1.0,1.0,Unknown
OTOA,0.0,,1.0,1.0,Unknown
OTOF,0.0,,1.0,1.0,Unknown
OTOG,0.0,,1.0,1.0,Unknown
OTOGL,0.0,,1.0,1.0,Unknown
OTOL1,0.0,,1.0,1.0,Unknown
OTOP1,0.0,,1.0,1.0,Unknown
OTOP2,0.0,,1.0,1.0,Unknown
OTOP3,0.0,,1.0,1.0,Unknown
OTOR,0.0,,1.0,1.0,Unknown
OTOS,0.0,,1.0,1.0,Unknown
OTP,0.0,,1.0,1.0,Unknown
OTUB1,0.0,,1.0,1.0,Unknown
OTUB2,0.0,,1.0,1.0,Unknown
OTUD1,0.0,,1.0,1.0,Unknown
OTUD3,0.0,,1.0,1.0,Unknown
OSER1-AS1,0.0,,1.0,1.0,Unknown
OSGEP,0.0,,1.0,1.0,Unknown
OSGEPL1,0.0,,1.0,1.0,Unknown
OSGEPL1-AS1,0.0,,1.0,1.0,Unknown
OSGIN1,0.0,,1.0,1.0,Unknown
OSGIN2,0.0,,1.0,1.0,Unknown
OSM,0.0,,1.0,1.0,Unknown
OSMR,0.0,,1.0,1.0,Unknown
OSR1,0.0,,1.0,1.0,Unknown
OSR2,0.0,,1.0,1.0,Unknown
OST4,0.0,,1.0,1.0,Unknown
OSTC,0.0,,1.0,1.0,Unknown
OSTCP1,0.0,,1.0,1.0,Unknown
OSTF1,0.0,,1.0,1.0,Unknown
OSTM1,0.0,,1.0,1.0,Unknown
OSTN,0.0,,1.0,1.0,Unknown
OSBP,0.0,,1.0,1.0,Unknown
OSBP2,0.0,,1.0,1.0,Unknown
OSBPL10,0.0,,1.0,1.0,Unknown
OSBPL10-AS1,0.0,,1.0,1.0,Unknown
OSBPL11,0.0,,1.0,1.0,Unknown
OSBPL1A,0.0,,1.0,1.0,Unknown
OSBPL2,0.0,,1.0,1.0,Unknown
OSBPL3,0.0,,1.0,1.0,Unknown
OSBPL5,0.0,,1.0,1.0,Unknown
OSBPL6,0.0,,1.0,1.0,Unknown
OSBPL7,0.0,,1.0,1.0,Unknown
OSBPL8,0.0,,1.0,1.0,Unknown
OSBPL9,0.0,,1.0,1.0,Unknown
OSCAR,0.0,,1.0,1.0,Unknown
OSCP1,0.0,,1.0,1.0,Unknown
OSER1,0.0,,1.0,1.0,Unknown
ORAI1,0.0,,1.0,1.0,Unknown
ORAI2,0.0,,1.0,1.0,Unknown
ORAI3,0.0,,1.0,1.0,Unknown
ORAOV1,0.0,,1.0,1.0,Unknown
ORC1,0.0,,1.0,1.0,Unknown
ORC2,0.0,,1.0,1.0,Unknown
ORC3,0.0,,1.0,1.0,Unknown
ORC4,0.0,,1.0,1.0,Unknown
ORC5,0.0,,1.0,1.0,Unknown
ORC6,0.0,,1.0,1.0,Unknown
ORM1,0.0,,1.0,1.0,Unknown
ORM2,0.0,,1.0,1.0,Unknown
ORMDL1,0.0,,1.0,1.0,Unknown
ORMDL2,0.0,,1.0,1.0,Unknown
ORMDL3,0.0,,1.0,1.0,Unknown
OS9,0.0,,1.0,1.0,Unknown
OR8J3,0.0,,1.0,1.0,Unknown
OR8K1,0.0,,1.0,1.0,Unknown
OR8K3,0.0,,1.0,1.0,Unknown
OR8K5,0.0,,1.0,1.0,Unknown
OR8S1,0.0,,1.0,1.0,Unknown
OR8U1,0.0,,1.0,1.0,Unknown
OR8U8,0.0,,1.0,1.0,Unknown
OR9A2,0.0,,1.0,1.0,Unknown
OR9A4,0.0,,1.0,1.0,Unknown
OR9G1,0.0,,1.0,1.0,Unknown
OR9G4,0.0,,1.0,1.0,Unknown
OR9G9,0.0,,1.0,1.0,Unknown
OR9I1,0.0,,1.0,1.0,Unknown
OR9K2,0.0,,1.0,1.0,Unknown
OR9Q1,0.0,,1.0,1.0,Unknown
OR9Q2,0.0,,1.0,1.0,Unknown
OR8A1,0.0,,1.0,1.0,Unknown
OR8B12,0.0,,1.0,1.0,Unknown
OR8B2,0.0,,1.0,1.0,Unknown
OR8B3,0.0,,1.0,1.0,Unknown
OR8B4,0.0,,1.0,1.0,Unknown
OR8B8,0.0,,1.0,1.0,Unknown
OR8D1,0.0,,1.0,1.0,Unknown
OR8D2,0.0,,1.0,1.0,Unknown
OR8D4,0.0,,1.0,1.0,Unknown
OR8G1,0.0,,1.0,1.0,Unknown
OR8G5,0.0,,1.0,1.0,Unknown
OR8H1,0.0,,1.0,1.0,Unknown
OR8H2,0.0,,1.0,1.0,Unknown
OR8H3,0.0,,1.0,1.0,Unknown
OR8I2,0.0,,1.0,1.0,Unknown
OR8J1,0.0,,1.0,1.0,Unknown
OR7A5,0.0,,1.0,1.0,Unknown
OR7C1,0.0,,1.0,1.0,Unknown
OR7C2,0.0,,1.0,1.0,Unknown
OR7D2,0.0,,1.0,1.0,Unknown
OR7D4,0.0,,1.0,1.0,Unknown
OR7E12P,0.0,,1.0,1.0,Unknown
OR7E14P,0.0,,1.0,1.0,Unknown
OR7E156P,0.0,,1.0,1.0,Unknown
OR7E24,0.0,,1.0,1.0,Unknown
OR7E2P,0.0,,1.0,1.0,Unknown
OR7E37P,0.0,,1.0,1.0,Unknown
OR7E5P,0.0,,1.0,1.0,Unknown
OR7E91P,0.0,,1.0,1.0,Unknown
OR7G1,0.0,,1.0,1.0,Unknown
OR7G2,0.0,,1.0,1.0,Unknown
OR7G3,0.0,,1.0,1.0,Unknown
OR6K2,0.0,,1.0,1.0,Unknown
OR6K3,0.0,,1.0,1.0,Unknown
OR6K6,0.0,,1.0,1.0,Unknown
OR6M1,0.0,,1.0,1.0,Unknown
OR6N1,0.0,,1.0,1.0,Unknown
OR6N2,0.0,,1.0,1.0,Unknown
OR6P1,0.0,,1.0,1.0,Unknown
OR6Q1,0.0,,1.0,1.0,Unknown
OR6S1,0.0,,1.0,1.0,Unknown
OR6T1,0.0,,1.0,1.0,Unknown
OR6V1,0.0,,1.0,1.0,Unknown
OR6W1P,0.0,,1.0,1.0,Unknown
OR6X1,0.0,,1.0,1.0,Unknown
OR6Y1,0.0,,1.0,1.0,Unknown
OR7A10,0.0,,1.0,1.0,Unknown
OR7A17,0.0,,1.0,1.0,Unknown
OR6A2,0.0,,1.0,1.0,Unknown
OR6B1,0.0,,1.0,1.0,Unknown
OR6B2,0.0,,1.0,1.0,Unknown
OR6B3,0.0,,1.0,1.0,Unknown
OR6C1,0.0,,1.0,1.0,Unknown
OR6C2,0.0,,1.0,1.0,Unknown
OR6C3,0.0,,1.0,1.0,Unknown
OR6C4,0.0,,1.0,1.0,Unknown
OR6C6,0.0,,1.0,1.0,Unknown
OR6C65,0.0,,1.0,1.0,Unknown
OR6C68,0.0,,1.0,1.0,Unknown
OR6C70,0.0,,1.0,1.0,Unknown
OR6C74,0.0,,1.0,1.0,Unknown
OR6C75,0.0,,1.0,1.0,Unknown
OR6C76,0.0,,1.0,1.0,Unknown
OR6F1,0.0,,1.0,1.0,Unknown
OR5L1,0.0,,1.0,1.0,Unknown
OR5L2,0.0,,1.0,1.0,Unknown
OR5M1,0.0,,1.0,1.0,Unknown
OR5M10,0.0,,1.0,1.0,Unknown
OR5M11,0.0,,1.0,1.0,Unknown
OR5M3,0.0,,1.0,1.0,Unknown
OR5M8,0.0,,1.0,1.0,Unknown
OR5M9,0.0,,1.0,1.0,Unknown
OR5P2,0.0,,1.0,1.0,Unknown
OR5P3,0.0,,1.0,1.0,Unknown
OR5R1,0.0,,1.0,1.0,Unknown
OR5T1,0.0,,1.0,1.0,Unknown
OR5T2,0.0,,1.0,1.0,Unknown
OR5T3,0.0,,1.0,1.0,Unknown
OR5V1,0.0,,1.0,1.0,Unknown
OR5W2,0.0,,1.0,1.0,Unknown
OR5D14,0.0,,1.0,1.0,Unknown
OR5D16,0.0,,1.0,1.0,Unknown
OR5D18,0.0,,1.0,1.0,Unknown
OR5E1P,0.0,,1.0,1.0,Unknown
OR5F1,0.0,,1.0,1.0,Unknown
OR5H1,0.0,,1.0,1.0,Unknown
OR5H14,0.0,,1.0,1.0,Unknown
OR5H15,0.0,,1.0,1.0,Unknown
OR5H2,0.0,,1.0,1.0,Unknown
OR5H6,0.0,,1.0,1.0,Unknown
OR5I1,0.0,,1.0,1.0,Unknown
OR5J2,0.0,,1.0,1.0,Unknown
OR5K1,0.0,,1.0,1.0,Unknown
OR5K2,0.0,,1.0,1.0,Unknown
OR5K3,0.0,,1.0,1.0,Unknown
OR5K4,0.0,,1.0,1.0,Unknown
OR5A1,0.0,,1.0,1.0,Unknown
OR5A2,0.0,,1.0,1.0,Unknown
OR5AC2,0.0,,1.0,1.0,Unknown
OR5AK2,0.0,,1.0,1.0,Unknown
OR5AN1,0.0,,1.0,1.0,Unknown
OR5AP2,0.0,,1.0,1.0,Unknown
OR5AR1,0.0,,1.0,1.0,Unknown
OR5AS1,0.0,,1.0,1.0,Unknown
OR5AU1,0.0,,1.0,1.0,Unknown
OR5B12,0.0,,1.0,1.0,Unknown
OR5B17,0.0,,1.0,1.0,Unknown
OR5B2,0.0,,1.0,1.0,Unknown
OR5B21,0.0,,1.0,1.0,Unknown
OR5B3,0.0,,1.0,1.0,Unknown
OR5C1,0.0,,1.0,1.0,Unknown
OR5D13,0.0,,1.0,1.0,Unknown
OR52K1,0.0,,1.0,1.0,Unknown
OR52K2,0.0,,1.0,1.0,Unknown
OR52L1,0.0,,1.0,1.0,Unknown
OR52M1,0.0,,1.0,1.0,Unknown
OR52N1,0.0,,1.0,1.0,Unknown
OR52N2,0.0,,1.0,1.0,Unknown
OR52N4,0.0,,1.0,1.0,Unknown
OR52N5,0.0,,1.0,1.0,Unknown
OR52R1,0.0,,1.0,1.0,Unknown
OR52W1,0.0,,1.0,1.0,Unknown
OR56A1,0.0,,1.0,1.0,Unknown
OR56A3,0.0,,1.0,1.0,Unknown
OR56A4,0.0,,1.0,1.0,Unknown
OR56A5,0.0,,1.0,1.0,Unknown
OR56B1,0.0,,1.0,1.0,Unknown
OR56B4,0.0,,1.0,1.0,Unknown
OR51T1,0.0,,1.0,1.0,Unknown
OR51V1,0.0,,1.0,1.0,Unknown
OR52A1,0.0,,1.0,1.0,Unknown
OR52A5,0.0,,1.0,1.0,Unknown
OR52B2,0.0,,1.0,1.0,Unknown
OR52B4,0.0,,1.0,1.0,Unknown
OR52B6,0.0,,1.0,1.0,Unknown
OR52D1,0.0,,1.0,1.0,Unknown
OR52E2,0.0,,1.0,1.0,Unknown
OR52E4,0.0,,1.0,1.0,Unknown
OR52E6,0.0,,1.0,1.0,Unknown
OR52E8,0.0,,1.0,1.0,Unknown
OR52H1,0.0,,1.0,1.0,Unknown
OR52I1,0.0,,1.0,1.0,Unknown
OR52I2,0.0,,1.0,1.0,Unknown
OR52J3,0.0,,1.0,1.0,Unknown
OR51B4,0.0,,1.0,1.0,Unknown
OR51B5,0.0,,1.0,1.0,Unknown
OR51B6,0.0,,1.0,1.0,Unknown
OR51D1,0.0,,1.0,1.0,Unknown
OR51E1,0.0,,1.0,1.0,Unknown
OR51E2,0.0,,1.0,1.0,Unknown
OR51F1,0.0,,1.0,1.0,Unknown
OR51F2,0.0,,1.0,1.0,Unknown
OR51G1,0.0,,1.0,1.0,Unknown
OR51G2,0.0,,1.0,1.0,Unknown
OR51I1,0.0,,1.0,1.0,Unknown
OR51I2,0.0,,1.0,1.0,Unknown
OR51L1,0.0,,1.0,1.0,Unknown
OR51M1,0.0,,1.0,1.0,Unknown
OR51Q1,0.0,,1.0,1.0,Unknown
OR51S1,0.0,,1.0,1.0,Unknown
OR4M1,0.0,,1.0,1.0,Unknown
OR4M2,0.0,,1.0,1.0,Unknown
OR4N2,0.0,,1.0,1.0,Unknown
OR4N3P,0.0,,1.0,1.0,Unknown
OR4N4,0.0,,1.0,1.0,Unknown
OR4N5,0.0,,1.0,1.0,Unknown
OR4P4,0.0,,1.0,1.0,Unknown
OR4Q3,0.0,,1.0,1.0,Unknown
OR4S1,0.0,,1.0,1.0,Unknown
OR4S2,0.0,,1.0,1.0,Unknown
OR4X1,0.0,,1.0,1.0,Unknown
OR4X2,0.0,,1.0,1.0,Unknown
OR51A2,0.0,,1.0,1.0,Unknown
OR51A4,0.0,,1.0,1.0,Unknown
OR51A7,0.0,,1.0,1.0,Unknown
OR51B2,0.0,,1.0,1.0,Unknown
OR4F16,0.0,,1.0,1.0,Unknown
OR4F17,0.0,,1.0,1.0,Unknown
OR4F21,0.0,,1.0,1.0,Unknown
OR4F29,0.0,,1.0,1.0,Unknown
OR4F3,0.0,,1.0,1.0,Unknown
OR4F4,0.0,,1.0,1.0,Unknown
OR4F5,0.0,,1.0,1.0,Unknown
OR4F6,0.0,,1.0,1.0,Unknown
OR4K1,0.0,,1.0,1.0,Unknown
OR4K13,0.0,,1.0,1.0,Unknown
OR4K14,0.0,,1.0,1.0,Unknown
OR4K15,0.0,,1.0,1.0,Unknown
OR4K17,0.0,,1.0,1.0,Unknown
OR4K2,0.0,,1.0,1.0,Unknown
OR4K5,0.0,,1.0,1.0,Unknown
OR4L1,0.0,,1.0,1.0,Unknown
OR4C15,0.0,,1.0,1.0,Unknown
OR4C16,0.0,,1.0,1.0,Unknown
OR4C3,0.0,,1.0,1.0,Unknown
OR4C45,0.0,,1.0,1.0,Unknown
OR4C46,0.0,,1.0,1.0,Unknown
OR4C6,0.0,,1.0,1.0,Unknown
OR4D1,0.0,,1.0,1.0,Unknown
OR4D10,0.0,,1.0,1.0,Unknown
OR4D11,0.0,,1.0,1.0,Unknown
OR4D2,0.0,,1.0,1.0,Unknown
OR4D5,0.0,,1.0,1.0,Unknown
OR4D6,0.0,,1.0,1.0,Unknown
OR4D9,0.0,,1.0,1.0,Unknown
OR4E2,0.0,,1.0,1.0,Unknown
OR4F13P,0.0,,1.0,1.0,Unknown
OR4F15,0.0,,1.0,1.0,Unknown
OR2W3,0.0,,1.0,1.0,Unknown
OR2W5,0.0,,1.0,1.0,Unknown
OR2Y1,0.0,,1.0,1.0,Unknown
OR2Z1,0.0,,1.0,1.0,Unknown
OR3A1,0.0,,1.0,1.0,Unknown
OR3A2,0.0,,1.0,1.0,Unknown
OR3A3,0.0,,1.0,1.0,Unknown
OR3A4P,0.0,,1.0,1.0,Unknown
OR4A15,0.0,,1.0,1.0,Unknown
OR4A16,0.0,,1.0,1.0,Unknown
OR4A47,0.0,,1.0,1.0,Unknown
OR4A5,0.0,,1.0,1.0,Unknown
OR4B1,0.0,,1.0,1.0,Unknown
OR4C11,0.0,,1.0,1.0,Unknown
OR4C12,0.0,,1.0,1.0,Unknown
OR4C13,0.0,,1.0,1.0,Unknown
OR2T11,0.0,,1.0,1.0,Unknown
OR2T12,0.0,,1.0,1.0,Unknown
OR2T2,0.0,,1.0,1.0,Unknown
OR2T27,0.0,,1.0,1.0,Unknown
OR2T29,0.0,,1.0,1.0,Unknown
OR2T3,0.0,,1.0,1.0,Unknown
OR2T33,0.0,,1.0,1.0,Unknown
OR2T34,0.0,,1.0,1.0,Unknown
OR2T35,0.0,,1.0,1.0,Unknown
OR2T4,0.0,,1.0,1.0,Unknown
OR2T5,0.0,,1.0,1.0,Unknown
OR2T6,0.0,,1.0,1.0,Unknown
OR2T8,0.0,,1.0,1.0,Unknown
OR2V1,0.0,,1.0,1.0,Unknown
OR2V2,0.0,,1.0,1.0,Unknown
OR2W1,0.0,,1.0,1.0,Unknown
OR2K2,0.0,,1.0,1.0,Unknown
OR2L13,0.0,,1.0,1.0,Unknown
OR2L1P,0.0,,1.0,1.0,Unknown
OR2L2,0.0,,1.0,1.0,Unknown
OR2L3,0.0,,1.0,1.0,Unknown
OR2L5,0.0,,1.0,1.0,Unknown
OR2L8,0.0,,1.0,1.0,Unknown
OR2M1P,0.0,,1.0,1.0,Unknown
OR2M2,0.0,,1.0,1.0,Unknown
OR2M3,0.0,,1.0,1.0,Unknown
OR2M4,0.0,,1.0,1.0,Unknown
OR2M5,0.0,,1.0,1.0,Unknown
OR2M7,0.0,,1.0,1.0,Unknown
OR2S2,0.0,,1.0,1.0,Unknown
OR2T1,0.0,,1.0,1.0,Unknown
OR2T10,0.0,,1.0,1.0,Unknown
OR2B2,0.0,,1.0,1.0,Unknown
OR2B3,0.0,,1.0,1.0,Unknown
OR2B6,0.0,,1.0,1.0,Unknown
OR2C1,0.0,,1.0,1.0,Unknown
OR2C3,0.0,,1.0,1.0,Unknown
OR2D2,0.0,,1.0,1.0,Unknown
OR2D3,0.0,,1.0,1.0,Unknown
OR2F1,0.0,,1.0,1.0,Unknown
OR2F2,0.0,,1.0,1.0,Unknown
OR2G2,0.0,,1.0,1.0,Unknown
OR2G3,0.0,,1.0,1.0,Unknown
OR2G6,0.0,,1.0,1.0,Unknown
OR2H1,0.0,,1.0,1.0,Unknown
OR2H2,0.0,,1.0,1.0,Unknown
OR2J2,0.0,,1.0,1.0,Unknown
OR2J3,0.0,,1.0,1.0,Unknown
OR2A12,0.0,,1.0,1.0,Unknown
OR2A14,0.0,,1.0,1.0,Unknown
OR2A2,0.0,,1.0,1.0,Unknown
OR2A25,0.0,,1.0,1.0,Unknown
OR2A4,0.0,,1.0,1.0,Unknown
OR2A42,0.0,,1.0,1.0,Unknown
OR2A5,0.0,,1.0,1.0,Unknown
OR2A7,0.0,,1.0,1.0,Unknown
OR2A9P,0.0,,1.0,1.0,Unknown
OR2AE1,0.0,,1.0,1.0,Unknown
OR2AG1,0.0,,1.0,1.0,Unknown
OR2AG2,0.0,,1.0,1.0,Unknown
OR2AK2,0.0,,1.0,1.0,Unknown
OR2AP1,0.0,,1.0,1.0,Unknown
OR2AT4,0.0,,1.0,1.0,Unknown
OR2B11,0.0,,1.0,1.0,Unknown
OR1J1,0.0,,1.0,1.0,Unknown
OR1J2,0.0,,1.0,1.0,Unknown
OR1J4,0.0,,1.0,1.0,Unknown
OR1K1,0.0,,1.0,1.0,Unknown
OR1L1,0.0,,1.0,1.0,Unknown
OR1L3,0.0,,1.0,1.0,Unknown
OR1L4,0.0,,1.0,1.0,Unknown
OR1L6,0.0,,1.0,1.0,Unknown
OR1L8,0.0,,1.0,1.0,Unknown
OR1M1,0.0,,1.0,1.0,Unknown
OR1N1,0.0,,1.0,1.0,Unknown
OR1N2,0.0,,1.0,1.0,Unknown
OR1Q1,0.0,,1.0,1.0,Unknown
OR1S1,0.0,,1.0,1.0,Unknown
OR1S2,0.0,,1.0,1.0,Unknown
OR2A1,0.0,,1.0,1.0,Unknown
OR14C36,0.0,,1.0,1.0,Unknown
OR14I1,0.0,,1.0,1.0,Unknown
OR14J1,0.0,,1.0,1.0,Unknown
OR1A1,0.0,,1.0,1.0,Unknown
OR1A2,0.0,,1.0,1.0,Unknown
OR1B1,0.0,,1.0,1.0,Unknown
OR1C1,0.0,,1.0,1.0,Unknown
OR1D2,0.0,,1.0,1.0,Unknown
OR1D4,0.0,,1.0,1.0,Unknown
OR1D5,0.0,,1.0,1.0,Unknown
OR1E1,0.0,,1.0,1.0,Unknown
OR1E2,0.0,,1.0,1.0,Unknown
OR1F1,0.0,,1.0,1.0,Unknown
OR1F2P,0.0,,1.0,1.0,Unknown
OR1G1,0.0,,1.0,1.0,Unknown
OR1I1,0.0,,1.0,1.0,Unknown
OR11L1,0.0,,1.0,1.0,Unknown
OR12D2,0.0,,1.0,1.0,Unknown
OR12D3,0.0,,1.0,1.0,Unknown
OR13A1,0.0,,1.0,1.0,Unknown
OR13C2,0.0,,1.0,1.0,Unknown
OR13C3,0.0,,1.0,1.0,Unknown
OR13C4,0.0,,1.0,1.0,Unknown
OR13C5,0.0,,1.0,1.0,Unknown
OR13C8,0.0,,1.0,1.0,Unknown
OR13C9,0.0,,1.0,1.0,Unknown
OR13D1,0.0,,1.0,1.0,Unknown
OR13F1,0.0,,1.0,1.0,Unknown
OR13G1,0.0,,1.0,1.0,Unknown
OR13H1,0.0,,1.0,1.0,Unknown
OR13J1,0.0,,1.0,1.0,Unknown
OR14A16,0.0,,1.0,1.0,Unknown
OR10Q1,0.0,,1.0,1.0,Unknown
OR10R2,0.0,,1.0,1.0,Unknown
OR10S1,0.0,,1.0,1.0,Unknown
OR10T2,0.0,,1.0,1.0,Unknown
OR10V1,0.0,,1.0,1.0,Unknown
OR10V2P,0.0,,1.0,1.0,Unknown
OR10W1,0.0,,1.0,1.0,Unknown
OR10X1,0.0,,1.0,1.0,Unknown
OR10Z1,0.0,,1.0,1.0,Unknown
OR11A1,0.0,,1.0,1.0,Unknown
OR11G2,0.0,,1.0,1.0,Unknown
OR11H1,0.0,,1.0,1.0,Unknown
OR11H12,0.0,,1.0,1.0,Unknown
OR11H2,0.0,,1.0,1.0,Unknown
OR11H4,0.0,,1.0,1.0,Unknown
OR11H6,0.0,,1.0,1.0,Unknown
OR10G3,0.0,,1.0,1.0,Unknown
OR10G4,0.0,,1.0,1.0,Unknown
OR10G7,0.0,,1.0,1.0,Unknown
OR10G8,0.0,,1.0,1.0,Unknown
OR10G9,0.0,,1.0,1.0,Unknown
OR10H1,0.0,,1.0,1.0,Unknown
OR10H2,0.0,,1.0,1.0,Unknown
OR10H3,0.0,,1.0,1.0,Unknown
OR10H4,0.0,,1.0,1.0,Unknown
OR10H5,0.0,,1.0,1.0,Unknown
OR10J1,0.0,,1.0,1.0,Unknown
OR10J3,0.0,,1.0,1.0,Unknown
OR10J5,0.0,,1.0,1.0,Unknown
OR10K1,0.0,,1.0,1.0,Unknown
OR10K2,0.0,,1.0,1.0,Unknown
OR10P1,0.0,,1.0,1.0,Unknown
OPRD1,0.0,,1.0,1.0,Unknown
OPRK1,0.0,,1.0,1.0,Unknown
OPRL1,0.0,,1.0,1.0,Unknown
OPRM1,0.0,,1.0,1.0,Unknown
OPTC,0.0,,1.0,1.0,Unknown
OPTN,0.0,,1.0,1.0,Unknown
OR10A2,0.0,,1.0,1.0,Unknown
OR10A3,0.0,,1.0,1.0,Unknown
OR10A4,0.0,,1.0,1.0,Unknown
OR10A5,0.0,,1.0,1.0,Unknown
OR10A6,0.0,,1.0,1.0,Unknown
OR10A7,0.0,,1.0,1.0,Unknown
OR10AD1,0.0,,1.0,1.0,Unknown
OR10AG1,0.0,,1.0,1.0,Unknown
OR10C1,0.0,,1.0,1.0,Unknown
OR10G2,0.0,,1.0,1.0,Unknown
ONECUT3,0.0,,1.0,1.0,Unknown
OOEP,0.0,,1.0,1.0,Unknown
OPA1,0.0,,1.0,1.0,Unknown
OPA1-AS1,0.0,,1.0,1.0,Unknown
OPA3,0.0,,1.0,1.0,Unknown
OPALIN,0.0,,1.0,1.0,Unknown
OPCML,0.0,,1.0,1.0,Unknown
OPHN1,0.0,,1.0,1.0,Unknown
OPLAH,0.0,,1.0,1.0,Unknown
OPN1LW,0.0,,1.0,1.0,Unknown
OPN1MW,0.0,,1.0,1.0,Unknown
OPN1MW2,0.0,,1.0,1.0,Unknown
OPN1SW,0.0,,1.0,1.0,Unknown
OPN3,0.0,,1.0,1.0,Unknown
OPN4,0.0,,1.0,1.0,Unknown
OPN5,0.0,,1.0,1.0,Unknown
OLFM3,0.0,,1.0,1.0,Unknown
OLFM4,0.0,,1.0,1.0,Unknown
OLFML1,0.0,,1.0,1.0,Unknown
OLFML2A,0.0,,1.0,1.0,Unknown
OLFML2B,0.0,,1.0,1.0,Unknown
OLFML3,0.0,,1.0,1.0,Unknown
OLIG1,0.0,,1.0,1.0,Unknown
OLIG2,0.0,,1.0,1.0,Unknown
OLIG3,0.0,,1.0,1.0,Unknown
OLR1,0.0,,1.0,1.0,Unknown
OMA1,0.0,,1.0,1.0,Unknown
OMD,0.0,,1.0,1.0,Unknown
OMG,0.0,,1.0,1.0,Unknown
OMP,0.0,,1.0,1.0,Unknown
ONECUT1,0.0,,1.0,1.0,Unknown
ONECUT2,0.0,,1.0,1.0,Unknown
OGFOD1,0.0,,1.0,1.0,Unknown
OGFOD2,0.0,,1.0,1.0,Unknown
OGFOD3,0.0,,1.0,1.0,Unknown
OGFR,0.0,,1.0,1.0,Unknown
OGFR-AS1,0.0,,1.0,1.0,Unknown
OGFRL1,0.0,,1.0,1.0,Unknown
OGG1,0.0,,1.0,1.0,Unknown
OGN,0.0,,1.0,1.0,Unknown
OGT,0.0,,1.0,1.0,Unknown
OIP5,0.0,,1.0,1.0,Unknown
OIP5-AS1,0.0,,1.0,1.0,Unknown
OIT3,0.0,,1.0,1.0,Unknown
OLA1,0.0,,1.0,1.0,Unknown
OLAH,0.0,,1.0,1.0,Unknown
OLFM1,0.0,,1.0,1.0,Unknown
OLFM2,0.0,,1.0,1.0,Unknown
OCM2,0.0,,1.0,1.0,Unknown
OCRL,0.0,,1.0,1.0,Unknown
OCSTAMP,0.0,,1.0,1.0,Unknown
ODAM,0.0,,1.0,1.0,Unknown
ODC1,0.0,,1.0,1.0,Unknown
ODF1,0.0,,1.0,1.0,Unknown
ODF2,0.0,,1.0,1.0,Unknown
ODF2L,0.0,,1.0,1.0,Unknown
ODF3,0.0,,1.0,1.0,Unknown
ODF3B,0.0,,1.0,1.0,Unknown
ODF3L1,0.0,,1.0,1.0,Unknown
ODF3L2,0.0,,1.0,1.0,Unknown
ODF4,0.0,,1.0,1.0,Unknown
OFD1,0.0,,1.0,1.0,Unknown
OGDH,0.0,,1.0,1.0,Unknown
OGDHL,0.0,,1.0,1.0,Unknown
OAT,0.0,,1.0,1.0,Unknown
OAZ1,0.0,,1.0,1.0,Unknown
OAZ2,0.0,,1.0,1.0,Unknown
OAZ3,0.0,,1.0,1.0,Unknown
OBP2A,0.0,,1.0,1.0,Unknown
OBP2B,0.0,,1.0,1.0,Unknown
OBSCN,0.0,,1.0,1.0,Unknown
OBSL1,0.0,,1.0,1.0,Unknown
OC90,0.0,,1.0,1.0,Unknown
OCA2,0.0,,1.0,1.0,Unknown
OCEL1,0.0,,1.0,1.0,Unknown
OCIAD1,0.0,,1.0,1.0,Unknown
OCIAD2,0.0,,1.0,1.0,Unknown
OCLM,0.0,,1.0,1.0,Unknown
OCLN,0.0,,1.0,1.0,Unknown
OCM,0.0,,1.0,1.0,Unknown
NXPH2,0.0,,1.0,1.0,Unknown
NXPH3,0.0,,1.0,1.0,Unknown
NXPH4,0.0,,1.0,1.0,Unknown
NXT1,0.0,,1.0,1.0,Unknown
NXT2,0.0,,1.0,1.0,Unknown
NYAP1,0.0,,1.0,1.0,Unknown
NYAP2,0.0,,1.0,1.0,Unknown
NYNRIN,0.0,,1.0,1.0,Unknown
NYX,0.0,,1.0,1.0,Unknown
OACYLP,0.0,,1.0,1.0,Unknown
OAF,0.0,,1.0,1.0,Unknown
OARD1,0.0,,1.0,1.0,Unknown
OAS1,0.0,,1.0,1.0,Unknown
OAS2,0.0,,1.0,1.0,Unknown
OAS3,0.0,,1.0,1.0,Unknown
OASL,0.0,,1.0,1.0,Unknown
NVL,0.0,,1.0,1.0,Unknown
NWD1,0.0,,1.0,1.0,Unknown
NXF1,0.0,,1.0,1.0,Unknown
NXF2,0.0,,1.0,1.0,Unknown
NXF2B,0.0,,1.0,1.0,Unknown
NXF3,0.0,,1.0,1.0,Unknown
NXF4,0.0,,1.0,1.0,Unknown
NXF5,0.0,,1.0,1.0,Unknown
NXN,0.0,,1.0,1.0,Unknown
NXNL1,0.0,,1.0,1.0,Unknown
NXNL2,0.0,,1.0,1.0,Unknown
NXPE1,0.0,,1.0,1.0,Unknown
NXPE2,0.0,,1.0,1.0,Unknown
NXPE3,0.0,,1.0,1.0,Unknown
NXPE4,0.0,,1.0,1.0,Unknown
NXPH1,0.0,,1.0,1.0,Unknown
NUP85,0.0,,1.0,1.0,Unknown
NUP88,0.0,,1.0,1.0,Unknown
NUP93,0.0,,1.0,1.0,Unknown
NUP98,0.0,,1.0,1.0,Unknown
NUPL2,0.0,,1.0,1.0,Unknown
NUPR1,0.0,,1.0,1.0,Unknown
NUS1,0.0,,1.0,1.0,Unknown
NUSAP1,0.0,,1.0,1.0,Unknown
NUTF2,0.0,,1.0,1.0,Unknown
NUTM1,0.0,,1.0,1.0,Unknown
NUTM2A,0.0,,1.0,1.0,Unknown
NUTM2A-AS1,0.0,,1.0,1.0,Unknown
NUTM2B,0.0,,1.0,1.0,Unknown
NUTM2D,0.0,,1.0,1.0,Unknown
NUTM2F,0.0,,1.0,1.0,Unknown
NUTM2G,0.0,,1.0,1.0,Unknown
NUP153,0.0,,1.0,1.0,Unknown
NUP155,0.0,,1.0,1.0,Unknown
NUP160,0.0,,1.0,1.0,Unknown
NUP188,0.0,,1.0,1.0,Unknown
NUP205,0.0,,1.0,1.0,Unknown
NUP210,0.0,,1.0,1.0,Unknown
NUP210L,0.0,,1.0,1.0,Unknown
NUP210P1,0.0,,1.0,1.0,Unknown
NUP214,0.0,,1.0,1.0,Unknown
NUP35,0.0,,1.0,1.0,Unknown
NUP37,0.0,,1.0,1.0,Unknown
NUP43,0.0,,1.0,1.0,Unknown
NUP50,0.0,,1.0,1.0,Unknown
NUP54,0.0,,1.0,1.0,Unknown
NUP62,0.0,,1.0,1.0,Unknown
NUP62CL,0.0,,1.0,1.0,Unknown
NUDT4P1,0.0,,1.0,1.0,Unknown
NUDT5,0.0,,1.0,1.0,Unknown
NUDT6,0.0,,1.0,1.0,Unknown
NUDT7,0.0,,1.0,1.0,Unknown
NUDT8,0.0,,1.0,1.0,Unknown
NUDT9,0.0,,1.0,1.0,Unknown
NUDT9P1,0.0,,1.0,1.0,Unknown
NUF2,0.0,,1.0,1.0,Unknown
NUFIP1,0.0,,1.0,1.0,Unknown
NUFIP2,0.0,,1.0,1.0,Unknown
NUGGC,0.0,,1.0,1.0,Unknown
NUMA1,0.0,,1.0,1.0,Unknown
NUMB,0.0,,1.0,1.0,Unknown
NUMBL,0.0,,1.0,1.0,Unknown
NUP107,0.0,,1.0,1.0,Unknown
NUP133,0.0,,1.0,1.0,Unknown
NUDT11,0.0,,1.0,1.0,Unknown
NUDT12,0.0,,1.0,1.0,Unknown
NUDT13,0.0,,1.0,1.0,Unknown
NUDT14,0.0,,1.0,1.0,Unknown
NUDT15,0.0,,1.0,1.0,Unknown
NUDT16,0.0,,1.0,1.0,Unknown
NUDT16L1,0.0,,1.0,1.0,Unknown
NUDT16P1,0.0,,1.0,1.0,Unknown
NUDT17,0.0,,1.0,1.0,Unknown
NUDT18,0.0,,1.0,1.0,Unknown
NUDT19,0.0,,1.0,1.0,Unknown
NUDT2,0.0,,1.0,1.0,Unknown
NUDT21,0.0,,1.0,1.0,Unknown
NUDT22,0.0,,1.0,1.0,Unknown
NUDT3,0.0,,1.0,1.0,Unknown
NUDT4,0.0,,1.0,1.0,Unknown
NTSR2,0.0,,1.0,1.0,Unknown
NUAK1,0.0,,1.0,1.0,Unknown
NUAK2,0.0,,1.0,1.0,Unknown
NUB1,0.0,,1.0,1.0,Unknown
NUBP1,0.0,,1.0,1.0,Unknown
NUBP2,0.0,,1.0,1.0,Unknown
NUBPL,0.0,,1.0,1.0,Unknown
NUCB1,0.0,,1.0,1.0,Unknown
NUCB2,0.0,,1.0,1.0,Unknown
NUCKS1,0.0,,1.0,1.0,Unknown
NUDC,0.0,,1.0,1.0,Unknown
NUDCD1,0.0,,1.0,1.0,Unknown
NUDCD2,0.0,,1.0,1.0,Unknown
NUDCD3,0.0,,1.0,1.0,Unknown
NUDT1,0.0,,1.0,1.0,Unknown
NUDT10,0.0,,1.0,1.0,Unknown
NTHL1,0.0,,1.0,1.0,Unknown
NTM,0.0,,1.0,1.0,Unknown
NTMT1,0.0,,1.0,1.0,Unknown
NTN1,0.0,,1.0,1.0,Unknown
NTN3,0.0,,1.0,1.0,Unknown
NTN4,0.0,,1.0,1.0,Unknown
NTN5,0.0,,1.0,1.0,Unknown
NTNG1,0.0,,1.0,1.0,Unknown
NTNG2,0.0,,1.0,1.0,Unknown
NTPCR,0.0,,1.0,1.0,Unknown
NTRK1,0.0,,1.0,1.0,Unknown
NTRK2,0.0,,1.0,1.0,Unknown
NTRK3,0.0,,1.0,1.0,Unknown
NTRK3-AS1,0.0,,1.0,1.0,Unknown
NTS,0.0,,1.0,1.0,Unknown
NTSR1,0.0,,1.0,1.0,Unknown
NSUN7,0.0,,1.0,1.0,Unknown
NT5C,0.0,,1.0,1.0,Unknown
NT5C1A,0.0,,1.0,1.0,Unknown
NT5C1B,0.0,,1.0,1.0,Unknown
NT5C1B-RDH14,0.0,,1.0,1.0,Unknown
NT5C2,0.0,,1.0,1.0,Unknown
NT5C3A,0.0,,1.0,1.0,Unknown
NT5C3B,0.0,,1.0,1.0,Unknown
NT5DC1,0.0,,1.0,1.0,Unknown
NT5DC2,0.0,,1.0,1.0,Unknown
NT5DC3,0.0,,1.0,1.0,Unknown
NT5E,0.0,,1.0,1.0,Unknown
NT5M,0.0,,1.0,1.0,Unknown
NTAN1,0.0,,1.0,1.0,Unknown
NTF3,0.0,,1.0,1.0,Unknown
NTF4,0.0,,1.0,1.0,Unknown
NSF,0.0,,1.0,1.0,Unknown
NSFL1C,0.0,,1.0,1.0,Unknown
NSL1,0.0,,1.0,1.0,Unknown
NSMAF,0.0,,1.0,1.0,Unknown
NSMCE1,0.0,,1.0,1.0,Unknown
NSMCE2,0.0,,1.0,1.0,Unknown
NSMCE4A,0.0,,1.0,1.0,Unknown
NSMF,0.0,,1.0,1.0,Unknown
NSRP1,0.0,,1.0,1.0,Unknown
NSUN2,0.0,,1.0,1.0,Unknown
NSUN3,0.0,,1.0,1.0,Unknown
NSUN4,0.0,,1.0,1.0,Unknown
NSUN5,0.0,,1.0,1.0,Unknown
NSUN5P1,0.0,,1.0,1.0,Unknown
NSUN5P2,0.0,,1.0,1.0,Unknown
NSUN6,0.0,,1.0,1.0,Unknown
NRL,0.0,,1.0,1.0,Unknown
NRM,0.0,,1.0,1.0,Unknown
NRN1,0.0,,1.0,1.0,Unknown
NRN1L,0.0,,1.0,1.0,Unknown
NRON,0.0,,1.0,1.0,Unknown
NRP1,0.0,,1.0,1.0,Unknown
NRP2,0.0,,1.0,1.0,Unknown
NRSN1,0.0,,1.0,1.0,Unknown
NRSN2,0.0,,1.0,1.0,Unknown
NRTN,0.0,,1.0,1.0,Unknown
NRXN1,0.0,,1.0,1.0,Unknown
NRXN2,0.0,,1.0,1.0,Unknown
NRXN3,0.0,,1.0,1.0,Unknown
NSA2,0.0,,1.0,1.0,Unknown
NSD1,0.0,,1.0,1.0,Unknown
NSDHL,0.0,,1.0,1.0,Unknown
NRBP2,0.0,,1.0,1.0,Unknown
NRCAM,0.0,,1.0,1.0,Unknown
NRDE2,0.0,,1.0,1.0,Unknown
NREP,0.0,,1.0,1.0,Unknown
NREP-AS1,0.0,,1.0,1.0,Unknown
NRF1,0.0,,1.0,1.0,Unknown
NRG1,0.0,,1.0,1.0,Unknown
NRG1-IT3,0.0,,1.0,1.0,Unknown
NRG2,0.0,,1.0,1.0,Unknown
NRG3,0.0,,1.0,1.0,Unknown
NRG4,0.0,,1.0,1.0,Unknown
NRGN,0.0,,1.0,1.0,Unknown
NRIP1,0.0,,1.0,1.0,Unknown
NRIP2,0.0,,1.0,1.0,Unknown
NRIP3,0.0,,1.0,1.0,Unknown
NRK,0.0,,1.0,1.0,Unknown
NR2F2-AS1,0.0,,1.0,1.0,Unknown
NR2F6,0.0,,1.0,1.0,Unknown
NR3C1,0.0,,1.0,1.0,Unknown
NR3C2,0.0,,1.0,1.0,Unknown
NR4A1,0.0,,1.0,1.0,Unknown
NR4A2,0.0,,1.0,1.0,Unknown
NR4A3,0.0,,1.0,1.0,Unknown
NR5A1,0.0,,1.0,1.0,Unknown
NR5A2,0.0,,1.0,1.0,Unknown
NR6A1,0.0,,1.0,1.0,Unknown
NRADDP,0.0,,1.0,1.0,Unknown
NRAP,0.0,,1.0,1.0,Unknown
NRARP,0.0,,1.0,1.0,Unknown
NRAS,0.0,,1.0,1.0,Unknown
NRBF2,0.0,,1.0,1.0,Unknown
NRBP1,0.0,,1.0,1.0,Unknown
NR0B2,0.0,,1.0,1.0,Unknown
NR1D1,0.0,,1.0,1.0,Unknown
NR1D2,0.0,,1.0,1.0,Unknown
NR1H2,0.0,,1.0,1.0,Unknown
NR1H3,0.0,,1.0,1.0,Unknown
NR1H4,0.0,,1.0,1.0,Unknown
NR1I2,0.0,,1.0,1.0,Unknown
NR1I3,0.0,,1.0,1.0,Unknown
NR2C1,0.0,,1.0,1.0,Unknown
NR2C2,0.0,,1.0,1.0,Unknown
NR2C2AP,0.0,,1.0,1.0,Unknown
NR2E1,0.0,,1.0,1.0,Unknown
NR2E3,0.0,,1.0,1.0,Unknown
NR2F1,0.0,,1.0,1.0,Unknown
NR2F1-AS1,0.0,,1.0,1.0,Unknown
NR2F2,0.0,,1.0,1.0,Unknown
NPSR1-AS1,0.0,,1.0,1.0,Unknown
NPTN,0.0,,1.0,1.0,Unknown
NPTX1,0.0,,1.0,1.0,Unknown
NPTX2,0.0,,1.0,1.0,Unknown
NPTXR,0.0,,1.0,1.0,Unknown
NPVF,0.0,,1.0,1.0,Unknown
NPW,0.0,,1.0,1.0,Unknown
NPY,0.0,,1.0,1.0,Unknown
NPY1R,0.0,,1.0,1.0,Unknown
NPY2R,0.0,,1.0,1.0,Unknown
NPY4R,0.0,,1.0,1.0,Unknown
NPY5R,0.0,,1.0,1.0,Unknown
NPY6R,0.0,,1.0,1.0,Unknown
NQO1,0.0,,1.0,1.0,Unknown
NQO2,0.0,,1.0,1.0,Unknown
NR0B1,0.0,,1.0,1.0,Unknown
NPLOC4,0.0,,1.0,1.0,Unknown
NPM1,0.0,,1.0,1.0,Unknown
NPM2,0.0,,1.0,1.0,Unknown
NPM3,0.0,,1.0,1.0,Unknown
NPNT,0.0,,1.0,1.0,Unknown
NPPA,0.0,,1.0,1.0,Unknown
NPPA-AS1,0.0,,1.0,1.0,Unknown
NPPB,0.0,,1.0,1.0,Unknown
NPPC,0.0,,1.0,1.0,Unknown
NPR1,0.0,,1.0,1.0,Unknown
NPR2,0.0,,1.0,1.0,Unknown
NPR3,0.0,,1.0,1.0,Unknown
NPRL2,0.0,,1.0,1.0,Unknown
NPRL3,0.0,,1.0,1.0,Unknown
NPS,0.0,,1.0,1.0,Unknown
NPSR1,0.0,,1.0,1.0,Unknown
NPFFR1,0.0,,1.0,1.0,Unknown
NPFFR2,0.0,,1.0,1.0,Unknown
NPHP1,0.0,,1.0,1.0,Unknown
NPHP3,0.0,,1.0,1.0,Unknown
NPHP3-ACAD11,0.0,,1.0,1.0,Unknown
NPHP3-AS1,0.0,,1.0,1.0,Unknown
NPHP4,0.0,,1.0,1.0,Unknown
NPHS1,0.0,,1.0,1.0,Unknown
NPHS2,0.0,,1.0,1.0,Unknown
NPIPA1,0.0,,1.0,1.0,Unknown
NPIPA2,0.0,,1.0,1.0,Unknown
NPIPA3,0.0,,1.0,1.0,Unknown
NPIPA5,0.0,,1.0,1.0,Unknown
NPIPB3,0.0,,1.0,1.0,Unknown
NPIPB5,0.0,,1.0,1.0,Unknown
NPL,0.0,,1.0,1.0,Unknown
NPAP1,0.0,,1.0,1.0,Unknown
NPAS1,0.0,,1.0,1.0,Unknown
NPAS2,0.0,,1.0,1.0,Unknown
NPAS3,0.0,,1.0,1.0,Unknown
NPAS4,0.0,,1.0,1.0,Unknown
NPAT,0.0,,1.0,1.0,Unknown
NPB,0.0,,1.0,1.0,Unknown
NPBWR1,0.0,,1.0,1.0,Unknown
NPBWR2,0.0,,1.0,1.0,Unknown
NPC1,0.0,,1.0,1.0,Unknown
NPC1L1,0.0,,1.0,1.0,Unknown
NPC2,0.0,,1.0,1.0,Unknown
NPDC1,0.0,,1.0,1.0,Unknown
NPEPL1,0.0,,1.0,1.0,Unknown
NPEPPS,0.0,,1.0,1.0,Unknown
NPFF,0.0,,1.0,1.0,Unknown
NOTCH2,0.0,,1.0,1.0,Unknown
NOTCH2NL,0.0,,1.0,1.0,Unknown
NOTCH3,0.0,,1.0,1.0,Unknown
NOTCH4,0.0,,1.0,1.0,Unknown
NOTO,0.0,,1.0,1.0,Unknown
NOTUM,0.0,,1.0,1.0,Unknown
NOV,0.0,,1.0,1.0,Unknown
NOVA1,0.0,,1.0,1.0,Unknown
NOVA2,0.0,,1.0,1.0,Unknown
NOX1,0.0,,1.0,1.0,Unknown
NOX3,0.0,,1.0,1.0,Unknown
NOX4,0.0,,1.0,1.0,Unknown
NOX5,0.0,,1.0,1.0,Unknown
NOXA1,0.0,,1.0,1.0,Unknown
NOXO1,0.0,,1.0,1.0,Unknown
NOXRED1,0.0,,1.0,1.0,Unknown
NONO,0.0,,1.0,1.0,Unknown
NOP10,0.0,,1.0,1.0,Unknown
NOP14,0.0,,1.0,1.0,Unknown
NOP14-AS1,0.0,,1.0,1.0,Unknown
NOP16,0.0,,1.0,1.0,Unknown
NOP2,0.0,,1.0,1.0,Unknown
NOP56,0.0,,1.0,1.0,Unknown
NOP58,0.0,,1.0,1.0,Unknown
NOP9,0.0,,1.0,1.0,Unknown
NOS1,0.0,,1.0,1.0,Unknown
NOS1AP,0.0,,1.0,1.0,Unknown
NOS2,0.0,,1.0,1.0,Unknown
NOS3,0.0,,1.0,1.0,Unknown
NOSIP,0.0,,1.0,1.0,Unknown
NOSTRIN,0.0,,1.0,1.0,Unknown
NOTCH1,0.0,,1.0,1.0,Unknown
NODAL,0.0,,1.0,1.0,Unknown
NOG,0.0,,1.0,1.0,Unknown
NOL10,0.0,,1.0,1.0,Unknown
NOL11,0.0,,1.0,1.0,Unknown
NOL12,0.0,,1.0,1.0,Unknown
NOL3,0.0,,1.0,1.0,Unknown
NOL4,0.0,,1.0,1.0,Unknown
NOL6,0.0,,1.0,1.0,Unknown
NOL7,0.0,,1.0,1.0,Unknown
NOL8,0.0,,1.0,1.0,Unknown
NOL9,0.0,,1.0,1.0,Unknown
NOLC1,0.0,,1.0,1.0,Unknown
NOM1,0.0,,1.0,1.0,Unknown
NOMO1,0.0,,1.0,1.0,Unknown
NOMO2,0.0,,1.0,1.0,Unknown
NOMO3,0.0,,1.0,1.0,Unknown
NMT1,0.0,,1.0,1.0,Unknown
NMT2,0.0,,1.0,1.0,Unknown
NMU,0.0,,1.0,1.0,Unknown
NMUR1,0.0,,1.0,1.0,Unknown
NMUR2,0.0,,1.0,1.0,Unknown
NNAT,0.0,,1.0,1.0,Unknown
NNMT,0.0,,1.0,1.0,Unknown
NNT,0.0,,1.0,1.0,Unknown
NOA1,0.0,,1.0,1.0,Unknown
NOB1,0.0,,1.0,1.0,Unknown
NOBOX,0.0,,1.0,1.0,Unknown
NOC2L,0.0,,1.0,1.0,Unknown
NOC3L,0.0,,1.0,1.0,Unknown
NOC4L,0.0,,1.0,1.0,Unknown
NOD1,0.0,,1.0,1.0,Unknown
NOD2,0.0,,1.0,1.0,Unknown
NME2,0.0,,1.0,1.0,Unknown
NME3,0.0,,1.0,1.0,Unknown
NME4,0.0,,1.0,1.0,Unknown
NME5,0.0,,1.0,1.0,Unknown
NME6,0.0,,1.0,1.0,Unknown
NME7,0.0,,1.0,1.0,Unknown
NME8,0.0,,1.0,1.0,Unknown
NME9,0.0,,1.0,1.0,Unknown
NMI,0.0,,1.0,1.0,Unknown
NMNAT1,0.0,,1.0,1.0,Unknown
NMNAT2,0.0,,1.0,1.0,Unknown
NMNAT3,0.0,,1.0,1.0,Unknown
NMRAL1,0.0,,1.0,1.0,Unknown
NMRK1,0.0,,1.0,1.0,Unknown
NMRK2,0.0,,1.0,1.0,Unknown
NMS,0.0,,1.0,1.0,Unknown
NLRP13,0.0,,1.0,1.0,Unknown
NLRP14,0.0,,1.0,1.0,Unknown
NLRP2,0.0,,1.0,1.0,Unknown
NLRP3,0.0,,1.0,1.0,Unknown
NLRP4,0.0,,1.0,1.0,Unknown
NLRP5,0.0,,1.0,1.0,Unknown
NLRP6,0.0,,1.0,1.0,Unknown
NLRP7,0.0,,1.0,1.0,Unknown
NLRP8,0.0,,1.0,1.0,Unknown
NLRP9,0.0,,1.0,1.0,Unknown
NLRX1,0.0,,1.0,1.0,Unknown
NMB,0.0,,1.0,1.0,Unknown
NMBR,0.0,,1.0,1.0,Unknown
NMD3,0.0,,1.0,1.0,Unknown
NME1,0.0,,1.0,1.0,Unknown
NME1-NME2,0.0,,1.0,1.0,Unknown
NLE1,0.0,,1.0,1.0,Unknown
NLGN1,0.0,,1.0,1.0,Unknown
NLGN2,0.0,,1.0,1.0,Unknown
NLGN3,0.0,,1.0,1.0,Unknown
NLGN4X,0.0,,1.0,1.0,Unknown
NLGN4Y,0.0,,1.0,1.0,Unknown
NLGN4Y-AS1,0.0,,1.0,1.0,Unknown
NLK,0.0,,1.0,1.0,Unknown
NLN,0.0,,1.0,1.0,Unknown
NLRC3,0.0,,1.0,1.0,Unknown
NLRC4,0.0,,1.0,1.0,Unknown
NLRC5,0.0,,1.0,1.0,Unknown
NLRP1,0.0,,1.0,1.0,Unknown
NLRP10,0.0,,1.0,1.0,Unknown
NLRP11,0.0,,1.0,1.0,Unknown
NLRP12,0.0,,1.0,1.0,Unknown
NKRF,0.0,,1.0,1.0,Unknown
NKTR,0.0,,1.0,1.0,Unknown
NKX1-2,0.0,,1.0,1.0,Unknown
NKX2-1,0.0,,1.0,1.0,Unknown
NKX2-1-AS1,0.0,,1.0,1.0,Unknown
NKX2-2,0.0,,1.0,1.0,Unknown
NKX2-3,0.0,,1.0,1.0,Unknown
NKX2-4,0.0,,1.0,1.0,Unknown
NKX2-5,0.0,,1.0,1.0,Unknown
NKX2-6,0.0,,1.0,1.0,Unknown
NKX2-8,0.0,,1.0,1.0,Unknown
NKX3-1,0.0,,1.0,1.0,Unknown
NKX3-2,0.0,,1.0,1.0,Unknown
NKX6-1,0.0,,1.0,1.0,Unknown
NKX6-2,0.0,,1.0,1.0,Unknown
NKX6-3,0.0,,1.0,1.0,Unknown
NISCH,0.0,,1.0,1.0,Unknown
NIT1,0.0,,1.0,1.0,Unknown
NIT2,0.0,,1.0,1.0,Unknown
NKAIN1,0.0,,1.0,1.0,Unknown
NKAIN2,0.0,,1.0,1.0,Unknown
NKAIN3,0.0,,1.0,1.0,Unknown
NKAIN4,0.0,,1.0,1.0,Unknown
NKAP,0.0,,1.0,1.0,Unknown
NKAPL,0.0,,1.0,1.0,Unknown
NKAPP1,0.0,,1.0,1.0,Unknown
NKD1,0.0,,1.0,1.0,Unknown
NKD2,0.0,,1.0,1.0,Unknown
NKG7,0.0,,1.0,1.0,Unknown
NKIRAS1,0.0,,1.0,1.0,Unknown
NKIRAS2,0.0,,1.0,1.0,Unknown
NKPD1,0.0,,1.0,1.0,Unknown
NIF3L1,0.0,,1.0,1.0,Unknown
NIN,0.0,,1.0,1.0,Unknown
NINJ1,0.0,,1.0,1.0,Unknown
NINJ2,0.0,,1.0,1.0,Unknown
NINL,0.0,,1.0,1.0,Unknown
NIP7,0.0,,1.0,1.0,Unknown
NIPA1,0.0,,1.0,1.0,Unknown
NIPA2,0.0,,1.0,1.0,Unknown
NIPAL1,0.0,,1.0,1.0,Unknown
NIPAL2,0.0,,1.0,1.0,Unknown
NIPAL3,0.0,,1.0,1.0,Unknown
NIPAL4,0.0,,1.0,1.0,Unknown
NIPBL,0.0,,1.0,1.0,Unknown
NIPSNAP1,0.0,,1.0,1.0,Unknown
NIPSNAP3A,0.0,,1.0,1.0,Unknown
NIPSNAP3B,0.0,,1.0,1.0,Unknown
NGLY1,0.0,,1.0,1.0,Unknown
NGRN,0.0,,1.0,1.0,Unknown
NHEJ1,0.0,,1.0,1.0,Unknown
NHLH1,0.0,,1.0,1.0,Unknown
NHLH2,0.0,,1.0,1.0,Unknown
NHLRC1,0.0,,1.0,1.0,Unknown
NHLRC2,0.0,,1.0,1.0,Unknown
NHLRC3,0.0,,1.0,1.0,Unknown
NHLRC4,0.0,,1.0,1.0,Unknown
NHP2,0.0,,1.0,1.0,Unknown
NHS,0.0,,1.0,1.0,Unknown
NHSL1,0.0,,1.0,1.0,Unknown
NHSL2,0.0,,1.0,1.0,Unknown
NICN1,0.0,,1.0,1.0,Unknown
NID1,0.0,,1.0,1.0,Unknown
NID2,0.0,,1.0,1.0,Unknown
NFKBIE,0.0,,1.0,1.0,Unknown
NFKBIL1,0.0,,1.0,1.0,Unknown
NFKBIZ,0.0,,1.0,1.0,Unknown
NFRKB,0.0,,1.0,1.0,Unknown
NFS1,0.0,,1.0,1.0,Unknown
NFU1,0.0,,1.0,1.0,Unknown
NFX1,0.0,,1.0,1.0,Unknown
NFXL1,0.0,,1.0,1.0,Unknown
NFYA,0.0,,1.0,1.0,Unknown
NFYB,0.0,,1.0,1.0,Unknown
NFYC,0.0,,1.0,1.0,Unknown
NGB,0.0,,1.0,1.0,Unknown
NGDN,0.0,,1.0,1.0,Unknown
NGEF,0.0,,1.0,1.0,Unknown
NGF,0.0,,1.0,1.0,Unknown
NGFR,0.0,,1.0,1.0,Unknown
NFATC3,0.0,,1.0,1.0,Unknown
NFATC4,0.0,,1.0,1.0,Unknown
NFE2,0.0,,1.0,1.0,Unknown
NFE2L1,0.0,,1.0,1.0,Unknown
NFE2L2,0.0,,1.0,1.0,Unknown
NFE2L3,0.0,,1.0,1.0,Unknown
NFIA,0.0,,1.0,1.0,Unknown
NFIB,0.0,,1.0,1.0,Unknown
NFIC,0.0,,1.0,1.0,Unknown
NFIL3,0.0,,1.0,1.0,Unknown
NFIX,0.0,,1.0,1.0,Unknown
NFKB1,0.0,,1.0,1.0,Unknown
NFKB2,0.0,,1.0,1.0,Unknown
NFKBIA,0.0,,1.0,1.0,Unknown
NFKBIB,0.0,,1.0,1.0,Unknown
NFKBID,0.0,,1.0,1.0,Unknown
NEUROD4,0.0,,1.0,1.0,Unknown
NEUROD6,0.0,,1.0,1.0,Unknown
NEUROG1,0.0,,1.0,1.0,Unknown
NEUROG2,0.0,,1.0,1.0,Unknown
NEUROG3,0.0,,1.0,1.0,Unknown
NEXN,0.0,,1.0,1.0,Unknown
NEXN-AS1,0.0,,1.0,1.0,Unknown
NF1,0.0,,1.0,1.0,Unknown
NF1P2,0.0,,1.0,1.0,Unknown
NF2,0.0,,1.0,1.0,Unknown
NFAM1,0.0,,1.0,1.0,Unknown
NFASC,0.0,,1.0,1.0,Unknown
NFAT5,0.0,,1.0,1.0,Unknown
NFATC1,0.0,,1.0,1.0,Unknown
NFATC2,0.0,,1.0,1.0,Unknown
NFATC2IP,0.0,,1.0,1.0,Unknown
NENF,0.0,,1.0,1.0,Unknown
NEO1,0.0,,1.0,1.0,Unknown
NES,0.0,,1.0,1.0,Unknown
NET1,0.0,,1.0,1.0,Unknown
NETO1,0.0,,1.0,1.0,Unknown
NETO2,0.0,,1.0,1.0,Unknown
NEU1,0.0,,1.0,1.0,Unknown
NEU2,0.0,,1.0,1.0,Unknown
NEU3,0.0,,1.0,1.0,Unknown
NEU4,0.0,,1.0,1.0,Unknown
NEURL1B,0.0,,1.0,1.0,Unknown
NEURL2,0.0,,1.0,1.0,Unknown
NEURL3,0.0,,1.0,1.0,Unknown
NEURL4,0.0,,1.0,1.0,Unknown
NEUROD1,0.0,,1.0,1.0,Unknown
NEUROD2,0.0,,1.0,1.0,Unknown
NEK11,0.0,,1.0,1.0,Unknown
NEK2,0.0,,1.0,1.0,Unknown
NEK3,0.0,,1.0,1.0,Unknown
NEK4,0.0,,1.0,1.0,Unknown
NEK5,0.0,,1.0,1.0,Unknown
NEK6,0.0,,1.0,1.0,Unknown
NEK7,0.0,,1.0,1.0,Unknown
NEK8,0.0,,1.0,1.0,Unknown
NEK9,0.0,,1.0,1.0,Unknown
NELFA,0.0,,1.0,1.0,Unknown
NELFB,0.0,,1.0,1.0,Unknown
NELFCD,0.0,,1.0,1.0,Unknown
NELFE,0.0,,1.0,1.0,Unknown
NELL1,0.0,,1.0,1.0,Unknown
NELL2,0.0,,1.0,1.0,Unknown
NEMF,0.0,,1.0,1.0,Unknown
NEDD1,0.0,,1.0,1.0,Unknown
NEDD4,0.0,,1.0,1.0,Unknown
NEDD4L,0.0,,1.0,1.0,Unknown
NEDD8,0.0,,1.0,1.0,Unknown
NEDD8-MDP1,0.0,,1.0,1.0,Unknown
NEDD9,0.0,,1.0,1.0,Unknown
NEFH,0.0,,1.0,1.0,Unknown
NEFL,0.0,,1.0,1.0,Unknown
NEFM,0.0,,1.0,1.0,Unknown
NEGR1,0.0,,1.0,1.0,Unknown
NEGR1-IT1,0.0,,1.0,1.0,Unknown
NEIL1,0.0,,1.0,1.0,Unknown
NEIL2,0.0,,1.0,1.0,Unknown
NEIL3,0.0,,1.0,1.0,Unknown
NEK1,0.0,,1.0,1.0,Unknown
NEK10,0.0,,1.0,1.0,Unknown
NDUFS5,0.0,,1.0,1.0,Unknown
NDUFS6,0.0,,1.0,1.0,Unknown
NDUFS7,0.0,,1.0,1.0,Unknown
NDUFS8,0.0,,1.0,1.0,Unknown
NDUFV1,0.0,,1.0,1.0,Unknown
NDUFV2,0.0,,1.0,1.0,Unknown
NDUFV3,0.0,,1.0,1.0,Unknown
NEAT1,0.0,,1.0,1.0,Unknown
NEB,0.0,,1.0,1.0,Unknown
NEBL,0.0,,1.0,1.0,Unknown
NEBL-AS1,0.0,,1.0,1.0,Unknown
NECAB1,0.0,,1.0,1.0,Unknown
NECAB2,0.0,,1.0,1.0,Unknown
NECAB3,0.0,,1.0,1.0,Unknown
NECAP1,0.0,,1.0,1.0,Unknown
NECAP2,0.0,,1.0,1.0,Unknown
NDUFB2,0.0,,1.0,1.0,Unknown
NDUFB2-AS1,0.0,,1.0,1.0,Unknown
NDUFB3,0.0,,1.0,1.0,Unknown
NDUFB4,0.0,,1.0,1.0,Unknown
NDUFB5,0.0,,1.0,1.0,Unknown
NDUFB6,0.0,,1.0,1.0,Unknown
NDUFB7,0.0,,1.0,1.0,Unknown
NDUFB8,0.0,,1.0,1.0,Unknown
NDUFB9,0.0,,1.0,1.0,Unknown
NDUFC1,0.0,,1.0,1.0,Unknown
NDUFC2,0.0,,1.0,1.0,Unknown
NDUFC2-KCTD14,0.0,,1.0,1.0,Unknown
NDUFS1,0.0,,1.0,1.0,Unknown
NDUFS2,0.0,,1.0,1.0,Unknown
NDUFS3,0.0,,1.0,1.0,Unknown
NDUFS4,0.0,,1.0,1.0,Unknown
NDUFA6-AS1,0.0,,1.0,1.0,Unknown
NDUFA7,0.0,,1.0,1.0,Unknown
NDUFA8,0.0,,1.0,1.0,Unknown
NDUFA9,0.0,,1.0,1.0,Unknown
NDUFAB1,0.0,,1.0,1.0,Unknown
NDUFAF1,0.0,,1.0,1.0,Unknown
NDUFAF2,0.0,,1.0,1.0,Unknown
NDUFAF3,0.0,,1.0,1.0,Unknown
NDUFAF4,0.0,,1.0,1.0,Unknown
NDUFAF4P1,0.0,,1.0,1.0,Unknown
NDUFAF5,0.0,,1.0,1.0,Unknown
NDUFAF6,0.0,,1.0,1.0,Unknown
NDUFAF7,0.0,,1.0,1.0,Unknown
NDUFB1,0.0,,1.0,1.0,Unknown
NDUFB10,0.0,,1.0,1.0,Unknown
NDUFB11,0.0,,1.0,1.0,Unknown
NDRG4,0.0,,1.0,1.0,Unknown
NDST1,0.0,,1.0,1.0,Unknown
NDST2,0.0,,1.0,1.0,Unknown
NDST3,0.0,,1.0,1.0,Unknown
NDST4,0.0,,1.0,1.0,Unknown
NDUFA1,0.0,,1.0,1.0,Unknown
NDUFA10,0.0,,1.0,1.0,Unknown
NDUFA11,0.0,,1.0,1.0,Unknown
NDUFA12,0.0,,1.0,1.0,Unknown
NDUFA13,0.0,,1.0,1.0,Unknown
NDUFA2,0.0,,1.0,1.0,Unknown
NDUFA3,0.0,,1.0,1.0,Unknown
NDUFA4,0.0,,1.0,1.0,Unknown
NDUFA4L2,0.0,,1.0,1.0,Unknown
NDUFA5,0.0,,1.0,1.0,Unknown
NDUFA6,0.0,,1.0,1.0,Unknown
NCS1,0.0,,1.0,1.0,Unknown
NCSTN,0.0,,1.0,1.0,Unknown
NDC1,0.0,,1.0,1.0,Unknown
NDC80,0.0,,1.0,1.0,Unknown
NDE1,0.0,,1.0,1.0,Unknown
NDEL1,0.0,,1.0,1.0,Unknown
NDFIP1,0.0,,1.0,1.0,Unknown
NDFIP2,0.0,,1.0,1.0,Unknown
NDFIP2-AS1,0.0,,1.0,1.0,Unknown
NDN,0.0,,1.0,1.0,Unknown
NDNF,0.0,,1.0,1.0,Unknown
NDOR1,0.0,,1.0,1.0,Unknown
NDP,0.0,,1.0,1.0,Unknown
NDRG1,0.0,,1.0,1.0,Unknown
NDRG2,0.0,,1.0,1.0,Unknown
NDRG3,0.0,,1.0,1.0,Unknown
NCLN,0.0,,1.0,1.0,Unknown
NCMAP,0.0,,1.0,1.0,Unknown
NCOA1,0.0,,1.0,1.0,Unknown
NCOA2,0.0,,1.0,1.0,Unknown
NCOA3,0.0,,1.0,1.0,Unknown
NCOA4,0.0,,1.0,1.0,Unknown
NCOA5,0.0,,1.0,1.0,Unknown
NCOA6,0.0,,1.0,1.0,Unknown
NCOA7,0.0,,1.0,1.0,Unknown
NCOR1,0.0,,1.0,1.0,Unknown
NCOR1P1,0.0,,1.0,1.0,Unknown
NCOR2,0.0,,1.0,1.0,Unknown
NCR1,0.0,,1.0,1.0,Unknown
NCR2,0.0,,1.0,1.0,Unknown
NCR3,0.0,,1.0,1.0,Unknown
NCR3LG1,0.0,,1.0,1.0,Unknown
NCCRP1,0.0,,1.0,1.0,Unknown
NCDN,0.0,,1.0,1.0,Unknown
NCEH1,0.0,,1.0,1.0,Unknown
NCF1,0.0,,1.0,1.0,Unknown
NCF1B,0.0,,1.0,1.0,Unknown
NCF1C,0.0,,1.0,1.0,Unknown
NCF2,0.0,,1.0,1.0,Unknown
NCF4,0.0,,1.0,1.0,Unknown
NCK1,0.0,,1.0,1.0,Unknown
NCK2,0.0,,1.0,1.0,Unknown
NCKAP1,0.0,,1.0,1.0,Unknown
NCKAP1L,0.0,,1.0,1.0,Unknown
NCKAP5,0.0,,1.0,1.0,Unknown
NCKAP5L,0.0,,1.0,1.0,Unknown
NCKIPSD,0.0,,1.0,1.0,Unknown
NCL,0.0,,1.0,1.0,Unknown
NBR1,0.0,,1.0,1.0,Unknown
NBR2,0.0,,1.0,1.0,Unknown
NCALD,0.0,,1.0,1.0,Unknown
NCAM1,0.0,,1.0,1.0,Unknown
NCAM1-AS1,0.0,,1.0,1.0,Unknown
NCAM2,0.0,,1.0,1.0,Unknown
NCAN,0.0,,1.0,1.0,Unknown
NCAPD2,0.0,,1.0,1.0,Unknown
NCAPD3,0.0,,1.0,1.0,Unknown
NCAPG,0.0,,1.0,1.0,Unknown
NCAPG2,0.0,,1.0,1.0,Unknown
NCAPH,0.0,,1.0,1.0,Unknown
NCAPH2,0.0,,1.0,1.0,Unknown
NCBP1,0.0,,1.0,1.0,Unknown
NCBP2,0.0,,1.0,1.0,Unknown
NCBP2-AS2,0.0,,1.0,1.0,Unknown
NBL1,0.0,,1.0,1.0,Unknown
NBN,0.0,,1.0,1.0,Unknown
NBPF1,0.0,,1.0,1.0,Unknown
NBPF10,0.0,,1.0,1.0,Unknown
NBPF11,0.0,,1.0,1.0,Unknown
NBPF12,0.0,,1.0,1.0,Unknown
NBPF13P,0.0,,1.0,1.0,Unknown
NBPF14,0.0,,1.0,1.0,Unknown
NBPF15,0.0,,1.0,1.0,Unknown
NBPF22P,0.0,,1.0,1.0,Unknown
NBPF3,0.0,,1.0,1.0,Unknown
NBPF4,0.0,,1.0,1.0,Unknown
NBPF6,0.0,,1.0,1.0,Unknown
NBPF7,0.0,,1.0,1.0,Unknown
NBPF8,0.0,,1.0,1.0,Unknown
NBPF9,0.0,,1.0,1.0,Unknown
NAT2,0.0,,1.0,1.0,Unknown
NAT6,0.0,,1.0,1.0,Unknown
NAT8,0.0,,1.0,1.0,Unknown
NAT8B,0.0,,1.0,1.0,Unknown
NAT8L,0.0,,1.0,1.0,Unknown
NAT9,0.0,,1.0,1.0,Unknown
NAV1,0.0,,1.0,1.0,Unknown
NAV2,0.0,,1.0,1.0,Unknown
NAV2-AS4,0.0,,1.0,1.0,Unknown
NAV2-AS5,0.0,,1.0,1.0,Unknown
NAV3,0.0,,1.0,1.0,Unknown
NBAS,0.0,,1.0,1.0,Unknown
NBEA,0.0,,1.0,1.0,Unknown
NBEAL1,0.0,,1.0,1.0,Unknown
NBEAL2,0.0,,1.0,1.0,Unknown
NBEAP1,0.0,,1.0,1.0,Unknown
NAPA,0.0,,1.0,1.0,Unknown
NAPA-AS1,0.0,,1.0,1.0,Unknown
NAPB,0.0,,1.0,1.0,Unknown
NAPEPLD,0.0,,1.0,1.0,Unknown
NAPG,0.0,,1.0,1.0,Unknown
NAPSA,0.0,,1.0,1.0,Unknown
NAPSB,0.0,,1.0,1.0,Unknown
NARF,0.0,,1.0,1.0,Unknown
NARFL,0.0,,1.0,1.0,Unknown
NARS,0.0,,1.0,1.0,Unknown
NARS2,0.0,,1.0,1.0,Unknown
NASP,0.0,,1.0,1.0,Unknown
NAT1,0.0,,1.0,1.0,Unknown
NAT10,0.0,,1.0,1.0,Unknown
NAT14,0.0,,1.0,1.0,Unknown
NAT16,0.0,,1.0,1.0,Unknown
NALCN,0.0,,1.0,1.0,Unknown
NALCN-AS1,0.0,,1.0,1.0,Unknown
NAMPT,0.0,,1.0,1.0,Unknown
NANOG,0.0,,1.0,1.0,Unknown
NANOGNB,0.0,,1.0,1.0,Unknown
NANOS1,0.0,,1.0,1.0,Unknown
NANOS2,0.0,,1.0,1.0,Unknown
NANOS3,0.0,,1.0,1.0,Unknown
NANP,0.0,,1.0,1.0,Unknown
NANS,0.0,,1.0,1.0,Unknown
NAP1L1,0.0,,1.0,1.0,Unknown
NAP1L2,0.0,,1.0,1.0,Unknown
NAP1L3,0.0,,1.0,1.0,Unknown
NAP1L4,0.0,,1.0,1.0,Unknown
NAP1L5,0.0,,1.0,1.0,Unknown
NAP1L6,0.0,,1.0,1.0,Unknown
NACAD,0.0,,1.0,1.0,Unknown
NACAP1,0.0,,1.0,1.0,Unknown
NACC1,0.0,,1.0,1.0,Unknown
NACC2,0.0,,1.0,1.0,Unknown
NADK,0.0,,1.0,1.0,Unknown
NADSYN1,0.0,,1.0,1.0,Unknown
NAE1,0.0,,1.0,1.0,Unknown
NAF1,0.0,,1.0,1.0,Unknown
NAGA,0.0,,1.0,1.0,Unknown
NAGK,0.0,,1.0,1.0,Unknown
NAGLU,0.0,,1.0,1.0,Unknown
NAGPA,0.0,,1.0,1.0,Unknown
NAGPA-AS1,0.0,,1.0,1.0,Unknown
NAGS,0.0,,1.0,1.0,Unknown
NAIF1,0.0,,1.0,1.0,Unknown
NAIP,0.0,,1.0,1.0,Unknown
NAA35,0.0,,1.0,1.0,Unknown
NAA38,0.0,,1.0,1.0,Unknown
NAA40,0.0,,1.0,1.0,Unknown
NAA50,0.0,,1.0,1.0,Unknown
NAA60,0.0,,1.0,1.0,Unknown
NAAA,0.0,,1.0,1.0,Unknown
NAALAD2,0.0,,1.0,1.0,Unknown
NAALADL1,0.0,,1.0,1.0,Unknown
NAALADL2,0.0,,1.0,1.0,Unknown
NAALADL2-AS3,0.0,,1.0,1.0,Unknown
NAB1,0.0,,1.0,1.0,Unknown
NAB2,0.0,,1.0,1.0,Unknown
NABP1,0.0,,1.0,1.0,Unknown
NABP2,0.0,,1.0,1.0,Unknown
NACA,0.0,,1.0,1.0,Unknown
NACA2,0.0,,1.0,1.0,Unknown
MZT2A,0.0,,1.0,1.0,Unknown
MZT2B,0.0,,1.0,1.0,Unknown
N4BP1,0.0,,1.0,1.0,Unknown
N4BP2,0.0,,1.0,1.0,Unknown
N4BP2L1,0.0,,1.0,1.0,Unknown
N4BP2L2,0.0,,1.0,1.0,Unknown
N4BP2L2-IT2,0.0,,1.0,1.0,Unknown
N4BP3,0.0,,1.0,1.0,Unknown
N6AMT1,0.0,,1.0,1.0,Unknown
NAA10,0.0,,1.0,1.0,Unknown
NAA11,0.0,,1.0,1.0,Unknown
NAA15,0.0,,1.0,1.0,Unknown
NAA16,0.0,,1.0,1.0,Unknown
NAA20,0.0,,1.0,1.0,Unknown
NAA25,0.0,,1.0,1.0,Unknown
NAA30,0.0,,1.0,1.0,Unknown
MYOM3,0.0,,1.0,1.0,Unknown
MYOT,0.0,,1.0,1.0,Unknown
MYOZ1,0.0,,1.0,1.0,Unknown
MYOZ2,0.0,,1.0,1.0,Unknown
MYOZ3,0.0,,1.0,1.0,Unknown
MYPN,0.0,,1.0,1.0,Unknown
MYPOP,0.0,,1.0,1.0,Unknown
MYRF,0.0,,1.0,1.0,Unknown
MYRIP,0.0,,1.0,1.0,Unknown
MYSM1,0.0,,1.0,1.0,Unknown
MYT1,0.0,,1.0,1.0,Unknown
MYT1L,0.0,,1.0,1.0,Unknown
MYZAP,0.0,,1.0,1.0,Unknown
MZB1,0.0,,1.0,1.0,Unknown
MZF1,0.0,,1.0,1.0,Unknown
MZT1,0.0,,1.0,1.0,Unknown
MYO3B,0.0,,1.0,1.0,Unknown
MYO5A,0.0,,1.0,1.0,Unknown
MYO5B,0.0,,1.0,1.0,Unknown
MYO5C,0.0,,1.0,1.0,Unknown
MYO6,0.0,,1.0,1.0,Unknown
MYO7A,0.0,,1.0,1.0,Unknown
MYO7B,0.0,,1.0,1.0,Unknown
MYO9A,0.0,,1.0,1.0,Unknown
MYO9B,0.0,,1.0,1.0,Unknown
MYOC,0.0,,1.0,1.0,Unknown
MYOCD,0.0,,1.0,1.0,Unknown
MYOD1,0.0,,1.0,1.0,Unknown
MYOF,0.0,,1.0,1.0,Unknown
MYOG,0.0,,1.0,1.0,Unknown
MYOM1,0.0,,1.0,1.0,Unknown
MYOM2,0.0,,1.0,1.0,Unknown
MYO15A,0.0,,1.0,1.0,Unknown
MYO15B,0.0,,1.0,1.0,Unknown
MYO16,0.0,,1.0,1.0,Unknown
MYO16-AS1,0.0,,1.0,1.0,Unknown
MYO18A,0.0,,1.0,1.0,Unknown
MYO18B,0.0,,1.0,1.0,Unknown
MYO19,0.0,,1.0,1.0,Unknown
MYO1A,0.0,,1.0,1.0,Unknown
MYO1B,0.0,,1.0,1.0,Unknown
MYO1C,0.0,,1.0,1.0,Unknown
MYO1D,0.0,,1.0,1.0,Unknown
MYO1E,0.0,,1.0,1.0,Unknown
MYO1F,0.0,,1.0,1.0,Unknown
MYO1G,0.0,,1.0,1.0,Unknown
MYO1H,0.0,,1.0,1.0,Unknown
MYO3A,0.0,,1.0,1.0,Unknown
MYL3,0.0,,1.0,1.0,Unknown
MYL4,0.0,,1.0,1.0,Unknown
MYL5,0.0,,1.0,1.0,Unknown
MYL6,0.0,,1.0,1.0,Unknown
MYL6B,0.0,,1.0,1.0,Unknown
MYL7,0.0,,1.0,1.0,Unknown
MYL9,0.0,,1.0,1.0,Unknown
MYLIP,0.0,,1.0,1.0,Unknown
MYLK,0.0,,1.0,1.0,Unknown
MYLK-AS1,0.0,,1.0,1.0,Unknown
MYLK2,0.0,,1.0,1.0,Unknown
MYLK3,0.0,,1.0,1.0,Unknown
MYLK4,0.0,,1.0,1.0,Unknown
MYLPF,0.0,,1.0,1.0,Unknown
MYNN,0.0,,1.0,1.0,Unknown
MYO10,0.0,,1.0,1.0,Unknown
MYH14,0.0,,1.0,1.0,Unknown
MYH15,0.0,,1.0,1.0,Unknown
MYH16,0.0,,1.0,1.0,Unknown
MYH2,0.0,,1.0,1.0,Unknown
MYH3,0.0,,1.0,1.0,Unknown
MYH4,0.0,,1.0,1.0,Unknown
MYH6,0.0,,1.0,1.0,Unknown
MYH7,0.0,,1.0,1.0,Unknown
MYH7B,0.0,,1.0,1.0,Unknown
MYH8,0.0,,1.0,1.0,Unknown
MYH9,0.0,,1.0,1.0,Unknown
MYL1,0.0,,1.0,1.0,Unknown
MYL10,0.0,,1.0,1.0,Unknown
MYL12A,0.0,,1.0,1.0,Unknown
MYL12B,0.0,,1.0,1.0,Unknown
MYL2,0.0,,1.0,1.0,Unknown
MYCBP,0.0,,1.0,1.0,Unknown
MYCBP2,0.0,,1.0,1.0,Unknown
MYCBP2-AS1,0.0,,1.0,1.0,Unknown
MYCBPAP,0.0,,1.0,1.0,Unknown
MYCN,0.0,,1.0,1.0,Unknown
MYCNOS,0.0,,1.0,1.0,Unknown
MYCT1,0.0,,1.0,1.0,Unknown
MYD88,0.0,,1.0,1.0,Unknown
MYEF2,0.0,,1.0,1.0,Unknown
MYEOV,0.0,,1.0,1.0,Unknown
MYF5,0.0,,1.0,1.0,Unknown
MYF6,0.0,,1.0,1.0,Unknown
MYH1,0.0,,1.0,1.0,Unknown
MYH10,0.0,,1.0,1.0,Unknown
MYH11,0.0,,1.0,1.0,Unknown
MYH13,0.0,,1.0,1.0,Unknown
MXRA5,0.0,,1.0,1.0,Unknown
MXRA7,0.0,,1.0,1.0,Unknown
MXRA8,0.0,,1.0,1.0,Unknown
MYADM,0.0,,1.0,1.0,Unknown
MYADML,0.0,,1.0,1.0,Unknown
MYADML2,0.0,,1.0,1.0,Unknown
MYB,0.0,,1.0,1.0,Unknown
MYBBP1A,0.0,,1.0,1.0,Unknown
MYBL1,0.0,,1.0,1.0,Unknown
MYBL2,0.0,,1.0,1.0,Unknown
MYBPC1,0.0,,1.0,1.0,Unknown
MYBPC2,0.0,,1.0,1.0,Unknown
MYBPC3,0.0,,1.0,1.0,Unknown
MYBPH,0.0,,1.0,1.0,Unknown
MYBPHL,0.0,,1.0,1.0,Unknown
MYC,0.0,,1.0,1.0,Unknown
MUS81,0.0,,1.0,1.0,Unknown
MUSK,0.0,,1.0,1.0,Unknown
MUSTN1,0.0,,1.0,1.0,Unknown
MUT,0.0,,1.0,1.0,Unknown
MUTYH,0.0,,1.0,1.0,Unknown
MVB12A,0.0,,1.0,1.0,Unknown
MVB12B,0.0,,1.0,1.0,Unknown
MVD,0.0,,1.0,1.0,Unknown
MVK,0.0,,1.0,1.0,Unknown
MVP,0.0,,1.0,1.0,Unknown
MX1,0.0,,1.0,1.0,Unknown
MX2,0.0,,1.0,1.0,Unknown
MXD1,0.0,,1.0,1.0,Unknown
MXD3,0.0,,1.0,1.0,Unknown
MXD4,0.0,,1.0,1.0,Unknown
MXI1,0.0,,1.0,1.0,Unknown
MUC13,0.0,,1.0,1.0,Unknown
MUC15,0.0,,1.0,1.0,Unknown
MUC16,0.0,,1.0,1.0,Unknown
MUC17,0.0,,1.0,1.0,Unknown
MUC2,0.0,,1.0,1.0,Unknown
MUC20,0.0,,1.0,1.0,Unknown
MUC21,0.0,,1.0,1.0,Unknown
MUC22,0.0,,1.0,1.0,Unknown
MUC4,0.0,,1.0,1.0,Unknown
MUC5B,0.0,,1.0,1.0,Unknown
MUC6,0.0,,1.0,1.0,Unknown
MUC7,0.0,,1.0,1.0,Unknown
MUCL1,0.0,,1.0,1.0,Unknown
MUL1,0.0,,1.0,1.0,Unknown
MUM1,0.0,,1.0,1.0,Unknown
MUM1L1,0.0,,1.0,1.0,Unknown
MTRNR2L5,0.0,,1.0,1.0,Unknown
MTRNR2L6,0.0,,1.0,1.0,Unknown
MTRNR2L7,0.0,,1.0,1.0,Unknown
MTRNR2L8,0.0,,1.0,1.0,Unknown
MTRR,0.0,,1.0,1.0,Unknown
MTSS1,0.0,,1.0,1.0,Unknown
MTSS1L,0.0,,1.0,1.0,Unknown
MTTP,0.0,,1.0,1.0,Unknown
MTUS1,0.0,,1.0,1.0,Unknown
MTUS2,0.0,,1.0,1.0,Unknown
MTUS2-AS1,0.0,,1.0,1.0,Unknown
MTX1,0.0,,1.0,1.0,Unknown
MTX2,0.0,,1.0,1.0,Unknown
MTX3,0.0,,1.0,1.0,Unknown
MUC1,0.0,,1.0,1.0,Unknown
MUC12,0.0,,1.0,1.0,Unknown
MTMR9LP,0.0,,1.0,1.0,Unknown
MTNR1A,0.0,,1.0,1.0,Unknown
MTNR1B,0.0,,1.0,1.0,Unknown
MTO1,0.0,,1.0,1.0,Unknown
MTOR,0.0,,1.0,1.0,Unknown
MTOR-AS1,0.0,,1.0,1.0,Unknown
MTPAP,0.0,,1.0,1.0,Unknown
MTPN,0.0,,1.0,1.0,Unknown
MTR,0.0,,1.0,1.0,Unknown
MTRF1,0.0,,1.0,1.0,Unknown
MTRF1L,0.0,,1.0,1.0,Unknown
MTRNR2L1,0.0,,1.0,1.0,Unknown
MTRNR2L10,0.0,,1.0,1.0,Unknown
MTRNR2L2,0.0,,1.0,1.0,Unknown
MTRNR2L3,0.0,,1.0,1.0,Unknown
MTRNR2L4,0.0,,1.0,1.0,Unknown
MTHFSD,0.0,,1.0,1.0,Unknown
MTIF2,0.0,,1.0,1.0,Unknown
MTIF3,0.0,,1.0,1.0,Unknown
MTM1,0.0,,1.0,1.0,Unknown
MTMR1,0.0,,1.0,1.0,Unknown
MTMR10,0.0,,1.0,1.0,Unknown
MTMR11,0.0,,1.0,1.0,Unknown
MTMR12,0.0,,1.0,1.0,Unknown
MTMR14,0.0,,1.0,1.0,Unknown
MTMR2,0.0,,1.0,1.0,Unknown
MTMR3,0.0,,1.0,1.0,Unknown
MTMR4,0.0,,1.0,1.0,Unknown
MTMR6,0.0,,1.0,1.0,Unknown
MTMR7,0.0,,1.0,1.0,Unknown
MTMR8,0.0,,1.0,1.0,Unknown
MTMR9,0.0,,1.0,1.0,Unknown
MTF1,0.0,,1.0,1.0,Unknown
MTF2,0.0,,1.0,1.0,Unknown
MTFMT,0.0,,1.0,1.0,Unknown
MTFP1,0.0,,1.0,1.0,Unknown
MTFR1,0.0,,1.0,1.0,Unknown
MTFR1L,0.0,,1.0,1.0,Unknown
MTFR2,0.0,,1.0,1.0,Unknown
MTG1,0.0,,1.0,1.0,Unknown
MTG2,0.0,,1.0,1.0,Unknown
MTHFD1,0.0,,1.0,1.0,Unknown
MTHFD1L,0.0,,1.0,1.0,Unknown
MTHFD2,0.0,,1.0,1.0,Unknown
MTHFD2L,0.0,,1.0,1.0,Unknown
MTHFD2P1,0.0,,1.0,1.0,Unknown
MTHFR,0.0,,1.0,1.0,Unknown
MTHFS,0.0,,1.0,1.0,Unknown
MT1JP,0.0,,1.0,1.0,Unknown
MT1L,0.0,,1.0,1.0,Unknown
MT1M,0.0,,1.0,1.0,Unknown
MT1X,0.0,,1.0,1.0,Unknown
MT2A,0.0,,1.0,1.0,Unknown
MT3,0.0,,1.0,1.0,Unknown
MT4,0.0,,1.0,1.0,Unknown
MTA1,0.0,,1.0,1.0,Unknown
MTA2,0.0,,1.0,1.0,Unknown
MTA3,0.0,,1.0,1.0,Unknown
MTAP,0.0,,1.0,1.0,Unknown
MTBP,0.0,,1.0,1.0,Unknown
MTCH1,0.0,,1.0,1.0,Unknown
MTCH2,0.0,,1.0,1.0,Unknown
MTCP1,0.0,,1.0,1.0,Unknown
MTDH,0.0,,1.0,1.0,Unknown
MST1L,0.0,,1.0,1.0,Unknown
MST1P2,0.0,,1.0,1.0,Unknown
MST1R,0.0,,1.0,1.0,Unknown
MSTN,0.0,,1.0,1.0,Unknown
MSTO1,0.0,,1.0,1.0,Unknown
MSTO2P,0.0,,1.0,1.0,Unknown
MSX1,0.0,,1.0,1.0,Unknown
MSX2,0.0,,1.0,1.0,Unknown
MT1A,0.0,,1.0,1.0,Unknown
MT1B,0.0,,1.0,1.0,Unknown
MT1DP,0.0,,1.0,1.0,Unknown
MT1E,0.0,,1.0,1.0,Unknown
MT1F,0.0,,1.0,1.0,Unknown
MT1G,0.0,,1.0,1.0,Unknown
MT1H,0.0,,1.0,1.0,Unknown
MT1HL1,0.0,,1.0,1.0,Unknown
MSL1,0.0,,1.0,1.0,Unknown
MSL2,0.0,,1.0,1.0,Unknown
MSL3,0.0,,1.0,1.0,Unknown
MSL3P1,0.0,,1.0,1.0,Unknown
MSLN,0.0,,1.0,1.0,Unknown
MSMB,0.0,,1.0,1.0,Unknown
MSMO1,0.0,,1.0,1.0,Unknown
MSMP,0.0,,1.0,1.0,Unknown
MSN,0.0,,1.0,1.0,Unknown
MSR1,0.0,,1.0,1.0,Unknown
MSRA,0.0,,1.0,1.0,Unknown
MSRB1,0.0,,1.0,1.0,Unknown
MSRB2,0.0,,1.0,1.0,Unknown
MSRB3,0.0,,1.0,1.0,Unknown
MSS51,0.0,,1.0,1.0,Unknown
MST1,0.0,,1.0,1.0,Unknown
MS4A8,0.0,,1.0,1.0,Unknown
MSANTD1,0.0,,1.0,1.0,Unknown
MSANTD2,0.0,,1.0,1.0,Unknown
MSANTD3,0.0,,1.0,1.0,Unknown
MSANTD3-TMEFF1,0.0,,1.0,1.0,Unknown
MSANTD4,0.0,,1.0,1.0,Unknown
MSC,0.0,,1.0,1.0,Unknown
MSGN1,0.0,,1.0,1.0,Unknown
MSH2,0.0,,1.0,1.0,Unknown
MSH3,0.0,,1.0,1.0,Unknown
MSH4,0.0,,1.0,1.0,Unknown
MSH5,0.0,,1.0,1.0,Unknown
MSH5-SAPCD1,0.0,,1.0,1.0,Unknown
MSH6,0.0,,1.0,1.0,Unknown
MSI1,0.0,,1.0,1.0,Unknown
MSI2,0.0,,1.0,1.0,Unknown
MRTO4,0.0,,1.0,1.0,Unknown
MRVI1,0.0,,1.0,1.0,Unknown
MRVI1-AS1,0.0,,1.0,1.0,Unknown
MS4A1,0.0,,1.0,1.0,Unknown
MS4A10,0.0,,1.0,1.0,Unknown
MS4A12,0.0,,1.0,1.0,Unknown
MS4A13,0.0,,1.0,1.0,Unknown
MS4A14,0.0,,1.0,1.0,Unknown
MS4A15,0.0,,1.0,1.0,Unknown
MS4A2,0.0,,1.0,1.0,Unknown
MS4A3,0.0,,1.0,1.0,Unknown
MS4A4A,0.0,,1.0,1.0,Unknown
MS4A5,0.0,,1.0,1.0,Unknown
MS4A6A,0.0,,1.0,1.0,Unknown
MS4A6E,0.0,,1.0,1.0,Unknown
MS4A7,0.0,,1.0,1.0,Unknown
MRPS26,0.0,,1.0,1.0,Unknown
MRPS27,0.0,,1.0,1.0,Unknown
MRPS28,0.0,,1.0,1.0,Unknown
MRPS30,0.0,,1.0,1.0,Unknown
MRPS31,0.0,,1.0,1.0,Unknown
MRPS31P5,0.0,,1.0,1.0,Unknown
MRPS33,0.0,,1.0,1.0,Unknown
MRPS34,0.0,,1.0,1.0,Unknown
MRPS35,0.0,,1.0,1.0,Unknown
MRPS36,0.0,,1.0,1.0,Unknown
MRPS5,0.0,,1.0,1.0,Unknown
MRPS6,0.0,,1.0,1.0,Unknown
MRPS7,0.0,,1.0,1.0,Unknown
MRPS9,0.0,,1.0,1.0,Unknown
MRRF,0.0,,1.0,1.0,Unknown
MRS2,0.0,,1.0,1.0,Unknown
MRPS10,0.0,,1.0,1.0,Unknown
MRPS11,0.0,,1.0,1.0,Unknown
MRPS12,0.0,,1.0,1.0,Unknown
MRPS14,0.0,,1.0,1.0,Unknown
MRPS15,0.0,,1.0,1.0,Unknown
MRPS16,0.0,,1.0,1.0,Unknown
MRPS17,0.0,,1.0,1.0,Unknown
MRPS18A,0.0,,1.0,1.0,Unknown
MRPS18B,0.0,,1.0,1.0,Unknown
MRPS18C,0.0,,1.0,1.0,Unknown
MRPS2,0.0,,1.0,1.0,Unknown
MRPS21,0.0,,1.0,1.0,Unknown
MRPS22,0.0,,1.0,1.0,Unknown
MRPS23,0.0,,1.0,1.0,Unknown
MRPS24,0.0,,1.0,1.0,Unknown
MRPS25,0.0,,1.0,1.0,Unknown
MRPL42,0.0,,1.0,1.0,Unknown
MRPL43,0.0,,1.0,1.0,Unknown
MRPL44,0.0,,1.0,1.0,Unknown
MRPL45,0.0,,1.0,1.0,Unknown
MRPL45P2,0.0,,1.0,1.0,Unknown
MRPL46,0.0,,1.0,1.0,Unknown
MRPL47,0.0,,1.0,1.0,Unknown
MRPL48,0.0,,1.0,1.0,Unknown
MRPL49,0.0,,1.0,1.0,Unknown
MRPL50,0.0,,1.0,1.0,Unknown
MRPL51,0.0,,1.0,1.0,Unknown
MRPL52,0.0,,1.0,1.0,Unknown
MRPL53,0.0,,1.0,1.0,Unknown
MRPL54,0.0,,1.0,1.0,Unknown
MRPL55,0.0,,1.0,1.0,Unknown
MRPL9,0.0,,1.0,1.0,Unknown
MRPL24,0.0,,1.0,1.0,Unknown
MRPL27,0.0,,1.0,1.0,Unknown
MRPL28,0.0,,1.0,1.0,Unknown
MRPL3,0.0,,1.0,1.0,Unknown
MRPL30,0.0,,1.0,1.0,Unknown
MRPL32,0.0,,1.0,1.0,Unknown
MRPL33,0.0,,1.0,1.0,Unknown
MRPL34,0.0,,1.0,1.0,Unknown
MRPL35,0.0,,1.0,1.0,Unknown
MRPL36,0.0,,1.0,1.0,Unknown
MRPL37,0.0,,1.0,1.0,Unknown
MRPL38,0.0,,1.0,1.0,Unknown
MRPL39,0.0,,1.0,1.0,Unknown
MRPL4,0.0,,1.0,1.0,Unknown
MRPL40,0.0,,1.0,1.0,Unknown
MRPL41,0.0,,1.0,1.0,Unknown
MRPL10,0.0,,1.0,1.0,Unknown
MRPL11,0.0,,1.0,1.0,Unknown
MRPL12,0.0,,1.0,1.0,Unknown
MRPL13,0.0,,1.0,1.0,Unknown
MRPL14,0.0,,1.0,1.0,Unknown
MRPL15,0.0,,1.0,1.0,Unknown
MRPL16,0.0,,1.0,1.0,Unknown
MRPL17,0.0,,1.0,1.0,Unknown
MRPL18,0.0,,1.0,1.0,Unknown
MRPL19,0.0,,1.0,1.0,Unknown
MRPL2,0.0,,1.0,1.0,Unknown
MRPL20,0.0,,1.0,1.0,Unknown
MRPL21,0.0,,1.0,1.0,Unknown
MRPL22,0.0,,1.0,1.0,Unknown
MRPL23,0.0,,1.0,1.0,Unknown
MRPL23-AS1,0.0,,1.0,1.0,Unknown
MRGPRG-AS1,0.0,,1.0,1.0,Unknown
MRGPRX1,0.0,,1.0,1.0,Unknown
MRGPRX2,0.0,,1.0,1.0,Unknown
MRGPRX3,0.0,,1.0,1.0,Unknown
MRGPRX4,0.0,,1.0,1.0,Unknown
MRI1,0.0,,1.0,1.0,Unknown
MRM1,0.0,,1.0,1.0,Unknown
MRO,0.0,,1.0,1.0,Unknown
MROH1,0.0,,1.0,1.0,Unknown
MROH2B,0.0,,1.0,1.0,Unknown
MROH5,0.0,,1.0,1.0,Unknown
MROH6,0.0,,1.0,1.0,Unknown
MROH7,0.0,,1.0,1.0,Unknown
MROH8,0.0,,1.0,1.0,Unknown
MROH9,0.0,,1.0,1.0,Unknown
MRPL1,0.0,,1.0,1.0,Unknown
MPZL2,0.0,,1.0,1.0,Unknown
MPZL3,0.0,,1.0,1.0,Unknown
MR1,0.0,,1.0,1.0,Unknown
MRAP,0.0,,1.0,1.0,Unknown
MRAP2,0.0,,1.0,1.0,Unknown
MRAS,0.0,,1.0,1.0,Unknown
MRC1,0.0,,1.0,1.0,Unknown
MRC2,0.0,,1.0,1.0,Unknown
MREG,0.0,,1.0,1.0,Unknown
MRFAP1,0.0,,1.0,1.0,Unknown
MRFAP1L1,0.0,,1.0,1.0,Unknown
MRGBP,0.0,,1.0,1.0,Unknown
MRGPRD,0.0,,1.0,1.0,Unknown
MRGPRE,0.0,,1.0,1.0,Unknown
MRGPRF,0.0,,1.0,1.0,Unknown
MRGPRG,0.0,,1.0,1.0,Unknown
MPP2,0.0,,1.0,1.0,Unknown
MPP3,0.0,,1.0,1.0,Unknown
MPP4,0.0,,1.0,1.0,Unknown
MPP5,0.0,,1.0,1.0,Unknown
MPP6,0.0,,1.0,1.0,Unknown
MPP7,0.0,,1.0,1.0,Unknown
MPPE1,0.0,,1.0,1.0,Unknown
MPPED1,0.0,,1.0,1.0,Unknown
MPPED2,0.0,,1.0,1.0,Unknown
MPRIP,0.0,,1.0,1.0,Unknown
MPST,0.0,,1.0,1.0,Unknown
MPV17,0.0,,1.0,1.0,Unknown
MPV17L,0.0,,1.0,1.0,Unknown
MPV17L2,0.0,,1.0,1.0,Unknown
MPZ,0.0,,1.0,1.0,Unknown
MPZL1,0.0,,1.0,1.0,Unknown
MPC1L,0.0,,1.0,1.0,Unknown
MPC2,0.0,,1.0,1.0,Unknown
MPDU1,0.0,,1.0,1.0,Unknown
MPDZ,0.0,,1.0,1.0,Unknown
MPEG1,0.0,,1.0,1.0,Unknown
MPG,0.0,,1.0,1.0,Unknown
MPHOSPH10,0.0,,1.0,1.0,Unknown
MPHOSPH6,0.0,,1.0,1.0,Unknown
MPHOSPH8,0.0,,1.0,1.0,Unknown
MPHOSPH9,0.0,,1.0,1.0,Unknown
MPI,0.0,,1.0,1.0,Unknown
MPL,0.0,,1.0,1.0,Unknown
MPLKIP,0.0,,1.0,1.0,Unknown
MPND,0.0,,1.0,1.0,Unknown
MPO,0.0,,1.0,1.0,Unknown
MPP1,0.0,,1.0,1.0,Unknown
MORF4L2,0.0,,1.0,1.0,Unknown
MORF4L2-AS1,0.0,,1.0,1.0,Unknown
MORN1,0.0,,1.0,1.0,Unknown
MORN2,0.0,,1.0,1.0,Unknown
MORN3,0.0,,1.0,1.0,Unknown
MORN4,0.0,,1.0,1.0,Unknown
MORN5,0.0,,1.0,1.0,Unknown
MOS,0.0,,1.0,1.0,Unknown
MOSPD1,0.0,,1.0,1.0,Unknown
MOSPD2,0.0,,1.0,1.0,Unknown
MOSPD3,0.0,,1.0,1.0,Unknown
MOV10,0.0,,1.0,1.0,Unknown
MOV10L1,0.0,,1.0,1.0,Unknown
MOXD1,0.0,,1.0,1.0,Unknown
MOXD2P,0.0,,1.0,1.0,Unknown
MPC1,0.0,,1.0,1.0,Unknown
MOCS3,0.0,,1.0,1.0,Unknown
MOG,0.0,,1.0,1.0,Unknown
MOGAT1,0.0,,1.0,1.0,Unknown
MOGAT2,0.0,,1.0,1.0,Unknown
MOGAT3,0.0,,1.0,1.0,Unknown
MOGS,0.0,,1.0,1.0,Unknown
MOK,0.0,,1.0,1.0,Unknown
MON1A,0.0,,1.0,1.0,Unknown
MON1B,0.0,,1.0,1.0,Unknown
MON2,0.0,,1.0,1.0,Unknown
MORC1,0.0,,1.0,1.0,Unknown
MORC2,0.0,,1.0,1.0,Unknown
MORC2-AS1,0.0,,1.0,1.0,Unknown
MORC3,0.0,,1.0,1.0,Unknown
MORC4,0.0,,1.0,1.0,Unknown
MORF4L1,0.0,,1.0,1.0,Unknown
MNDA,0.0,,1.0,1.0,Unknown
MNS1,0.0,,1.0,1.0,Unknown
MNT,0.0,,1.0,1.0,Unknown
MNX1,0.0,,1.0,1.0,Unknown
MOAP1,0.0,,1.0,1.0,Unknown
MOB1A,0.0,,1.0,1.0,Unknown
MOB1B,0.0,,1.0,1.0,Unknown
MOB2,0.0,,1.0,1.0,Unknown
MOB3A,0.0,,1.0,1.0,Unknown
MOB3B,0.0,,1.0,1.0,Unknown
MOB3C,0.0,,1.0,1.0,Unknown
MOB4,0.0,,1.0,1.0,Unknown
MOBP,0.0,,1.0,1.0,Unknown
MOCOS,0.0,,1.0,1.0,Unknown
MOCS1,0.0,,1.0,1.0,Unknown
MOCS2,0.0,,1.0,1.0,Unknown
MMP24-AS1,0.0,,1.0,1.0,Unknown
MMP25,0.0,,1.0,1.0,Unknown
MMP26,0.0,,1.0,1.0,Unknown
MMP27,0.0,,1.0,1.0,Unknown
MMP28,0.0,,1.0,1.0,Unknown
MMP3,0.0,,1.0,1.0,Unknown
MMP7,0.0,,1.0,1.0,Unknown
MMP8,0.0,,1.0,1.0,Unknown
MMP9,0.0,,1.0,1.0,Unknown
MMRN1,0.0,,1.0,1.0,Unknown
MMRN2,0.0,,1.0,1.0,Unknown
MMS19,0.0,,1.0,1.0,Unknown
MMS22L,0.0,,1.0,1.0,Unknown
MN1,0.0,,1.0,1.0,Unknown
MNAT1,0.0,,1.0,1.0,Unknown
MND1,0.0,,1.0,1.0,Unknown
MMP1,0.0,,1.0,1.0,Unknown
MMP10,0.0,,1.0,1.0,Unknown
MMP11,0.0,,1.0,1.0,Unknown
MMP12,0.0,,1.0,1.0,Unknown
MMP13,0.0,,1.0,1.0,Unknown
MMP14,0.0,,1.0,1.0,Unknown
MMP15,0.0,,1.0,1.0,Unknown
MMP16,0.0,,1.0,1.0,Unknown
MMP17,0.0,,1.0,1.0,Unknown
MMP19,0.0,,1.0,1.0,Unknown
MMP2,0.0,,1.0,1.0,Unknown
MMP20,0.0,,1.0,1.0,Unknown
MMP21,0.0,,1.0,1.0,Unknown
MMP23A,0.0,,1.0,1.0,Unknown
MMP23B,0.0,,1.0,1.0,Unknown
MMP24,0.0,,1.0,1.0,Unknown
MLNR,0.0,,1.0,1.0,Unknown
MLPH,0.0,,1.0,1.0,Unknown
MLST8,0.0,,1.0,1.0,Unknown
MLX,0.0,,1.0,1.0,Unknown
MLXIP,0.0,,1.0,1.0,Unknown
MLXIPL,0.0,,1.0,1.0,Unknown
MLYCD,0.0,,1.0,1.0,Unknown
MMAA,0.0,,1.0,1.0,Unknown
MMAB,0.0,,1.0,1.0,Unknown
MMACHC,0.0,,1.0,1.0,Unknown
MMADHC,0.0,,1.0,1.0,Unknown
MMD,0.0,,1.0,1.0,Unknown
MMD2,0.0,,1.0,1.0,Unknown
MME,0.0,,1.0,1.0,Unknown
MMEL1,0.0,,1.0,1.0,Unknown
MMGT1,0.0,,1.0,1.0,Unknown
MLC1,0.0,,1.0,1.0,Unknown
MLEC,0.0,,1.0,1.0,Unknown
MLF1,0.0,,1.0,1.0,Unknown
MLF2,0.0,,1.0,1.0,Unknown
MLH1,0.0,,1.0,1.0,Unknown
MLH3,0.0,,1.0,1.0,Unknown
MLIP,0.0,,1.0,1.0,Unknown
MLIP-IT1,0.0,,1.0,1.0,Unknown
MLKL,0.0,,1.0,1.0,Unknown
MLLT1,0.0,,1.0,1.0,Unknown
MLLT10,0.0,,1.0,1.0,Unknown
MLLT10P1,0.0,,1.0,1.0,Unknown
MLLT11,0.0,,1.0,1.0,Unknown
MLLT3,0.0,,1.0,1.0,Unknown
MLLT6,0.0,,1.0,1.0,Unknown
MLN,0.0,,1.0,1.0,Unknown
MIXL1,0.0,,1.0,1.0,Unknown
MKI67,0.0,,1.0,1.0,Unknown
MKKS,0.0,,1.0,1.0,Unknown
MKL1,0.0,,1.0,1.0,Unknown
MKL2,0.0,,1.0,1.0,Unknown
MKLN1,0.0,,1.0,1.0,Unknown
MKNK1,0.0,,1.0,1.0,Unknown
MKNK1-AS1,0.0,,1.0,1.0,Unknown
MKNK2,0.0,,1.0,1.0,Unknown
MKRN1,0.0,,1.0,1.0,Unknown
MKRN2,0.0,,1.0,1.0,Unknown
MKRN3,0.0,,1.0,1.0,Unknown
MKRN7P,0.0,,1.0,1.0,Unknown
MKS1,0.0,,1.0,1.0,Unknown
MKX,0.0,,1.0,1.0,Unknown
MLANA,0.0,,1.0,1.0,Unknown
MIRLET7B,0.0,,1.0,1.0,Unknown
MIRLET7BHG,0.0,,1.0,1.0,Unknown
MIRLET7C,0.0,,1.0,1.0,Unknown
MIRLET7D,0.0,,1.0,1.0,Unknown
MIRLET7DHG,0.0,,1.0,1.0,Unknown
MIRLET7E,0.0,,1.0,1.0,Unknown
MIRLET7F1,0.0,,1.0,1.0,Unknown
MIRLET7F2,0.0,,1.0,1.0,Unknown
MIRLET7G,0.0,,1.0,1.0,Unknown
MIRLET7I,0.0,,1.0,1.0,Unknown
MIS12,0.0,,1.0,1.0,Unknown
MIS18A,0.0,,1.0,1.0,Unknown
MIS18BP1,0.0,,1.0,1.0,Unknown
MISP,0.0,,1.0,1.0,Unknown
MITD1,0.0,,1.0,1.0,Unknown
MITF,0.0,,1.0,1.0,Unknown
MIR939,0.0,,1.0,1.0,Unknown
MIR940,0.0,,1.0,1.0,Unknown
MIR941-1,0.0,,1.0,1.0,Unknown
MIR941-2,0.0,,1.0,1.0,Unknown
MIR941-3,0.0,,1.0,1.0,Unknown
MIR941-4,0.0,,1.0,1.0,Unknown
MIR942,0.0,,1.0,1.0,Unknown
MIR943,0.0,,1.0,1.0,Unknown
MIR944,0.0,,1.0,1.0,Unknown
MIR96,0.0,,1.0,1.0,Unknown
MIR98,0.0,,1.0,1.0,Unknown
MIR99A,0.0,,1.0,1.0,Unknown
MIR99B,0.0,,1.0,1.0,Unknown
MIRLET7A1,0.0,,1.0,1.0,Unknown
MIRLET7A2,0.0,,1.0,1.0,Unknown
MIRLET7A3,0.0,,1.0,1.0,Unknown
MIR9-1,0.0,,1.0,1.0,Unknown
MIR9-2,0.0,,1.0,1.0,Unknown
MIR9-3,0.0,,1.0,1.0,Unknown
MIR920,0.0,,1.0,1.0,Unknown
MIR921,0.0,,1.0,1.0,Unknown
MIR922,0.0,,1.0,1.0,Unknown
MIR92A1,0.0,,1.0,1.0,Unknown
MIR92A2,0.0,,1.0,1.0,Unknown
MIR92B,0.0,,1.0,1.0,Unknown
MIR93,0.0,,1.0,1.0,Unknown
MIR933,0.0,,1.0,1.0,Unknown
MIR934,0.0,,1.0,1.0,Unknown
MIR935,0.0,,1.0,1.0,Unknown
MIR936,0.0,,1.0,1.0,Unknown
MIR937,0.0,,1.0,1.0,Unknown
MIR938,0.0,,1.0,1.0,Unknown
MIR769,0.0,,1.0,1.0,Unknown
MIR770,0.0,,1.0,1.0,Unknown
MIR802,0.0,,1.0,1.0,Unknown
MIR873,0.0,,1.0,1.0,Unknown
MIR874,0.0,,1.0,1.0,Unknown
MIR875,0.0,,1.0,1.0,Unknown
MIR876,0.0,,1.0,1.0,Unknown
MIR877,0.0,,1.0,1.0,Unknown
MIR885,0.0,,1.0,1.0,Unknown
MIR888,0.0,,1.0,1.0,Unknown
MIR889,0.0,,1.0,1.0,Unknown
MIR890,0.0,,1.0,1.0,Unknown
MIR891A,0.0,,1.0,1.0,Unknown
MIR891B,0.0,,1.0,1.0,Unknown
MIR892A,0.0,,1.0,1.0,Unknown
MIR892B,0.0,,1.0,1.0,Unknown
MIR7-2,0.0,,1.0,1.0,Unknown
MIR7-3,0.0,,1.0,1.0,Unknown
MIR7-3HG,0.0,,1.0,1.0,Unknown
MIR708,0.0,,1.0,1.0,Unknown
MIR711,0.0,,1.0,1.0,Unknown
MIR718,0.0,,1.0,1.0,Unknown
MIR744,0.0,,1.0,1.0,Unknown
MIR758,0.0,,1.0,1.0,Unknown
MIR759,0.0,,1.0,1.0,Unknown
MIR760,0.0,,1.0,1.0,Unknown
MIR761,0.0,,1.0,1.0,Unknown
MIR762,0.0,,1.0,1.0,Unknown
MIR764,0.0,,1.0,1.0,Unknown
MIR765,0.0,,1.0,1.0,Unknown
MIR766,0.0,,1.0,1.0,Unknown
MIR767,0.0,,1.0,1.0,Unknown
MIR656,0.0,,1.0,1.0,Unknown
MIR657,0.0,,1.0,1.0,Unknown
MIR658,0.0,,1.0,1.0,Unknown
MIR659,0.0,,1.0,1.0,Unknown
MIR660,0.0,,1.0,1.0,Unknown
MIR661,0.0,,1.0,1.0,Unknown
MIR662,0.0,,1.0,1.0,Unknown
MIR663A,0.0,,1.0,1.0,Unknown
MIR663B,0.0,,1.0,1.0,Unknown
MIR665,0.0,,1.0,1.0,Unknown
MIR668,0.0,,1.0,1.0,Unknown
MIR670,0.0,,1.0,1.0,Unknown
MIR671,0.0,,1.0,1.0,Unknown
MIR675,0.0,,1.0,1.0,Unknown
MIR676,0.0,,1.0,1.0,Unknown
MIR7-1,0.0,,1.0,1.0,Unknown
MIR637,0.0,,1.0,1.0,Unknown
MIR638,0.0,,1.0,1.0,Unknown
MIR639,0.0,,1.0,1.0,Unknown
MIR641,0.0,,1.0,1.0,Unknown
MIR642A,0.0,,1.0,1.0,Unknown
MIR642B,0.0,,1.0,1.0,Unknown
MIR643,0.0,,1.0,1.0,Unknown
MIR644A,0.0,,1.0,1.0,Unknown
MIR645,0.0,,1.0,1.0,Unknown
MIR647,0.0,,1.0,1.0,Unknown
MIR648,0.0,,1.0,1.0,Unknown
MIR650,0.0,,1.0,1.0,Unknown
MIR651,0.0,,1.0,1.0,Unknown
MIR653,0.0,,1.0,1.0,Unknown
MIR654,0.0,,1.0,1.0,Unknown
MIR655,0.0,,1.0,1.0,Unknown
MIR618,0.0,,1.0,1.0,Unknown
MIR620,0.0,,1.0,1.0,Unknown
MIR621,0.0,,1.0,1.0,Unknown
MIR622,0.0,,1.0,1.0,Unknown
MIR623,0.0,,1.0,1.0,Unknown
MIR624,0.0,,1.0,1.0,Unknown
MIR626,0.0,,1.0,1.0,Unknown
MIR627,0.0,,1.0,1.0,Unknown
MIR628,0.0,,1.0,1.0,Unknown
MIR629,0.0,,1.0,1.0,Unknown
MIR630,0.0,,1.0,1.0,Unknown
MIR631,0.0,,1.0,1.0,Unknown
MIR632,0.0,,1.0,1.0,Unknown
MIR634,0.0,,1.0,1.0,Unknown
MIR635,0.0,,1.0,1.0,Unknown
MIR636,0.0,,1.0,1.0,Unknown
MIR600,0.0,,1.0,1.0,Unknown
MIR600HG,0.0,,1.0,1.0,Unknown
MIR601,0.0,,1.0,1.0,Unknown
MIR602,0.0,,1.0,1.0,Unknown
MIR603,0.0,,1.0,1.0,Unknown
MIR604,0.0,,1.0,1.0,Unknown
MIR605,0.0,,1.0,1.0,Unknown
MIR608,0.0,,1.0,1.0,Unknown
MIR609,0.0,,1.0,1.0,Unknown
MIR610,0.0,,1.0,1.0,Unknown
MIR611,0.0,,1.0,1.0,Unknown
MIR612,0.0,,1.0,1.0,Unknown
MIR613,0.0,,1.0,1.0,Unknown
MIR614,0.0,,1.0,1.0,Unknown
MIR615,0.0,,1.0,1.0,Unknown
MIR617,0.0,,1.0,1.0,Unknown
MIR578,0.0,,1.0,1.0,Unknown
MIR580,0.0,,1.0,1.0,Unknown
MIR581,0.0,,1.0,1.0,Unknown
MIR583,0.0,,1.0,1.0,Unknown
MIR585,0.0,,1.0,1.0,Unknown
MIR586,0.0,,1.0,1.0,Unknown
MIR589,0.0,,1.0,1.0,Unknown
MIR590,0.0,,1.0,1.0,Unknown
MIR591,0.0,,1.0,1.0,Unknown
MIR592,0.0,,1.0,1.0,Unknown
MIR593,0.0,,1.0,1.0,Unknown
MIR595,0.0,,1.0,1.0,Unknown
MIR596,0.0,,1.0,1.0,Unknown
MIR597,0.0,,1.0,1.0,Unknown
MIR598,0.0,,1.0,1.0,Unknown
MIR599,0.0,,1.0,1.0,Unknown
MIR5696,0.0,,1.0,1.0,Unknown
MIR5698,0.0,,1.0,1.0,Unknown
MIR5699,0.0,,1.0,1.0,Unknown
MIR570,0.0,,1.0,1.0,Unknown
MIR5700,0.0,,1.0,1.0,Unknown
MIR5702,0.0,,1.0,1.0,Unknown
MIR5703,0.0,,1.0,1.0,Unknown
MIR5704,0.0,,1.0,1.0,Unknown
MIR5705,0.0,,1.0,1.0,Unknown
MIR5707,0.0,,1.0,1.0,Unknown
MIR5708,0.0,,1.0,1.0,Unknown
MIR572,0.0,,1.0,1.0,Unknown
MIR573,0.0,,1.0,1.0,Unknown
MIR574,0.0,,1.0,1.0,Unknown
MIR575,0.0,,1.0,1.0,Unknown
MIR577,0.0,,1.0,1.0,Unknown
MIR5681B,0.0,,1.0,1.0,Unknown
MIR5684,0.0,,1.0,1.0,Unknown
MIR5685,0.0,,1.0,1.0,Unknown
MIR5687,0.0,,1.0,1.0,Unknown
MIR5688,0.0,,1.0,1.0,Unknown
MIR5689,0.0,,1.0,1.0,Unknown
MIR569,0.0,,1.0,1.0,Unknown
MIR5690,0.0,,1.0,1.0,Unknown
MIR5691,0.0,,1.0,1.0,Unknown
MIR5692A1,0.0,,1.0,1.0,Unknown
MIR5692B,0.0,,1.0,1.0,Unknown
MIR5692C1,0.0,,1.0,1.0,Unknown
MIR5692C2,0.0,,1.0,1.0,Unknown
MIR5693,0.0,,1.0,1.0,Unknown
MIR5694,0.0,,1.0,1.0,Unknown
MIR5695,0.0,,1.0,1.0,Unknown
MIR5580,0.0,,1.0,1.0,Unknown
MIR5581,0.0,,1.0,1.0,Unknown
MIR5582,0.0,,1.0,1.0,Unknown
MIR5583-1,0.0,,1.0,1.0,Unknown
MIR5583-2,0.0,,1.0,1.0,Unknown
MIR5584,0.0,,1.0,1.0,Unknown
MIR5586,0.0,,1.0,1.0,Unknown
MIR5587,0.0,,1.0,1.0,Unknown
MIR559,0.0,,1.0,1.0,Unknown
MIR561,0.0,,1.0,1.0,Unknown
MIR563,0.0,,1.0,1.0,Unknown
MIR564,0.0,,1.0,1.0,Unknown
MIR567,0.0,,1.0,1.0,Unknown
MIR568,0.0,,1.0,1.0,Unknown
MIR5680,0.0,,1.0,1.0,Unknown
MIR5681A,0.0,,1.0,1.0,Unknown
MIR548W,0.0,,1.0,1.0,Unknown
MIR548X,0.0,,1.0,1.0,Unknown
MIR548Y,0.0,,1.0,1.0,Unknown
MIR548Z,0.0,,1.0,1.0,Unknown
MIR550A1,0.0,,1.0,1.0,Unknown
MIR550A2,0.0,,1.0,1.0,Unknown
MIR550A3,0.0,,1.0,1.0,Unknown
MIR551A,0.0,,1.0,1.0,Unknown
MIR551B,0.0,,1.0,1.0,Unknown
MIR553,0.0,,1.0,1.0,Unknown
MIR554,0.0,,1.0,1.0,Unknown
MIR555,0.0,,1.0,1.0,Unknown
MIR556,0.0,,1.0,1.0,Unknown
MIR557,0.0,,1.0,1.0,Unknown
MIR5579,0.0,,1.0,1.0,Unknown
MIR558,0.0,,1.0,1.0,Unknown
MIR548F5,0.0,,1.0,1.0,Unknown
MIR548G,0.0,,1.0,1.0,Unknown
MIR548H2,0.0,,1.0,1.0,Unknown
MIR548H3,0.0,,1.0,1.0,Unknown
MIR548H4,0.0,,1.0,1.0,Unknown
MIR548I1,0.0,,1.0,1.0,Unknown
MIR548I2,0.0,,1.0,1.0,Unknown
MIR548I3,0.0,,1.0,1.0,Unknown
MIR548I4,0.0,,1.0,1.0,Unknown
MIR548J,0.0,,1.0,1.0,Unknown
MIR548K,0.0,,1.0,1.0,Unknown
MIR548M,0.0,,1.0,1.0,Unknown
MIR548N,0.0,,1.0,1.0,Unknown
MIR548O2,0.0,,1.0,1.0,Unknown
MIR548Q,0.0,,1.0,1.0,Unknown
MIR548T,0.0,,1.0,1.0,Unknown
MIR548AO,0.0,,1.0,1.0,Unknown
MIR548AP,0.0,,1.0,1.0,Unknown
MIR548AQ,0.0,,1.0,1.0,Unknown
MIR548AR,0.0,,1.0,1.0,Unknown
MIR548AS,0.0,,1.0,1.0,Unknown
MIR548AU,0.0,,1.0,1.0,Unknown
MIR548AV,0.0,,1.0,1.0,Unknown
MIR548AX,0.0,,1.0,1.0,Unknown
MIR548B,0.0,,1.0,1.0,Unknown
MIR548C,0.0,,1.0,1.0,Unknown
MIR548D1,0.0,,1.0,1.0,Unknown
MIR548D2,0.0,,1.0,1.0,Unknown
MIR548F1,0.0,,1.0,1.0,Unknown
MIR548F2,0.0,,1.0,1.0,Unknown
MIR548F3,0.0,,1.0,1.0,Unknown
MIR548F4,0.0,,1.0,1.0,Unknown
MIR541,0.0,,1.0,1.0,Unknown
MIR542,0.0,,1.0,1.0,Unknown
MIR543,0.0,,1.0,1.0,Unknown
MIR545,0.0,,1.0,1.0,Unknown
MIR548A1,0.0,,1.0,1.0,Unknown
MIR548A2,0.0,,1.0,1.0,Unknown
MIR548A3,0.0,,1.0,1.0,Unknown
MIR548AA1,0.0,,1.0,1.0,Unknown
MIR548AA2,0.0,,1.0,1.0,Unknown
MIR548AC,0.0,,1.0,1.0,Unknown
MIR548AD,0.0,,1.0,1.0,Unknown
MIR548AE2,0.0,,1.0,1.0,Unknown
MIR548AI,0.0,,1.0,1.0,Unknown
MIR548AJ2,0.0,,1.0,1.0,Unknown
MIR548AL,0.0,,1.0,1.0,Unknown
MIR548AN,0.0,,1.0,1.0,Unknown
MIR520E,0.0,,1.0,1.0,Unknown
MIR520F,0.0,,1.0,1.0,Unknown
MIR520G,0.0,,1.0,1.0,Unknown
MIR520H,0.0,,1.0,1.0,Unknown
MIR521-1,0.0,,1.0,1.0,Unknown
MIR521-2,0.0,,1.0,1.0,Unknown
MIR522,0.0,,1.0,1.0,Unknown
MIR523,0.0,,1.0,1.0,Unknown
MIR524,0.0,,1.0,1.0,Unknown
MIR525,0.0,,1.0,1.0,Unknown
MIR526A1,0.0,,1.0,1.0,Unknown
MIR526A2,0.0,,1.0,1.0,Unknown
MIR526B,0.0,,1.0,1.0,Unknown
MIR527,0.0,,1.0,1.0,Unknown
MIR532,0.0,,1.0,1.0,Unknown
MIR539,0.0,,1.0,1.0,Unknown
MIR5191,0.0,,1.0,1.0,Unknown
MIR5192,0.0,,1.0,1.0,Unknown
MIR5193,0.0,,1.0,1.0,Unknown
MIR5194,0.0,,1.0,1.0,Unknown
MIR5196,0.0,,1.0,1.0,Unknown
MIR5197,0.0,,1.0,1.0,Unknown
MIR519A1,0.0,,1.0,1.0,Unknown
MIR519A2,0.0,,1.0,1.0,Unknown
MIR519B,0.0,,1.0,1.0,Unknown
MIR519C,0.0,,1.0,1.0,Unknown
MIR519D,0.0,,1.0,1.0,Unknown
MIR519E,0.0,,1.0,1.0,Unknown
MIR520A,0.0,,1.0,1.0,Unknown
MIR520B,0.0,,1.0,1.0,Unknown
MIR520C,0.0,,1.0,1.0,Unknown
MIR520D,0.0,,1.0,1.0,Unknown
MIR516B2,0.0,,1.0,1.0,Unknown
MIR517A,0.0,,1.0,1.0,Unknown
MIR517B,0.0,,1.0,1.0,Unknown
MIR517C,0.0,,1.0,1.0,Unknown
MIR5186,0.0,,1.0,1.0,Unknown
MIR5187,0.0,,1.0,1.0,Unknown
MIR5188,0.0,,1.0,1.0,Unknown
MIR5189,0.0,,1.0,1.0,Unknown
MIR518A1,0.0,,1.0,1.0,Unknown
MIR518A2,0.0,,1.0,1.0,Unknown
MIR518B,0.0,,1.0,1.0,Unknown
MIR518C,0.0,,1.0,1.0,Unknown
MIR518D,0.0,,1.0,1.0,Unknown
MIR518E,0.0,,1.0,1.0,Unknown
MIR518F,0.0,,1.0,1.0,Unknown
MIR5190,0.0,,1.0,1.0,Unknown
MIR5093,0.0,,1.0,1.0,Unknown
MIR5094,0.0,,1.0,1.0,Unknown
MIR5095,0.0,,1.0,1.0,Unknown
MIR510,0.0,,1.0,1.0,Unknown
MIR5100,0.0,,1.0,1.0,Unknown
MIR512-1,0.0,,1.0,1.0,Unknown
MIR512-2,0.0,,1.0,1.0,Unknown
MIR514A1,0.0,,1.0,1.0,Unknown
MIR514A2,0.0,,1.0,1.0,Unknown
MIR514A3,0.0,,1.0,1.0,Unknown
MIR514B,0.0,,1.0,1.0,Unknown
MIR515-1,0.0,,1.0,1.0,Unknown
MIR515-2,0.0,,1.0,1.0,Unknown
MIR516A1,0.0,,1.0,1.0,Unknown
MIR516A2,0.0,,1.0,1.0,Unknown
MIR516B1,0.0,,1.0,1.0,Unknown
MIR503HG,0.0,,1.0,1.0,Unknown
MIR504,0.0,,1.0,1.0,Unknown
MIR5047,0.0,,1.0,1.0,Unknown
MIR505,0.0,,1.0,1.0,Unknown
MIR506,0.0,,1.0,1.0,Unknown
MIR507,0.0,,1.0,1.0,Unknown
MIR508,0.0,,1.0,1.0,Unknown
MIR5087,0.0,,1.0,1.0,Unknown
MIR5088,0.0,,1.0,1.0,Unknown
MIR5089,0.0,,1.0,1.0,Unknown
MIR509-1,0.0,,1.0,1.0,Unknown
MIR509-2,0.0,,1.0,1.0,Unknown
MIR509-3,0.0,,1.0,1.0,Unknown
MIR5090,0.0,,1.0,1.0,Unknown
MIR5091,0.0,,1.0,1.0,Unknown
MIR5092,0.0,,1.0,1.0,Unknown
MIR5000,0.0,,1.0,1.0,Unknown
MIR5001,0.0,,1.0,1.0,Unknown
MIR5002,0.0,,1.0,1.0,Unknown
MIR5003,0.0,,1.0,1.0,Unknown
MIR5004,0.0,,1.0,1.0,Unknown
MIR5006,0.0,,1.0,1.0,Unknown
MIR5007,0.0,,1.0,1.0,Unknown
MIR5008,0.0,,1.0,1.0,Unknown
MIR5009,0.0,,1.0,1.0,Unknown
MIR500A,0.0,,1.0,1.0,Unknown
MIR500B,0.0,,1.0,1.0,Unknown
MIR501,0.0,,1.0,1.0,Unknown
MIR5010,0.0,,1.0,1.0,Unknown
MIR5011,0.0,,1.0,1.0,Unknown
MIR502,0.0,,1.0,1.0,Unknown
MIR503,0.0,,1.0,1.0,Unknown
MIR487B,0.0,,1.0,1.0,Unknown
MIR488,0.0,,1.0,1.0,Unknown
MIR489,0.0,,1.0,1.0,Unknown
MIR490,0.0,,1.0,1.0,Unknown
MIR491,0.0,,1.0,1.0,Unknown
MIR492,0.0,,1.0,1.0,Unknown
MIR493,0.0,,1.0,1.0,Unknown
MIR494,0.0,,1.0,1.0,Unknown
MIR495,0.0,,1.0,1.0,Unknown
MIR496,0.0,,1.0,1.0,Unknown
MIR497,0.0,,1.0,1.0,Unknown
MIR497HG,0.0,,1.0,1.0,Unknown
MIR498,0.0,,1.0,1.0,Unknown
MIR4999,0.0,,1.0,1.0,Unknown
MIR499A,0.0,,1.0,1.0,Unknown
MIR499B,0.0,,1.0,1.0,Unknown
MIR4793,0.0,,1.0,1.0,Unknown
MIR4794,0.0,,1.0,1.0,Unknown
MIR4795,0.0,,1.0,1.0,Unknown
MIR4796,0.0,,1.0,1.0,Unknown
MIR4797,0.0,,1.0,1.0,Unknown
MIR4798,0.0,,1.0,1.0,Unknown
MIR4799,0.0,,1.0,1.0,Unknown
MIR4800,0.0,,1.0,1.0,Unknown
MIR4801,0.0,,1.0,1.0,Unknown
MIR4802,0.0,,1.0,1.0,Unknown
MIR4803,0.0,,1.0,1.0,Unknown
MIR4804,0.0,,1.0,1.0,Unknown
MIR483,0.0,,1.0,1.0,Unknown
MIR484,0.0,,1.0,1.0,Unknown
MIR485,0.0,,1.0,1.0,Unknown
MIR487A,0.0,,1.0,1.0,Unknown
MIR4777,0.0,,1.0,1.0,Unknown
MIR4778,0.0,,1.0,1.0,Unknown
MIR4779,0.0,,1.0,1.0,Unknown
MIR4780,0.0,,1.0,1.0,Unknown
MIR4781,0.0,,1.0,1.0,Unknown
MIR4782,0.0,,1.0,1.0,Unknown
MIR4783,0.0,,1.0,1.0,Unknown
MIR4784,0.0,,1.0,1.0,Unknown
MIR4785,0.0,,1.0,1.0,Unknown
MIR4786,0.0,,1.0,1.0,Unknown
MIR4787,0.0,,1.0,1.0,Unknown
MIR4788,0.0,,1.0,1.0,Unknown
MIR4789,0.0,,1.0,1.0,Unknown
MIR4790,0.0,,1.0,1.0,Unknown
MIR4791,0.0,,1.0,1.0,Unknown
MIR4792,0.0,,1.0,1.0,Unknown
MIR4762,0.0,,1.0,1.0,Unknown
MIR4763,0.0,,1.0,1.0,Unknown
MIR4764,0.0,,1.0,1.0,Unknown
MIR4765,0.0,,1.0,1.0,Unknown
MIR4766,0.0,,1.0,1.0,Unknown
MIR4767,0.0,,1.0,1.0,Unknown
MIR4768,0.0,,1.0,1.0,Unknown
MIR4769,0.0,,1.0,1.0,Unknown
MIR4770,0.0,,1.0,1.0,Unknown
MIR4772,0.0,,1.0,1.0,Unknown
MIR4773-1,0.0,,1.0,1.0,Unknown
MIR4773-2,0.0,,1.0,1.0,Unknown
MIR4774,0.0,,1.0,1.0,Unknown
MIR4775,0.0,,1.0,1.0,Unknown
MIR4776-1,0.0,,1.0,1.0,Unknown
MIR4776-2,0.0,,1.0,1.0,Unknown
MIR4746,0.0,,1.0,1.0,Unknown
MIR4747,0.0,,1.0,1.0,Unknown
MIR4748,0.0,,1.0,1.0,Unknown
MIR4749,0.0,,1.0,1.0,Unknown
MIR4750,0.0,,1.0,1.0,Unknown
MIR4751,0.0,,1.0,1.0,Unknown
MIR4752,0.0,,1.0,1.0,Unknown
MIR4753,0.0,,1.0,1.0,Unknown
MIR4754,0.0,,1.0,1.0,Unknown
MIR4755,0.0,,1.0,1.0,Unknown
MIR4756,0.0,,1.0,1.0,Unknown
MIR4757,0.0,,1.0,1.0,Unknown
MIR4758,0.0,,1.0,1.0,Unknown
MIR4759,0.0,,1.0,1.0,Unknown
MIR4760,0.0,,1.0,1.0,Unknown
MIR4761,0.0,,1.0,1.0,Unknown
MIR4730,0.0,,1.0,1.0,Unknown
MIR4731,0.0,,1.0,1.0,Unknown
MIR4732,0.0,,1.0,1.0,Unknown
MIR4733,0.0,,1.0,1.0,Unknown
MIR4734,0.0,,1.0,1.0,Unknown
MIR4735,0.0,,1.0,1.0,Unknown
MIR4736,0.0,,1.0,1.0,Unknown
MIR4737,0.0,,1.0,1.0,Unknown
MIR4738,0.0,,1.0,1.0,Unknown
MIR4739,0.0,,1.0,1.0,Unknown
MIR4740,0.0,,1.0,1.0,Unknown
MIR4741,0.0,,1.0,1.0,Unknown
MIR4742,0.0,,1.0,1.0,Unknown
MIR4743,0.0,,1.0,1.0,Unknown
MIR4744,0.0,,1.0,1.0,Unknown
MIR4745,0.0,,1.0,1.0,Unknown
MIR4714,0.0,,1.0,1.0,Unknown
MIR4715,0.0,,1.0,1.0,Unknown
MIR4716,0.0,,1.0,1.0,Unknown
MIR4717,0.0,,1.0,1.0,Unknown
MIR4718,0.0,,1.0,1.0,Unknown
MIR4719,0.0,,1.0,1.0,Unknown
MIR4720,0.0,,1.0,1.0,Unknown
MIR4721,0.0,,1.0,1.0,Unknown
MIR4722,0.0,,1.0,1.0,Unknown
MIR4723,0.0,,1.0,1.0,Unknown
MIR4724,0.0,,1.0,1.0,Unknown
MIR4725,0.0,,1.0,1.0,Unknown
MIR4726,0.0,,1.0,1.0,Unknown
MIR4727,0.0,,1.0,1.0,Unknown
MIR4728,0.0,,1.0,1.0,Unknown
MIR4729,0.0,,1.0,1.0,Unknown
MIR4697,0.0,,1.0,1.0,Unknown
MIR4697HG,0.0,,1.0,1.0,Unknown
MIR4698,0.0,,1.0,1.0,Unknown
MIR4699,0.0,,1.0,1.0,Unknown
MIR4700,0.0,,1.0,1.0,Unknown
MIR4701,0.0,,1.0,1.0,Unknown
MIR4703,0.0,,1.0,1.0,Unknown
MIR4705,0.0,,1.0,1.0,Unknown
MIR4706,0.0,,1.0,1.0,Unknown
MIR4707,0.0,,1.0,1.0,Unknown
MIR4708,0.0,,1.0,1.0,Unknown
MIR4709,0.0,,1.0,1.0,Unknown
MIR4710,0.0,,1.0,1.0,Unknown
MIR4711,0.0,,1.0,1.0,Unknown
MIR4712,0.0,,1.0,1.0,Unknown
MIR4713,0.0,,1.0,1.0,Unknown
MIR4681,0.0,,1.0,1.0,Unknown
MIR4682,0.0,,1.0,1.0,Unknown
MIR4683,0.0,,1.0,1.0,Unknown
MIR4684,0.0,,1.0,1.0,Unknown
MIR4685,0.0,,1.0,1.0,Unknown
MIR4686,0.0,,1.0,1.0,Unknown
MIR4687,0.0,,1.0,1.0,Unknown
MIR4688,0.0,,1.0,1.0,Unknown
MIR4689,0.0,,1.0,1.0,Unknown
MIR4690,0.0,,1.0,1.0,Unknown
MIR4691,0.0,,1.0,1.0,Unknown
MIR4692,0.0,,1.0,1.0,Unknown
MIR4693,0.0,,1.0,1.0,Unknown
MIR4694,0.0,,1.0,1.0,Unknown
MIR4695,0.0,,1.0,1.0,Unknown
MIR4696,0.0,,1.0,1.0,Unknown
MIR4666A,0.0,,1.0,1.0,Unknown
MIR4667,0.0,,1.0,1.0,Unknown
MIR4668,0.0,,1.0,1.0,Unknown
MIR4669,0.0,,1.0,1.0,Unknown
MIR4670,0.0,,1.0,1.0,Unknown
MIR4671,0.0,,1.0,1.0,Unknown
MIR4672,0.0,,1.0,1.0,Unknown
MIR4673,0.0,,1.0,1.0,Unknown
MIR4674,0.0,,1.0,1.0,Unknown
MIR4675,0.0,,1.0,1.0,Unknown
MIR4676,0.0,,1.0,1.0,Unknown
MIR4677,0.0,,1.0,1.0,Unknown
MIR4678,0.0,,1.0,1.0,Unknown
MIR4679-1,0.0,,1.0,1.0,Unknown
MIR4679-2,0.0,,1.0,1.0,Unknown
MIR4680,0.0,,1.0,1.0,Unknown
MIR4650-2,0.0,,1.0,1.0,Unknown
MIR4651,0.0,,1.0,1.0,Unknown
MIR4652,0.0,,1.0,1.0,Unknown
MIR4653,0.0,,1.0,1.0,Unknown
MIR4654,0.0,,1.0,1.0,Unknown
MIR4655,0.0,,1.0,1.0,Unknown
MIR4656,0.0,,1.0,1.0,Unknown
MIR4657,0.0,,1.0,1.0,Unknown
MIR4658,0.0,,1.0,1.0,Unknown
MIR4659A,0.0,,1.0,1.0,Unknown
MIR4659B,0.0,,1.0,1.0,Unknown
MIR4660,0.0,,1.0,1.0,Unknown
MIR4661,0.0,,1.0,1.0,Unknown
MIR4663,0.0,,1.0,1.0,Unknown
MIR4664,0.0,,1.0,1.0,Unknown
MIR4665,0.0,,1.0,1.0,Unknown
MIR4635,0.0,,1.0,1.0,Unknown
MIR4636,0.0,,1.0,1.0,Unknown
MIR4637,0.0,,1.0,1.0,Unknown
MIR4638,0.0,,1.0,1.0,Unknown
MIR4639,0.0,,1.0,1.0,Unknown
MIR4640,0.0,,1.0,1.0,Unknown
MIR4641,0.0,,1.0,1.0,Unknown
MIR4642,0.0,,1.0,1.0,Unknown
MIR4643,0.0,,1.0,1.0,Unknown
MIR4644,0.0,,1.0,1.0,Unknown
MIR4645,0.0,,1.0,1.0,Unknown
MIR4646,0.0,,1.0,1.0,Unknown
MIR4647,0.0,,1.0,1.0,Unknown
MIR4648,0.0,,1.0,1.0,Unknown
MIR4649,0.0,,1.0,1.0,Unknown
MIR4650-1,0.0,,1.0,1.0,Unknown
MIR4524B,0.0,,1.0,1.0,Unknown
MIR4526,0.0,,1.0,1.0,Unknown
MIR4529,0.0,,1.0,1.0,Unknown
MIR4530,0.0,,1.0,1.0,Unknown
MIR4531,0.0,,1.0,1.0,Unknown
MIR4532,0.0,,1.0,1.0,Unknown
MIR4533,0.0,,1.0,1.0,Unknown
MIR4534,0.0,,1.0,1.0,Unknown
MIR4535,0.0,,1.0,1.0,Unknown
MIR4536-1,0.0,,1.0,1.0,Unknown
MIR454,0.0,,1.0,1.0,Unknown
MIR4540,0.0,,1.0,1.0,Unknown
MIR455,0.0,,1.0,1.0,Unknown
MIR4632,0.0,,1.0,1.0,Unknown
MIR4633,0.0,,1.0,1.0,Unknown
MIR4634,0.0,,1.0,1.0,Unknown
MIR4510,0.0,,1.0,1.0,Unknown
MIR4511,0.0,,1.0,1.0,Unknown
MIR4513,0.0,,1.0,1.0,Unknown
MIR4514,0.0,,1.0,1.0,Unknown
MIR4515,0.0,,1.0,1.0,Unknown
MIR4516,0.0,,1.0,1.0,Unknown
MIR4517,0.0,,1.0,1.0,Unknown
MIR4518,0.0,,1.0,1.0,Unknown
MIR4519,0.0,,1.0,1.0,Unknown
MIR451A,0.0,,1.0,1.0,Unknown
MIR451B,0.0,,1.0,1.0,Unknown
MIR452,0.0,,1.0,1.0,Unknown
MIR4521,0.0,,1.0,1.0,Unknown
MIR4522,0.0,,1.0,1.0,Unknown
MIR4523,0.0,,1.0,1.0,Unknown
MIR4524A,0.0,,1.0,1.0,Unknown
MIR4498,0.0,,1.0,1.0,Unknown
MIR4499,0.0,,1.0,1.0,Unknown
MIR449A,0.0,,1.0,1.0,Unknown
MIR449B,0.0,,1.0,1.0,Unknown
MIR449C,0.0,,1.0,1.0,Unknown
MIR4500,0.0,,1.0,1.0,Unknown
MIR4500HG,0.0,,1.0,1.0,Unknown
MIR4503,0.0,,1.0,1.0,Unknown
MIR4505,0.0,,1.0,1.0,Unknown
MIR4508,0.0,,1.0,1.0,Unknown
MIR4509-1,0.0,,1.0,1.0,Unknown
MIR4509-2,0.0,,1.0,1.0,Unknown
MIR4509-3,0.0,,1.0,1.0,Unknown
MIR450A1,0.0,,1.0,1.0,Unknown
MIR450A2,0.0,,1.0,1.0,Unknown
MIR450B,0.0,,1.0,1.0,Unknown
MIR4476,0.0,,1.0,1.0,Unknown
MIR4478,0.0,,1.0,1.0,Unknown
MIR4479,0.0,,1.0,1.0,Unknown
MIR448,0.0,,1.0,1.0,Unknown
MIR4480,0.0,,1.0,1.0,Unknown
MIR4483,0.0,,1.0,1.0,Unknown
MIR4484,0.0,,1.0,1.0,Unknown
MIR4485,0.0,,1.0,1.0,Unknown
MIR4486,0.0,,1.0,1.0,Unknown
MIR4488,0.0,,1.0,1.0,Unknown
MIR4489,0.0,,1.0,1.0,Unknown
MIR4490,0.0,,1.0,1.0,Unknown
MIR4491,0.0,,1.0,1.0,Unknown
MIR4492,0.0,,1.0,1.0,Unknown
MIR4493,0.0,,1.0,1.0,Unknown
MIR4497,0.0,,1.0,1.0,Unknown
MIR4460,0.0,,1.0,1.0,Unknown
MIR4461,0.0,,1.0,1.0,Unknown
MIR4462,0.0,,1.0,1.0,Unknown
MIR4464,0.0,,1.0,1.0,Unknown
MIR4465,0.0,,1.0,1.0,Unknown
MIR4466,0.0,,1.0,1.0,Unknown
MIR4467,0.0,,1.0,1.0,Unknown
MIR4468,0.0,,1.0,1.0,Unknown
MIR4469,0.0,,1.0,1.0,Unknown
MIR4470,0.0,,1.0,1.0,Unknown
MIR4471,0.0,,1.0,1.0,Unknown
MIR4472-1,0.0,,1.0,1.0,Unknown
MIR4472-2,0.0,,1.0,1.0,Unknown
MIR4473,0.0,,1.0,1.0,Unknown
MIR4474,0.0,,1.0,1.0,Unknown
MIR4475,0.0,,1.0,1.0,Unknown
MIR4437,0.0,,1.0,1.0,Unknown
MIR4439,0.0,,1.0,1.0,Unknown
MIR4440,0.0,,1.0,1.0,Unknown
MIR4441,0.0,,1.0,1.0,Unknown
MIR4442,0.0,,1.0,1.0,Unknown
MIR4443,0.0,,1.0,1.0,Unknown
MIR4444-1,0.0,,1.0,1.0,Unknown
MIR4446,0.0,,1.0,1.0,Unknown
MIR4449,0.0,,1.0,1.0,Unknown
MIR4450,0.0,,1.0,1.0,Unknown
MIR4451,0.0,,1.0,1.0,Unknown
MIR4453,0.0,,1.0,1.0,Unknown
MIR4454,0.0,,1.0,1.0,Unknown
MIR4456,0.0,,1.0,1.0,Unknown
MIR4457,0.0,,1.0,1.0,Unknown
MIR4458,0.0,,1.0,1.0,Unknown
MIR4330,0.0,,1.0,1.0,Unknown
MIR4417,0.0,,1.0,1.0,Unknown
MIR4420,0.0,,1.0,1.0,Unknown
MIR4422,0.0,,1.0,1.0,Unknown
MIR4423,0.0,,1.0,1.0,Unknown
MIR4424,0.0,,1.0,1.0,Unknown
MIR4426,0.0,,1.0,1.0,Unknown
MIR4427,0.0,,1.0,1.0,Unknown
MIR4429,0.0,,1.0,1.0,Unknown
MIR4432,0.0,,1.0,1.0,Unknown
MIR4434,0.0,,1.0,1.0,Unknown
MIR4435-1,0.0,,1.0,1.0,Unknown
MIR4435-2,0.0,,1.0,1.0,Unknown
MIR4436A,0.0,,1.0,1.0,Unknown
MIR4436B1,0.0,,1.0,1.0,Unknown
MIR4436B2,0.0,,1.0,1.0,Unknown
MIR4316,0.0,,1.0,1.0,Unknown
MIR4317,0.0,,1.0,1.0,Unknown
MIR4318,0.0,,1.0,1.0,Unknown
MIR4319,0.0,,1.0,1.0,Unknown
MIR432,0.0,,1.0,1.0,Unknown
MIR4320,0.0,,1.0,1.0,Unknown
MIR4321,0.0,,1.0,1.0,Unknown
MIR4322,0.0,,1.0,1.0,Unknown
MIR4323,0.0,,1.0,1.0,Unknown
MIR4324,0.0,,1.0,1.0,Unknown
MIR4325,0.0,,1.0,1.0,Unknown
MIR4326,0.0,,1.0,1.0,Unknown
MIR4327,0.0,,1.0,1.0,Unknown
MIR4328,0.0,,1.0,1.0,Unknown
MIR4329,0.0,,1.0,1.0,Unknown
MIR433,0.0,,1.0,1.0,Unknown
MIR4302,0.0,,1.0,1.0,Unknown
MIR4303,0.0,,1.0,1.0,Unknown
MIR4304,0.0,,1.0,1.0,Unknown
MIR4305,0.0,,1.0,1.0,Unknown
MIR4306,0.0,,1.0,1.0,Unknown
MIR4307,0.0,,1.0,1.0,Unknown
MIR4308,0.0,,1.0,1.0,Unknown
MIR4309,0.0,,1.0,1.0,Unknown
MIR431,0.0,,1.0,1.0,Unknown
MIR4310,0.0,,1.0,1.0,Unknown
MIR4311,0.0,,1.0,1.0,Unknown
MIR4312,0.0,,1.0,1.0,Unknown
MIR4313,0.0,,1.0,1.0,Unknown
MIR4314,0.0,,1.0,1.0,Unknown
MIR4315-1,0.0,,1.0,1.0,Unknown
MIR4315-2,0.0,,1.0,1.0,Unknown
MIR4285,0.0,,1.0,1.0,Unknown
MIR4287,0.0,,1.0,1.0,Unknown
MIR4288,0.0,,1.0,1.0,Unknown
MIR4289,0.0,,1.0,1.0,Unknown
MIR429,0.0,,1.0,1.0,Unknown
MIR4290,0.0,,1.0,1.0,Unknown
MIR4291,0.0,,1.0,1.0,Unknown
MIR4292,0.0,,1.0,1.0,Unknown
MIR4294,0.0,,1.0,1.0,Unknown
MIR4295,0.0,,1.0,1.0,Unknown
MIR4296,0.0,,1.0,1.0,Unknown
MIR4297,0.0,,1.0,1.0,Unknown
MIR4298,0.0,,1.0,1.0,Unknown
MIR4299,0.0,,1.0,1.0,Unknown
MIR4300,0.0,,1.0,1.0,Unknown
MIR4301,0.0,,1.0,1.0,Unknown
MIR4270,0.0,,1.0,1.0,Unknown
MIR4271,0.0,,1.0,1.0,Unknown
MIR4272,0.0,,1.0,1.0,Unknown
MIR4273,0.0,,1.0,1.0,Unknown
MIR4274,0.0,,1.0,1.0,Unknown
MIR4275,0.0,,1.0,1.0,Unknown
MIR4276,0.0,,1.0,1.0,Unknown
MIR4277,0.0,,1.0,1.0,Unknown
MIR4278,0.0,,1.0,1.0,Unknown
MIR4279,0.0,,1.0,1.0,Unknown
MIR4280,0.0,,1.0,1.0,Unknown
MIR4281,0.0,,1.0,1.0,Unknown
MIR4282,0.0,,1.0,1.0,Unknown
MIR4283-1,0.0,,1.0,1.0,Unknown
MIR4283-2,0.0,,1.0,1.0,Unknown
MIR4284,0.0,,1.0,1.0,Unknown
MIR4253,0.0,,1.0,1.0,Unknown
MIR4254,0.0,,1.0,1.0,Unknown
MIR4255,0.0,,1.0,1.0,Unknown
MIR4256,0.0,,1.0,1.0,Unknown
MIR4257,0.0,,1.0,1.0,Unknown
MIR4258,0.0,,1.0,1.0,Unknown
MIR4260,0.0,,1.0,1.0,Unknown
MIR4261,0.0,,1.0,1.0,Unknown
MIR4262,0.0,,1.0,1.0,Unknown
MIR4263,0.0,,1.0,1.0,Unknown
MIR4264,0.0,,1.0,1.0,Unknown
MIR4265,0.0,,1.0,1.0,Unknown
MIR4266,0.0,,1.0,1.0,Unknown
MIR4267,0.0,,1.0,1.0,Unknown
MIR4268,0.0,,1.0,1.0,Unknown
MIR4269,0.0,,1.0,1.0,Unknown
MIR3973,0.0,,1.0,1.0,Unknown
MIR3974,0.0,,1.0,1.0,Unknown
MIR3975,0.0,,1.0,1.0,Unknown
MIR3976,0.0,,1.0,1.0,Unknown
MIR3977,0.0,,1.0,1.0,Unknown
MIR3978,0.0,,1.0,1.0,Unknown
MIR409,0.0,,1.0,1.0,Unknown
MIR410,0.0,,1.0,1.0,Unknown
MIR411,0.0,,1.0,1.0,Unknown
MIR412,0.0,,1.0,1.0,Unknown
MIR421,0.0,,1.0,1.0,Unknown
MIR423,0.0,,1.0,1.0,Unknown
MIR424,0.0,,1.0,1.0,Unknown
MIR425,0.0,,1.0,1.0,Unknown
MIR4251,0.0,,1.0,1.0,Unknown
MIR4252,0.0,,1.0,1.0,Unknown
MIR3924,0.0,,1.0,1.0,Unknown
MIR3925,0.0,,1.0,1.0,Unknown
MIR3926-1,0.0,,1.0,1.0,Unknown
MIR3926-2,0.0,,1.0,1.0,Unknown
MIR3928,0.0,,1.0,1.0,Unknown
MIR3935,0.0,,1.0,1.0,Unknown
MIR3936,0.0,,1.0,1.0,Unknown
MIR3938,0.0,,1.0,1.0,Unknown
MIR3939,0.0,,1.0,1.0,Unknown
MIR3940,0.0,,1.0,1.0,Unknown
MIR3941,0.0,,1.0,1.0,Unknown
MIR3942,0.0,,1.0,1.0,Unknown
MIR3943,0.0,,1.0,1.0,Unknown
MIR3944,0.0,,1.0,1.0,Unknown
MIR3945,0.0,,1.0,1.0,Unknown
MIR3960,0.0,,1.0,1.0,Unknown
MIR3909,0.0,,1.0,1.0,Unknown
MIR3910-1,0.0,,1.0,1.0,Unknown
MIR3910-2,0.0,,1.0,1.0,Unknown
MIR3911,0.0,,1.0,1.0,Unknown
MIR3912,0.0,,1.0,1.0,Unknown
MIR3913-1,0.0,,1.0,1.0,Unknown
MIR3913-2,0.0,,1.0,1.0,Unknown
MIR3914-1,0.0,,1.0,1.0,Unknown
MIR3914-2,0.0,,1.0,1.0,Unknown
MIR3916,0.0,,1.0,1.0,Unknown
MIR3917,0.0,,1.0,1.0,Unknown
MIR3918,0.0,,1.0,1.0,Unknown
MIR3919,0.0,,1.0,1.0,Unknown
MIR3920,0.0,,1.0,1.0,Unknown
MIR3921,0.0,,1.0,1.0,Unknown
MIR3922,0.0,,1.0,1.0,Unknown
MIR376B,0.0,,1.0,1.0,Unknown
MIR376C,0.0,,1.0,1.0,Unknown
MIR377,0.0,,1.0,1.0,Unknown
MIR378C,0.0,,1.0,1.0,Unknown
MIR378D1,0.0,,1.0,1.0,Unknown
MIR378D2,0.0,,1.0,1.0,Unknown
MIR378E,0.0,,1.0,1.0,Unknown
MIR378F,0.0,,1.0,1.0,Unknown
MIR379,0.0,,1.0,1.0,Unknown
MIR380,0.0,,1.0,1.0,Unknown
MIR381,0.0,,1.0,1.0,Unknown
MIR382,0.0,,1.0,1.0,Unknown
MIR383,0.0,,1.0,1.0,Unknown
MIR384,0.0,,1.0,1.0,Unknown
MIR3907,0.0,,1.0,1.0,Unknown
MIR3908,0.0,,1.0,1.0,Unknown
MIR3689F,0.0,,1.0,1.0,Unknown
MIR369,0.0,,1.0,1.0,Unknown
MIR3690,0.0,,1.0,1.0,Unknown
MIR3691,0.0,,1.0,1.0,Unknown
MIR3692,0.0,,1.0,1.0,Unknown
MIR3714,0.0,,1.0,1.0,Unknown
MIR371A,0.0,,1.0,1.0,Unknown
MIR371B,0.0,,1.0,1.0,Unknown
MIR372,0.0,,1.0,1.0,Unknown
MIR373,0.0,,1.0,1.0,Unknown
MIR374A,0.0,,1.0,1.0,Unknown
MIR374B,0.0,,1.0,1.0,Unknown
MIR374C,0.0,,1.0,1.0,Unknown
MIR375,0.0,,1.0,1.0,Unknown
MIR376A1,0.0,,1.0,1.0,Unknown
MIR376A2,0.0,,1.0,1.0,Unknown
MIR3677,0.0,,1.0,1.0,Unknown
MIR3678,0.0,,1.0,1.0,Unknown
MIR3679,0.0,,1.0,1.0,Unknown
MIR3680-1,0.0,,1.0,1.0,Unknown
MIR3680-2,0.0,,1.0,1.0,Unknown
MIR3682,0.0,,1.0,1.0,Unknown
MIR3684,0.0,,1.0,1.0,Unknown
MIR3685,0.0,,1.0,1.0,Unknown
MIR3688-1,0.0,,1.0,1.0,Unknown
MIR3688-2,0.0,,1.0,1.0,Unknown
MIR3689A,0.0,,1.0,1.0,Unknown
MIR3689B,0.0,,1.0,1.0,Unknown
MIR3689C,0.0,,1.0,1.0,Unknown
MIR3689D1,0.0,,1.0,1.0,Unknown
MIR3689D2,0.0,,1.0,1.0,Unknown
MIR3689E,0.0,,1.0,1.0,Unknown
MIR3656,0.0,,1.0,1.0,Unknown
MIR3658,0.0,,1.0,1.0,Unknown
MIR3659,0.0,,1.0,1.0,Unknown
MIR365A,0.0,,1.0,1.0,Unknown
MIR365B,0.0,,1.0,1.0,Unknown
MIR3660,0.0,,1.0,1.0,Unknown
MIR3661,0.0,,1.0,1.0,Unknown
MIR3662,0.0,,1.0,1.0,Unknown
MIR3663,0.0,,1.0,1.0,Unknown
MIR3664,0.0,,1.0,1.0,Unknown
MIR3665,0.0,,1.0,1.0,Unknown
MIR3666,0.0,,1.0,1.0,Unknown
MIR3668,0.0,,1.0,1.0,Unknown
MIR367,0.0,,1.0,1.0,Unknown
MIR3671,0.0,,1.0,1.0,Unknown
MIR3675,0.0,,1.0,1.0,Unknown
MIR3618,0.0,,1.0,1.0,Unknown
MIR3619,0.0,,1.0,1.0,Unknown
MIR362,0.0,,1.0,1.0,Unknown
MIR3620,0.0,,1.0,1.0,Unknown
MIR3621,0.0,,1.0,1.0,Unknown
MIR3622A,0.0,,1.0,1.0,Unknown
MIR3622B,0.0,,1.0,1.0,Unknown
MIR363,0.0,,1.0,1.0,Unknown
MIR3646,0.0,,1.0,1.0,Unknown
MIR3649,0.0,,1.0,1.0,Unknown
MIR3650,0.0,,1.0,1.0,Unknown
MIR3651,0.0,,1.0,1.0,Unknown
MIR3652,0.0,,1.0,1.0,Unknown
MIR3653,0.0,,1.0,1.0,Unknown
MIR3654,0.0,,1.0,1.0,Unknown
MIR3655,0.0,,1.0,1.0,Unknown
MIR345,0.0,,1.0,1.0,Unknown
MIR346,0.0,,1.0,1.0,Unknown
MIR34A,0.0,,1.0,1.0,Unknown
MIR34B,0.0,,1.0,1.0,Unknown
MIR34C,0.0,,1.0,1.0,Unknown
MIR3529,0.0,,1.0,1.0,Unknown
MIR3591,0.0,,1.0,1.0,Unknown
MIR3605,0.0,,1.0,1.0,Unknown
MIR3606,0.0,,1.0,1.0,Unknown
MIR3609,0.0,,1.0,1.0,Unknown
MIR3610,0.0,,1.0,1.0,Unknown
MIR3612,0.0,,1.0,1.0,Unknown
MIR3613,0.0,,1.0,1.0,Unknown
MIR3614,0.0,,1.0,1.0,Unknown
MIR3615,0.0,,1.0,1.0,Unknown
MIR3616,0.0,,1.0,1.0,Unknown
MIR323A,0.0,,1.0,1.0,Unknown
MIR323B,0.0,,1.0,1.0,Unknown
MIR324,0.0,,1.0,1.0,Unknown
MIR326,0.0,,1.0,1.0,Unknown
MIR328,0.0,,1.0,1.0,Unknown
MIR329-1,0.0,,1.0,1.0,Unknown
MIR329-2,0.0,,1.0,1.0,Unknown
MIR330,0.0,,1.0,1.0,Unknown
MIR331,0.0,,1.0,1.0,Unknown
MIR335,0.0,,1.0,1.0,Unknown
MIR337,0.0,,1.0,1.0,Unknown
MIR338,0.0,,1.0,1.0,Unknown
MIR339,0.0,,1.0,1.0,Unknown
MIR33A,0.0,,1.0,1.0,Unknown
MIR33B,0.0,,1.0,1.0,Unknown
MIR340,0.0,,1.0,1.0,Unknown
MIR3199-1,0.0,,1.0,1.0,Unknown
MIR3199-2,0.0,,1.0,1.0,Unknown
MIR31HG,0.0,,1.0,1.0,Unknown
MIR32,0.0,,1.0,1.0,Unknown
MIR3200,0.0,,1.0,1.0,Unknown
MIR3201,0.0,,1.0,1.0,Unknown
MIR3202-1,0.0,,1.0,1.0,Unknown
MIR3202-2,0.0,,1.0,1.0,Unknown
MIR320A,0.0,,1.0,1.0,Unknown
MIR320B1,0.0,,1.0,1.0,Unknown
MIR320B2,0.0,,1.0,1.0,Unknown
MIR320C1,0.0,,1.0,1.0,Unknown
MIR320C2,0.0,,1.0,1.0,Unknown
MIR320D1,0.0,,1.0,1.0,Unknown
MIR320D2,0.0,,1.0,1.0,Unknown
MIR320E,0.0,,1.0,1.0,Unknown
MIR3183,0.0,,1.0,1.0,Unknown
MIR3184,0.0,,1.0,1.0,Unknown
MIR3185,0.0,,1.0,1.0,Unknown
MIR3186,0.0,,1.0,1.0,Unknown
MIR3187,0.0,,1.0,1.0,Unknown
MIR3188,0.0,,1.0,1.0,Unknown
MIR3189,0.0,,1.0,1.0,Unknown
MIR3190,0.0,,1.0,1.0,Unknown
MIR3191,0.0,,1.0,1.0,Unknown
MIR3192,0.0,,1.0,1.0,Unknown
MIR3193,0.0,,1.0,1.0,Unknown
MIR3194,0.0,,1.0,1.0,Unknown
MIR3196,0.0,,1.0,1.0,Unknown
MIR3197,0.0,,1.0,1.0,Unknown
MIR3198-1,0.0,,1.0,1.0,Unknown
MIR3198-2,0.0,,1.0,1.0,Unknown
MIR3169,0.0,,1.0,1.0,Unknown
MIR3170,0.0,,1.0,1.0,Unknown
MIR3173,0.0,,1.0,1.0,Unknown
MIR3175,0.0,,1.0,1.0,Unknown
MIR3176,0.0,,1.0,1.0,Unknown
MIR3177,0.0,,1.0,1.0,Unknown
MIR3178,0.0,,1.0,1.0,Unknown
MIR3179-1,0.0,,1.0,1.0,Unknown
MIR3179-2,0.0,,1.0,1.0,Unknown
MIR3179-3,0.0,,1.0,1.0,Unknown
MIR3180-1,0.0,,1.0,1.0,Unknown
MIR3180-2,0.0,,1.0,1.0,Unknown
MIR3180-3,0.0,,1.0,1.0,Unknown
MIR3180-4,0.0,,1.0,1.0,Unknown
MIR3180-5,0.0,,1.0,1.0,Unknown
MIR3182,0.0,,1.0,1.0,Unknown
MIR3152,0.0,,1.0,1.0,Unknown
MIR3153,0.0,,1.0,1.0,Unknown
MIR3154,0.0,,1.0,1.0,Unknown
MIR3155A,0.0,,1.0,1.0,Unknown
MIR3155B,0.0,,1.0,1.0,Unknown
MIR3156-1,0.0,,1.0,1.0,Unknown
MIR3156-2,0.0,,1.0,1.0,Unknown
MIR3156-3,0.0,,1.0,1.0,Unknown
MIR3157,0.0,,1.0,1.0,Unknown
MIR3158-1,0.0,,1.0,1.0,Unknown
MIR3158-2,0.0,,1.0,1.0,Unknown
MIR3160-1,0.0,,1.0,1.0,Unknown
MIR3160-2,0.0,,1.0,1.0,Unknown
MIR3162,0.0,,1.0,1.0,Unknown
MIR3165,0.0,,1.0,1.0,Unknown
MIR3167,0.0,,1.0,1.0,Unknown
MIR3131,0.0,,1.0,1.0,Unknown
MIR3132,0.0,,1.0,1.0,Unknown
MIR3134,0.0,,1.0,1.0,Unknown
MIR3136,0.0,,1.0,1.0,Unknown
MIR3138,0.0,,1.0,1.0,Unknown
MIR3140,0.0,,1.0,1.0,Unknown
MIR3141,0.0,,1.0,1.0,Unknown
MIR3142,0.0,,1.0,1.0,Unknown
MIR3143,0.0,,1.0,1.0,Unknown
MIR3145,0.0,,1.0,1.0,Unknown
MIR3146,0.0,,1.0,1.0,Unknown
MIR3147,0.0,,1.0,1.0,Unknown
MIR3148,0.0,,1.0,1.0,Unknown
MIR3150A,0.0,,1.0,1.0,Unknown
MIR3150B,0.0,,1.0,1.0,Unknown
MIR3151,0.0,,1.0,1.0,Unknown
MIR3115,0.0,,1.0,1.0,Unknown
MIR3117,0.0,,1.0,1.0,Unknown
MIR3119-1,0.0,,1.0,1.0,Unknown
MIR3119-2,0.0,,1.0,1.0,Unknown
MIR3120,0.0,,1.0,1.0,Unknown
MIR3121,0.0,,1.0,1.0,Unknown
MIR3122,0.0,,1.0,1.0,Unknown
MIR3123,0.0,,1.0,1.0,Unknown
MIR3124,0.0,,1.0,1.0,Unknown
MIR3125,0.0,,1.0,1.0,Unknown
MIR3126,0.0,,1.0,1.0,Unknown
MIR3127,0.0,,1.0,1.0,Unknown
MIR3128,0.0,,1.0,1.0,Unknown
MIR3129,0.0,,1.0,1.0,Unknown
MIR3130-1,0.0,,1.0,1.0,Unknown
MIR3130-2,0.0,,1.0,1.0,Unknown
MIR301B,0.0,,1.0,1.0,Unknown
MIR302A,0.0,,1.0,1.0,Unknown
MIR302B,0.0,,1.0,1.0,Unknown
MIR302C,0.0,,1.0,1.0,Unknown
MIR302D,0.0,,1.0,1.0,Unknown
MIR302F,0.0,,1.0,1.0,Unknown
MIR3064,0.0,,1.0,1.0,Unknown
MIR3065,0.0,,1.0,1.0,Unknown
MIR3074,0.0,,1.0,1.0,Unknown
MIR30A,0.0,,1.0,1.0,Unknown
MIR30B,0.0,,1.0,1.0,Unknown
MIR30C1,0.0,,1.0,1.0,Unknown
MIR30C2,0.0,,1.0,1.0,Unknown
MIR30D,0.0,,1.0,1.0,Unknown
MIR30E,0.0,,1.0,1.0,Unknown
MIR31,0.0,,1.0,1.0,Unknown
MIR26A1,0.0,,1.0,1.0,Unknown
MIR26A2,0.0,,1.0,1.0,Unknown
MIR26B,0.0,,1.0,1.0,Unknown
MIR27A,0.0,,1.0,1.0,Unknown
MIR27B,0.0,,1.0,1.0,Unknown
MIR2861,0.0,,1.0,1.0,Unknown
MIR2909,0.0,,1.0,1.0,Unknown
MIR296,0.0,,1.0,1.0,Unknown
MIR298,0.0,,1.0,1.0,Unknown
MIR299,0.0,,1.0,1.0,Unknown
MIR29A,0.0,,1.0,1.0,Unknown
MIR29B1,0.0,,1.0,1.0,Unknown
MIR29B2,0.0,,1.0,1.0,Unknown
MIR29C,0.0,,1.0,1.0,Unknown
MIR300,0.0,,1.0,1.0,Unknown
MIR301A,0.0,,1.0,1.0,Unknown
MIR223,0.0,,1.0,1.0,Unknown
MIR2276,0.0,,1.0,1.0,Unknown
MIR2277,0.0,,1.0,1.0,Unknown
MIR2278,0.0,,1.0,1.0,Unknown
MIR22HG,0.0,,1.0,1.0,Unknown
MIR2355,0.0,,1.0,1.0,Unknown
MIR2392,0.0,,1.0,1.0,Unknown
MIR23A,0.0,,1.0,1.0,Unknown
MIR23B,0.0,,1.0,1.0,Unknown
MIR23C,0.0,,1.0,1.0,Unknown
MIR24-1,0.0,,1.0,1.0,Unknown
MIR24-2,0.0,,1.0,1.0,Unknown
MIR2467,0.0,,1.0,1.0,Unknown
MIR25,0.0,,1.0,1.0,Unknown
MIR2681,0.0,,1.0,1.0,Unknown
MIR2682,0.0,,1.0,1.0,Unknown
MIR2110,0.0,,1.0,1.0,Unknown
MIR2113,0.0,,1.0,1.0,Unknown
MIR2114,0.0,,1.0,1.0,Unknown
MIR2116,0.0,,1.0,1.0,Unknown
MIR2117,0.0,,1.0,1.0,Unknown
MIR212,0.0,,1.0,1.0,Unknown
MIR214,0.0,,1.0,1.0,Unknown
MIR215,0.0,,1.0,1.0,Unknown
MIR216A,0.0,,1.0,1.0,Unknown
MIR216B,0.0,,1.0,1.0,Unknown
MIR217,0.0,,1.0,1.0,Unknown
MIR218-1,0.0,,1.0,1.0,Unknown
MIR218-2,0.0,,1.0,1.0,Unknown
MIR22,0.0,,1.0,1.0,Unknown
MIR221,0.0,,1.0,1.0,Unknown
MIR222,0.0,,1.0,1.0,Unknown
MIR202,0.0,,1.0,1.0,Unknown
MIR204,0.0,,1.0,1.0,Unknown
MIR205,0.0,,1.0,1.0,Unknown
MIR2052,0.0,,1.0,1.0,Unknown
MIR2053,0.0,,1.0,1.0,Unknown
MIR2054,0.0,,1.0,1.0,Unknown
MIR205HG,0.0,,1.0,1.0,Unknown
MIR206,0.0,,1.0,1.0,Unknown
MIR208A,0.0,,1.0,1.0,Unknown
MIR208B,0.0,,1.0,1.0,Unknown
MIR20A,0.0,,1.0,1.0,Unknown
MIR20B,0.0,,1.0,1.0,Unknown
MIR21,0.0,,1.0,1.0,Unknown
MIR210,0.0,,1.0,1.0,Unknown
MIR210HG,0.0,,1.0,1.0,Unknown
MIR211,0.0,,1.0,1.0,Unknown
MIR196B,0.0,,1.0,1.0,Unknown
MIR197,0.0,,1.0,1.0,Unknown
MIR1972-1,0.0,,1.0,1.0,Unknown
MIR1972-2,0.0,,1.0,1.0,Unknown
MIR1973,0.0,,1.0,1.0,Unknown
MIR1976,0.0,,1.0,1.0,Unknown
MIR198,0.0,,1.0,1.0,Unknown
MIR199A1,0.0,,1.0,1.0,Unknown
MIR199A2,0.0,,1.0,1.0,Unknown
MIR199B,0.0,,1.0,1.0,Unknown
MIR19A,0.0,,1.0,1.0,Unknown
MIR19B1,0.0,,1.0,1.0,Unknown
MIR19B2,0.0,,1.0,1.0,Unknown
MIR200A,0.0,,1.0,1.0,Unknown
MIR200B,0.0,,1.0,1.0,Unknown
MIR200C,0.0,,1.0,1.0,Unknown
MIR190B,0.0,,1.0,1.0,Unknown
MIR191,0.0,,1.0,1.0,Unknown
MIR1910,0.0,,1.0,1.0,Unknown
MIR1911,0.0,,1.0,1.0,Unknown
MIR1912,0.0,,1.0,1.0,Unknown
MIR1913,0.0,,1.0,1.0,Unknown
MIR1914,0.0,,1.0,1.0,Unknown
MIR1915,0.0,,1.0,1.0,Unknown
MIR192,0.0,,1.0,1.0,Unknown
MIR193A,0.0,,1.0,1.0,Unknown
MIR193B,0.0,,1.0,1.0,Unknown
MIR194-1,0.0,,1.0,1.0,Unknown
MIR194-2,0.0,,1.0,1.0,Unknown
MIR195,0.0,,1.0,1.0,Unknown
MIR196A1,0.0,,1.0,1.0,Unknown
MIR196A2,0.0,,1.0,1.0,Unknown
MIR181B2,0.0,,1.0,1.0,Unknown
MIR181C,0.0,,1.0,1.0,Unknown
MIR181D,0.0,,1.0,1.0,Unknown
MIR182,0.0,,1.0,1.0,Unknown
MIR1827,0.0,,1.0,1.0,Unknown
MIR183,0.0,,1.0,1.0,Unknown
MIR184,0.0,,1.0,1.0,Unknown
MIR185,0.0,,1.0,1.0,Unknown
MIR186,0.0,,1.0,1.0,Unknown
MIR187,0.0,,1.0,1.0,Unknown
MIR188,0.0,,1.0,1.0,Unknown
MIR18A,0.0,,1.0,1.0,Unknown
MIR18B,0.0,,1.0,1.0,Unknown
MIR1908,0.0,,1.0,1.0,Unknown
MIR1909,0.0,,1.0,1.0,Unknown
MIR190A,0.0,,1.0,1.0,Unknown
MIR1538,0.0,,1.0,1.0,Unknown
MIR1539,0.0,,1.0,1.0,Unknown
MIR154,0.0,,1.0,1.0,Unknown
MIR155,0.0,,1.0,1.0,Unknown
MIR155HG,0.0,,1.0,1.0,Unknown
MIR15A,0.0,,1.0,1.0,Unknown
MIR15B,0.0,,1.0,1.0,Unknown
MIR16-1,0.0,,1.0,1.0,Unknown
MIR16-2,0.0,,1.0,1.0,Unknown
MIR17,0.0,,1.0,1.0,Unknown
MIR17HG,0.0,,1.0,1.0,Unknown
MIR181A1,0.0,,1.0,1.0,Unknown
MIR181A1HG,0.0,,1.0,1.0,Unknown
MIR181A2,0.0,,1.0,1.0,Unknown
MIR181A2HG,0.0,,1.0,1.0,Unknown
MIR181B1,0.0,,1.0,1.0,Unknown
MIR1468,0.0,,1.0,1.0,Unknown
MIR1469,0.0,,1.0,1.0,Unknown
MIR146A,0.0,,1.0,1.0,Unknown
MIR146B,0.0,,1.0,1.0,Unknown
MIR1470,0.0,,1.0,1.0,Unknown
MIR1471,0.0,,1.0,1.0,Unknown
MIR147A,0.0,,1.0,1.0,Unknown
MIR147B,0.0,,1.0,1.0,Unknown
MIR148A,0.0,,1.0,1.0,Unknown
MIR148B,0.0,,1.0,1.0,Unknown
MIR149,0.0,,1.0,1.0,Unknown
MIR150,0.0,,1.0,1.0,Unknown
MIR152,0.0,,1.0,1.0,Unknown
MIR153-1,0.0,,1.0,1.0,Unknown
MIR153-2,0.0,,1.0,1.0,Unknown
MIR1537,0.0,,1.0,1.0,Unknown
MIR1343,0.0,,1.0,1.0,Unknown
MIR135A1,0.0,,1.0,1.0,Unknown
MIR135A2,0.0,,1.0,1.0,Unknown
MIR135B,0.0,,1.0,1.0,Unknown
MIR136,0.0,,1.0,1.0,Unknown
MIR137,0.0,,1.0,1.0,Unknown
MIR137HG,0.0,,1.0,1.0,Unknown
MIR138-1,0.0,,1.0,1.0,Unknown
MIR138-2,0.0,,1.0,1.0,Unknown
MIR139,0.0,,1.0,1.0,Unknown
MIR140,0.0,,1.0,1.0,Unknown
MIR141,0.0,,1.0,1.0,Unknown
MIR142,0.0,,1.0,1.0,Unknown
MIR143,0.0,,1.0,1.0,Unknown
MIR144,0.0,,1.0,1.0,Unknown
MIR145,0.0,,1.0,1.0,Unknown
MIR1298,0.0,,1.0,1.0,Unknown
MIR1301,0.0,,1.0,1.0,Unknown
MIR1304,0.0,,1.0,1.0,Unknown
MIR1305,0.0,,1.0,1.0,Unknown
MIR1306,0.0,,1.0,1.0,Unknown
MIR1307,0.0,,1.0,1.0,Unknown
MIR130A,0.0,,1.0,1.0,Unknown
MIR130B,0.0,,1.0,1.0,Unknown
MIR132,0.0,,1.0,1.0,Unknown
MIR1322,0.0,,1.0,1.0,Unknown
MIR1323,0.0,,1.0,1.0,Unknown
MIR1324,0.0,,1.0,1.0,Unknown
MIR133A1,0.0,,1.0,1.0,Unknown
MIR133A2,0.0,,1.0,1.0,Unknown
MIR133B,0.0,,1.0,1.0,Unknown
MIR134,0.0,,1.0,1.0,Unknown
MIR1283-1,0.0,,1.0,1.0,Unknown
MIR1283-2,0.0,,1.0,1.0,Unknown
MIR1284,0.0,,1.0,1.0,Unknown
MIR1286,0.0,,1.0,1.0,Unknown
MIR1287,0.0,,1.0,1.0,Unknown
MIR1288,0.0,,1.0,1.0,Unknown
MIR1289-2,0.0,,1.0,1.0,Unknown
MIR129-1,0.0,,1.0,1.0,Unknown
MIR129-2,0.0,,1.0,1.0,Unknown
MIR1291,0.0,,1.0,1.0,Unknown
MIR1292,0.0,,1.0,1.0,Unknown
MIR1293,0.0,,1.0,1.0,Unknown
MIR1295A,0.0,,1.0,1.0,Unknown
MIR1295B,0.0,,1.0,1.0,Unknown
MIR1296,0.0,,1.0,1.0,Unknown
MIR1297,0.0,,1.0,1.0,Unknown
MIR1260B,0.0,,1.0,1.0,Unknown
MIR1262,0.0,,1.0,1.0,Unknown
MIR1264,0.0,,1.0,1.0,Unknown
MIR1265,0.0,,1.0,1.0,Unknown
MIR1266,0.0,,1.0,1.0,Unknown
MIR127,0.0,,1.0,1.0,Unknown
MIR1272,0.0,,1.0,1.0,Unknown
MIR1275,0.0,,1.0,1.0,Unknown
MIR1276,0.0,,1.0,1.0,Unknown
MIR1277,0.0,,1.0,1.0,Unknown
MIR1278,0.0,,1.0,1.0,Unknown
MIR1279,0.0,,1.0,1.0,Unknown
MIR128-1,0.0,,1.0,1.0,Unknown
MIR128-2,0.0,,1.0,1.0,Unknown
MIR1281,0.0,,1.0,1.0,Unknown
MIR1282,0.0,,1.0,1.0,Unknown
MIR1246,0.0,,1.0,1.0,Unknown
MIR1247,0.0,,1.0,1.0,Unknown
MIR1248,0.0,,1.0,1.0,Unknown
MIR1249,0.0,,1.0,1.0,Unknown
MIR1250,0.0,,1.0,1.0,Unknown
MIR1251,0.0,,1.0,1.0,Unknown
MIR1252,0.0,,1.0,1.0,Unknown
MIR1253,0.0,,1.0,1.0,Unknown
MIR1256,0.0,,1.0,1.0,Unknown
MIR1257,0.0,,1.0,1.0,Unknown
MIR1258,0.0,,1.0,1.0,Unknown
MIR125A,0.0,,1.0,1.0,Unknown
MIR125B1,0.0,,1.0,1.0,Unknown
MIR125B2,0.0,,1.0,1.0,Unknown
MIR126,0.0,,1.0,1.0,Unknown
MIR1260A,0.0,,1.0,1.0,Unknown
MIR1231,0.0,,1.0,1.0,Unknown
MIR1233-1,0.0,,1.0,1.0,Unknown
MIR1233-2,0.0,,1.0,1.0,Unknown
MIR1234,0.0,,1.0,1.0,Unknown
MIR1236,0.0,,1.0,1.0,Unknown
MIR1237,0.0,,1.0,1.0,Unknown
MIR1238,0.0,,1.0,1.0,Unknown
MIR124-1,0.0,,1.0,1.0,Unknown
MIR124-2,0.0,,1.0,1.0,Unknown
MIR124-3,0.0,,1.0,1.0,Unknown
MIR1243,0.0,,1.0,1.0,Unknown
MIR1244-1,0.0,,1.0,1.0,Unknown
MIR1244-2,0.0,,1.0,1.0,Unknown
MIR1244-3,0.0,,1.0,1.0,Unknown
MIR1245A,0.0,,1.0,1.0,Unknown
MIR1245B,0.0,,1.0,1.0,Unknown
MIR1193,0.0,,1.0,1.0,Unknown
MIR1197,0.0,,1.0,1.0,Unknown
MIR1200,0.0,,1.0,1.0,Unknown
MIR1203,0.0,,1.0,1.0,Unknown
MIR1204,0.0,,1.0,1.0,Unknown
MIR1205,0.0,,1.0,1.0,Unknown
MIR1206,0.0,,1.0,1.0,Unknown
MIR1207,0.0,,1.0,1.0,Unknown
MIR1208,0.0,,1.0,1.0,Unknown
MIR122,0.0,,1.0,1.0,Unknown
MIR1224,0.0,,1.0,1.0,Unknown
MIR1225,0.0,,1.0,1.0,Unknown
MIR1226,0.0,,1.0,1.0,Unknown
MIR1227,0.0,,1.0,1.0,Unknown
MIR1228,0.0,,1.0,1.0,Unknown
MIR1229,0.0,,1.0,1.0,Unknown
MIR105-2,0.0,,1.0,1.0,Unknown
MIR106A,0.0,,1.0,1.0,Unknown
MIR106B,0.0,,1.0,1.0,Unknown
MIR107,0.0,,1.0,1.0,Unknown
MIR10A,0.0,,1.0,1.0,Unknown
MIR10B,0.0,,1.0,1.0,Unknown
MIR1178,0.0,,1.0,1.0,Unknown
MIR1179,0.0,,1.0,1.0,Unknown
MIR1180,0.0,,1.0,1.0,Unknown
MIR1181,0.0,,1.0,1.0,Unknown
MIR1182,0.0,,1.0,1.0,Unknown
MIR1184-1,0.0,,1.0,1.0,Unknown
MIR1184-2,0.0,,1.0,1.0,Unknown
MIR1184-3,0.0,,1.0,1.0,Unknown
MIR1185-1,0.0,,1.0,1.0,Unknown
MIR1185-2,0.0,,1.0,1.0,Unknown
MIOX,0.0,,1.0,1.0,Unknown
MIP,0.0,,1.0,1.0,Unknown
MIPEP,0.0,,1.0,1.0,Unknown
MIPEPP3,0.0,,1.0,1.0,Unknown
MIPOL1,0.0,,1.0,1.0,Unknown
MIR1-1,0.0,,1.0,1.0,Unknown
MIR1-2,0.0,,1.0,1.0,Unknown
MIR100,0.0,,1.0,1.0,Unknown
MIR100HG,0.0,,1.0,1.0,Unknown
MIR101-1,0.0,,1.0,1.0,Unknown
MIR101-2,0.0,,1.0,1.0,Unknown
MIR103A1,0.0,,1.0,1.0,Unknown
MIR103A2,0.0,,1.0,1.0,Unknown
MIR103B1,0.0,,1.0,1.0,Unknown
MIR103B2,0.0,,1.0,1.0,Unknown
MIR105-1,0.0,,1.0,1.0,Unknown
MID2,0.0,,1.0,1.0,Unknown
MIDN,0.0,,1.0,1.0,Unknown
MIEN1,0.0,,1.0,1.0,Unknown
MIER1,0.0,,1.0,1.0,Unknown
MIER2,0.0,,1.0,1.0,Unknown
MIER3,0.0,,1.0,1.0,Unknown
MIF,0.0,,1.0,1.0,Unknown
MIF4GD,0.0,,1.0,1.0,Unknown
MIIP,0.0,,1.0,1.0,Unknown
MILR1,0.0,,1.0,1.0,Unknown
MIMT1,0.0,,1.0,1.0,Unknown
MINK1,0.0,,1.0,1.0,Unknown
MINOS1,0.0,,1.0,1.0,Unknown
MINOS1-NBL1,0.0,,1.0,1.0,Unknown
MINPP1,0.0,,1.0,1.0,Unknown
MIOS,0.0,,1.0,1.0,Unknown
MIAT,0.0,,1.0,1.0,Unknown
MIB1,0.0,,1.0,1.0,Unknown
MIB2,0.0,,1.0,1.0,Unknown
MICA,0.0,,1.0,1.0,Unknown
MICAL1,0.0,,1.0,1.0,Unknown
MICAL2,0.0,,1.0,1.0,Unknown
MICAL3,0.0,,1.0,1.0,Unknown
MICALCL,0.0,,1.0,1.0,Unknown
MICALL1,0.0,,1.0,1.0,Unknown
MICALL2,0.0,,1.0,1.0,Unknown
MICB,0.0,,1.0,1.0,Unknown
MICU1,0.0,,1.0,1.0,Unknown
MICU2,0.0,,1.0,1.0,Unknown
MICU3,0.0,,1.0,1.0,Unknown
MID1,0.0,,1.0,1.0,Unknown
MID1IP1,0.0,,1.0,1.0,Unknown
MGAT4C,0.0,,1.0,1.0,Unknown
MGAT5,0.0,,1.0,1.0,Unknown
MGAT5B,0.0,,1.0,1.0,Unknown
MGEA5,0.0,,1.0,1.0,Unknown
MGLL,0.0,,1.0,1.0,Unknown
MGME1,0.0,,1.0,1.0,Unknown
MGMT,0.0,,1.0,1.0,Unknown
MGP,0.0,,1.0,1.0,Unknown
MGRN1,0.0,,1.0,1.0,Unknown
MGST1,0.0,,1.0,1.0,Unknown
MGST2,0.0,,1.0,1.0,Unknown
MGST3,0.0,,1.0,1.0,Unknown
MIA,0.0,,1.0,1.0,Unknown
MIA-RAB4B,0.0,,1.0,1.0,Unknown
MIA2,0.0,,1.0,1.0,Unknown
MIA3,0.0,,1.0,1.0,Unknown
MFSD2B,0.0,,1.0,1.0,Unknown
MFSD3,0.0,,1.0,1.0,Unknown
MFSD5,0.0,,1.0,1.0,Unknown
MFSD6,0.0,,1.0,1.0,Unknown
MFSD6L,0.0,,1.0,1.0,Unknown
MFSD7,0.0,,1.0,1.0,Unknown
MFSD8,0.0,,1.0,1.0,Unknown
MFSD9,0.0,,1.0,1.0,Unknown
MGA,0.0,,1.0,1.0,Unknown
MGAM,0.0,,1.0,1.0,Unknown
MGARP,0.0,,1.0,1.0,Unknown
MGAT1,0.0,,1.0,1.0,Unknown
MGAT2,0.0,,1.0,1.0,Unknown
MGAT3,0.0,,1.0,1.0,Unknown
MGAT4A,0.0,,1.0,1.0,Unknown
MGAT4B,0.0,,1.0,1.0,Unknown
MFAP3,0.0,,1.0,1.0,Unknown
MFAP3L,0.0,,1.0,1.0,Unknown
MFAP4,0.0,,1.0,1.0,Unknown
MFAP5,0.0,,1.0,1.0,Unknown
MFF,0.0,,1.0,1.0,Unknown
MFGE8,0.0,,1.0,1.0,Unknown
MFHAS1,0.0,,1.0,1.0,Unknown
MFN1,0.0,,1.0,1.0,Unknown
MFN2,0.0,,1.0,1.0,Unknown
MFNG,0.0,,1.0,1.0,Unknown
MFRP,0.0,,1.0,1.0,Unknown
MFSD1,0.0,,1.0,1.0,Unknown
MFSD10,0.0,,1.0,1.0,Unknown
MFSD11,0.0,,1.0,1.0,Unknown
MFSD12,0.0,,1.0,1.0,Unknown
MFSD2A,0.0,,1.0,1.0,Unknown
METTL2A,0.0,,1.0,1.0,Unknown
METTL2B,0.0,,1.0,1.0,Unknown
METTL3,0.0,,1.0,1.0,Unknown
METTL4,0.0,,1.0,1.0,Unknown
METTL5,0.0,,1.0,1.0,Unknown
METTL6,0.0,,1.0,1.0,Unknown
METTL7A,0.0,,1.0,1.0,Unknown
METTL7B,0.0,,1.0,1.0,Unknown
METTL8,0.0,,1.0,1.0,Unknown
METTL9,0.0,,1.0,1.0,Unknown
MEX3A,0.0,,1.0,1.0,Unknown
MEX3B,0.0,,1.0,1.0,Unknown
MEX3C,0.0,,1.0,1.0,Unknown
MEX3D,0.0,,1.0,1.0,Unknown
MFAP1,0.0,,1.0,1.0,Unknown
MFAP2,0.0,,1.0,1.0,Unknown
METTL1,0.0,,1.0,1.0,Unknown
METTL11B,0.0,,1.0,1.0,Unknown
METTL12,0.0,,1.0,1.0,Unknown
METTL13,0.0,,1.0,1.0,Unknown
METTL14,0.0,,1.0,1.0,Unknown
METTL15,0.0,,1.0,1.0,Unknown
METTL16,0.0,,1.0,1.0,Unknown
METTL17,0.0,,1.0,1.0,Unknown
METTL18,0.0,,1.0,1.0,Unknown
METTL21A,0.0,,1.0,1.0,Unknown
METTL21C,0.0,,1.0,1.0,Unknown
METTL21EP,0.0,,1.0,1.0,Unknown
METTL22,0.0,,1.0,1.0,Unknown
METTL23,0.0,,1.0,1.0,Unknown
METTL24,0.0,,1.0,1.0,Unknown
METTL25,0.0,,1.0,1.0,Unknown
MEP1A,0.0,,1.0,1.0,Unknown
MEP1B,0.0,,1.0,1.0,Unknown
MEPCE,0.0,,1.0,1.0,Unknown
MEPE,0.0,,1.0,1.0,Unknown
MERTK,0.0,,1.0,1.0,Unknown
MESDC1,0.0,,1.0,1.0,Unknown
MESDC2,0.0,,1.0,1.0,Unknown
MESP1,0.0,,1.0,1.0,Unknown
MESP2,0.0,,1.0,1.0,Unknown
MEST,0.0,,1.0,1.0,Unknown
MET,0.0,,1.0,1.0,Unknown
METAP1,0.0,,1.0,1.0,Unknown
METAP1D,0.0,,1.0,1.0,Unknown
METAP2,0.0,,1.0,1.0,Unknown
METRN,0.0,,1.0,1.0,Unknown
METRNL,0.0,,1.0,1.0,Unknown
MEGF6,0.0,,1.0,1.0,Unknown
MEGF8,0.0,,1.0,1.0,Unknown
MEGF9,0.0,,1.0,1.0,Unknown
MEI1,0.0,,1.0,1.0,Unknown
MEIG1,0.0,,1.0,1.0,Unknown
MEIOB,0.0,,1.0,1.0,Unknown
MEIS1,0.0,,1.0,1.0,Unknown
MEIS1-AS3,0.0,,1.0,1.0,Unknown
MEIS2,0.0,,1.0,1.0,Unknown
MEIS3,0.0,,1.0,1.0,Unknown
MEIS3P1,0.0,,1.0,1.0,Unknown
MELK,0.0,,1.0,1.0,Unknown
MEMO1,0.0,,1.0,1.0,Unknown
MEN1,0.0,,1.0,1.0,Unknown
MEOX1,0.0,,1.0,1.0,Unknown
MEOX2,0.0,,1.0,1.0,Unknown
MED4-AS1,0.0,,1.0,1.0,Unknown
MED6,0.0,,1.0,1.0,Unknown
MED7,0.0,,1.0,1.0,Unknown
MED8,0.0,,1.0,1.0,Unknown
MED9,0.0,,1.0,1.0,Unknown
MEDAG,0.0,,1.0,1.0,Unknown
MEF2A,0.0,,1.0,1.0,Unknown
MEF2B,0.0,,1.0,1.0,Unknown
MEF2C,0.0,,1.0,1.0,Unknown
MEF2D,0.0,,1.0,1.0,Unknown
MEFV,0.0,,1.0,1.0,Unknown
MEG3,0.0,,1.0,1.0,Unknown
MEG8,0.0,,1.0,1.0,Unknown
MEG9,0.0,,1.0,1.0,Unknown
MEGF10,0.0,,1.0,1.0,Unknown
MEGF11,0.0,,1.0,1.0,Unknown
MED17,0.0,,1.0,1.0,Unknown
MED18,0.0,,1.0,1.0,Unknown
MED19,0.0,,1.0,1.0,Unknown
MED20,0.0,,1.0,1.0,Unknown
MED21,0.0,,1.0,1.0,Unknown
MED22,0.0,,1.0,1.0,Unknown
MED23,0.0,,1.0,1.0,Unknown
MED24,0.0,,1.0,1.0,Unknown
MED25,0.0,,1.0,1.0,Unknown
MED26,0.0,,1.0,1.0,Unknown
MED27,0.0,,1.0,1.0,Unknown
MED28,0.0,,1.0,1.0,Unknown
MED29,0.0,,1.0,1.0,Unknown
MED30,0.0,,1.0,1.0,Unknown
MED31,0.0,,1.0,1.0,Unknown
MED4,0.0,,1.0,1.0,Unknown
ME3,0.0,,1.0,1.0,Unknown
MEA1,0.0,,1.0,1.0,Unknown
MEAF6,0.0,,1.0,1.0,Unknown
MECOM,0.0,,1.0,1.0,Unknown
MECP2,0.0,,1.0,1.0,Unknown
MECR,0.0,,1.0,1.0,Unknown
MED1,0.0,,1.0,1.0,Unknown
MED10,0.0,,1.0,1.0,Unknown
MED11,0.0,,1.0,1.0,Unknown
MED12,0.0,,1.0,1.0,Unknown
MED12L,0.0,,1.0,1.0,Unknown
MED13,0.0,,1.0,1.0,Unknown
MED13L,0.0,,1.0,1.0,Unknown
MED14,0.0,,1.0,1.0,Unknown
MED15,0.0,,1.0,1.0,Unknown
MED16,0.0,,1.0,1.0,Unknown
MDFI,0.0,,1.0,1.0,Unknown
MDFIC,0.0,,1.0,1.0,Unknown
MDGA1,0.0,,1.0,1.0,Unknown
MDGA2,0.0,,1.0,1.0,Unknown
MDH1,0.0,,1.0,1.0,Unknown
MDH1B,0.0,,1.0,1.0,Unknown
MDH2,0.0,,1.0,1.0,Unknown
MDK,0.0,,1.0,1.0,Unknown
MDM1,0.0,,1.0,1.0,Unknown
MDM2,0.0,,1.0,1.0,Unknown
MDM4,0.0,,1.0,1.0,Unknown
MDN1,0.0,,1.0,1.0,Unknown
MDP1,0.0,,1.0,1.0,Unknown
MDS2,0.0,,1.0,1.0,Unknown
ME1,0.0,,1.0,1.0,Unknown
ME2,0.0,,1.0,1.0,Unknown
MCM7,0.0,,1.0,1.0,Unknown
MCM8,0.0,,1.0,1.0,Unknown
MCM9,0.0,,1.0,1.0,Unknown
MCMBP,0.0,,1.0,1.0,Unknown
MCMDC2,0.0,,1.0,1.0,Unknown
MCOLN1,0.0,,1.0,1.0,Unknown
MCOLN2,0.0,,1.0,1.0,Unknown
MCOLN3,0.0,,1.0,1.0,Unknown
MCPH1,0.0,,1.0,1.0,Unknown
MCRS1,0.0,,1.0,1.0,Unknown
MCTP1,0.0,,1.0,1.0,Unknown
MCTP2,0.0,,1.0,1.0,Unknown
MCTS1,0.0,,1.0,1.0,Unknown
MCU,0.0,,1.0,1.0,Unknown
MCUR1,0.0,,1.0,1.0,Unknown
MDC1,0.0,,1.0,1.0,Unknown
MCF2L,0.0,,1.0,1.0,Unknown
MCF2L-AS1,0.0,,1.0,1.0,Unknown
MCF2L2,0.0,,1.0,1.0,Unknown
MCFD2,0.0,,1.0,1.0,Unknown
MCHR1,0.0,,1.0,1.0,Unknown
MCHR2,0.0,,1.0,1.0,Unknown
MCIDAS,0.0,,1.0,1.0,Unknown
MCL1,0.0,,1.0,1.0,Unknown
MCM10,0.0,,1.0,1.0,Unknown
MCM2,0.0,,1.0,1.0,Unknown
MCM3,0.0,,1.0,1.0,Unknown
MCM3AP,0.0,,1.0,1.0,Unknown
MCM3AP-AS1,0.0,,1.0,1.0,Unknown
MCM4,0.0,,1.0,1.0,Unknown
MCM5,0.0,,1.0,1.0,Unknown
MCM6,0.0,,1.0,1.0,Unknown
MBTD1,0.0,,1.0,1.0,Unknown
MBTPS1,0.0,,1.0,1.0,Unknown
MBTPS2,0.0,,1.0,1.0,Unknown
MC1R,0.0,,1.0,1.0,Unknown
MC2R,0.0,,1.0,1.0,Unknown
MC3R,0.0,,1.0,1.0,Unknown
MC4R,0.0,,1.0,1.0,Unknown
MC5R,0.0,,1.0,1.0,Unknown
MCAM,0.0,,1.0,1.0,Unknown
MCAT,0.0,,1.0,1.0,Unknown
MCC,0.0,,1.0,1.0,Unknown
MCCC1,0.0,,1.0,1.0,Unknown
MCCC2,0.0,,1.0,1.0,Unknown
MCCD1,0.0,,1.0,1.0,Unknown
MCEE,0.0,,1.0,1.0,Unknown
MCF2,0.0,,1.0,1.0,Unknown
MBD5,0.0,,1.0,1.0,Unknown
MBD6,0.0,,1.0,1.0,Unknown
MBIP,0.0,,1.0,1.0,Unknown
MBL1P,0.0,,1.0,1.0,Unknown
MBL2,0.0,,1.0,1.0,Unknown
MBLAC1,0.0,,1.0,1.0,Unknown
MBLAC2,0.0,,1.0,1.0,Unknown
MBNL1,0.0,,1.0,1.0,Unknown
MBNL1-AS1,0.0,,1.0,1.0,Unknown
MBNL2,0.0,,1.0,1.0,Unknown
MBNL3,0.0,,1.0,1.0,Unknown
MBOAT1,0.0,,1.0,1.0,Unknown
MBOAT2,0.0,,1.0,1.0,Unknown
MBOAT4,0.0,,1.0,1.0,Unknown
MBOAT7,0.0,,1.0,1.0,Unknown
MBP,0.0,,1.0,1.0,Unknown
MAU2,0.0,,1.0,1.0,Unknown
MAVS,0.0,,1.0,1.0,Unknown
MAX,0.0,,1.0,1.0,Unknown
MAZ,0.0,,1.0,1.0,Unknown
MB,0.0,,1.0,1.0,Unknown
MB21D1,0.0,,1.0,1.0,Unknown
MB21D2,0.0,,1.0,1.0,Unknown
MBD1,0.0,,1.0,1.0,Unknown
MBD2,0.0,,1.0,1.0,Unknown
MBD3,0.0,,1.0,1.0,Unknown
MBD3L1,0.0,,1.0,1.0,Unknown
MBD3L2,0.0,,1.0,1.0,Unknown
MBD3L3,0.0,,1.0,1.0,Unknown
MBD3L4,0.0,,1.0,1.0,Unknown
MBD3L5,0.0,,1.0,1.0,Unknown
MBD4,0.0,,1.0,1.0,Unknown
MASP2,0.0,,1.0,1.0,Unknown
MAST1,0.0,,1.0,1.0,Unknown
MAST2,0.0,,1.0,1.0,Unknown
MAST3,0.0,,1.0,1.0,Unknown
MAST4,0.0,,1.0,1.0,Unknown
MASTL,0.0,,1.0,1.0,Unknown
MAT1A,0.0,,1.0,1.0,Unknown
MAT2A,0.0,,1.0,1.0,Unknown
MAT2B,0.0,,1.0,1.0,Unknown
MATK,0.0,,1.0,1.0,Unknown
MATN1,0.0,,1.0,1.0,Unknown
MATN1-AS1,0.0,,1.0,1.0,Unknown
MATN2,0.0,,1.0,1.0,Unknown
MATN3,0.0,,1.0,1.0,Unknown
MATN4,0.0,,1.0,1.0,Unknown
MATR3,0.0,,1.0,1.0,Unknown
MARCKS,0.0,,1.0,1.0,Unknown
MARCKSL1,0.0,,1.0,1.0,Unknown
MARCO,0.0,,1.0,1.0,Unknown
MARK1,0.0,,1.0,1.0,Unknown
MARK2,0.0,,1.0,1.0,Unknown
MARK2P9,0.0,,1.0,1.0,Unknown
MARK3,0.0,,1.0,1.0,Unknown
MARK4,0.0,,1.0,1.0,Unknown
MARS,0.0,,1.0,1.0,Unknown
MARS2,0.0,,1.0,1.0,Unknown
MARVELD1,0.0,,1.0,1.0,Unknown
MARVELD2,0.0,,1.0,1.0,Unknown
MARVELD3,0.0,,1.0,1.0,Unknown
MAS1,0.0,,1.0,1.0,Unknown
MAS1L,0.0,,1.0,1.0,Unknown
MASP1,0.0,,1.0,1.0,Unknown
MAPT,0.0,,1.0,1.0,Unknown
MAPT-AS1,0.0,,1.0,1.0,Unknown
MAPT-IT1,0.0,,1.0,1.0,Unknown
MARC1,0.0,,1.0,1.0,Unknown
MARC2,0.0,,1.0,1.0,Unknown
MARCH1,0.0,,1.0,1.0,Unknown
MARCH10,0.0,,1.0,1.0,Unknown
MARCH11,0.0,,1.0,1.0,Unknown
MARCH2,0.0,,1.0,1.0,Unknown
MARCH3,0.0,,1.0,1.0,Unknown
MARCH4,0.0,,1.0,1.0,Unknown
MARCH5,0.0,,1.0,1.0,Unknown
MARCH6,0.0,,1.0,1.0,Unknown
MARCH7,0.0,,1.0,1.0,Unknown
MARCH8,0.0,,1.0,1.0,Unknown
MARCH9,0.0,,1.0,1.0,Unknown
MAPK6,0.0,,1.0,1.0,Unknown
MAPK7,0.0,,1.0,1.0,Unknown
MAPK8,0.0,,1.0,1.0,Unknown
MAPK8IP1,0.0,,1.0,1.0,Unknown
MAPK8IP2,0.0,,1.0,1.0,Unknown
MAPK8IP3,0.0,,1.0,1.0,Unknown
MAPK9,0.0,,1.0,1.0,Unknown
MAPKAP1,0.0,,1.0,1.0,Unknown
MAPKAPK2,0.0,,1.0,1.0,Unknown
MAPKAPK3,0.0,,1.0,1.0,Unknown
MAPKAPK5,0.0,,1.0,1.0,Unknown
MAPKAPK5-AS1,0.0,,1.0,1.0,Unknown
MAPKBP1,0.0,,1.0,1.0,Unknown
MAPRE1,0.0,,1.0,1.0,Unknown
MAPRE2,0.0,,1.0,1.0,Unknown
MAPRE3,0.0,,1.0,1.0,Unknown
MAP6D1,0.0,,1.0,1.0,Unknown
MAP7,0.0,,1.0,1.0,Unknown
MAP7D1,0.0,,1.0,1.0,Unknown
MAP7D2,0.0,,1.0,1.0,Unknown
MAP7D3,0.0,,1.0,1.0,Unknown
MAP9,0.0,,1.0,1.0,Unknown
MAPK1,0.0,,1.0,1.0,Unknown
MAPK10,0.0,,1.0,1.0,Unknown
MAPK11,0.0,,1.0,1.0,Unknown
MAPK12,0.0,,1.0,1.0,Unknown
MAPK13,0.0,,1.0,1.0,Unknown
MAPK14,0.0,,1.0,1.0,Unknown
MAPK15,0.0,,1.0,1.0,Unknown
MAPK1IP1L,0.0,,1.0,1.0,Unknown
MAPK3,0.0,,1.0,1.0,Unknown
MAPK4,0.0,,1.0,1.0,Unknown
MAP3K2,0.0,,1.0,1.0,Unknown
MAP3K3,0.0,,1.0,1.0,Unknown
MAP3K4,0.0,,1.0,1.0,Unknown
MAP3K5,0.0,,1.0,1.0,Unknown
MAP3K6,0.0,,1.0,1.0,Unknown
MAP3K7,0.0,,1.0,1.0,Unknown
MAP3K7CL,0.0,,1.0,1.0,Unknown
MAP3K8,0.0,,1.0,1.0,Unknown
MAP3K9,0.0,,1.0,1.0,Unknown
MAP4,0.0,,1.0,1.0,Unknown
MAP4K1,0.0,,1.0,1.0,Unknown
MAP4K2,0.0,,1.0,1.0,Unknown
MAP4K3,0.0,,1.0,1.0,Unknown
MAP4K4,0.0,,1.0,1.0,Unknown
MAP4K5,0.0,,1.0,1.0,Unknown
MAP6,0.0,,1.0,1.0,Unknown
MAP2K2,0.0,,1.0,1.0,Unknown
MAP2K3,0.0,,1.0,1.0,Unknown
MAP2K4,0.0,,1.0,1.0,Unknown
MAP2K4P1,0.0,,1.0,1.0,Unknown
MAP2K5,0.0,,1.0,1.0,Unknown
MAP2K6,0.0,,1.0,1.0,Unknown
MAP2K7,0.0,,1.0,1.0,Unknown
MAP3K1,0.0,,1.0,1.0,Unknown
MAP3K10,0.0,,1.0,1.0,Unknown
MAP3K11,0.0,,1.0,1.0,Unknown
MAP3K12,0.0,,1.0,1.0,Unknown
MAP3K13,0.0,,1.0,1.0,Unknown
MAP3K14,0.0,,1.0,1.0,Unknown
MAP3K14-AS1,0.0,,1.0,1.0,Unknown
MAP3K15,0.0,,1.0,1.0,Unknown
MAP3K19,0.0,,1.0,1.0,Unknown
MANEAL,0.0,,1.0,1.0,Unknown
MANF,0.0,,1.0,1.0,Unknown
MANSC1,0.0,,1.0,1.0,Unknown
MANSC4,0.0,,1.0,1.0,Unknown
MAOA,0.0,,1.0,1.0,Unknown
MAOB,0.0,,1.0,1.0,Unknown
MAP10,0.0,,1.0,1.0,Unknown
MAP1A,0.0,,1.0,1.0,Unknown
MAP1B,0.0,,1.0,1.0,Unknown
MAP1LC3A,0.0,,1.0,1.0,Unknown
MAP1LC3B,0.0,,1.0,1.0,Unknown
MAP1LC3B2,0.0,,1.0,1.0,Unknown
MAP1LC3C,0.0,,1.0,1.0,Unknown
MAP1S,0.0,,1.0,1.0,Unknown
MAP2,0.0,,1.0,1.0,Unknown
MAP2K1,0.0,,1.0,1.0,Unknown
MAML3,0.0,,1.0,1.0,Unknown
MAMLD1,0.0,,1.0,1.0,Unknown
MAMSTR,0.0,,1.0,1.0,Unknown
MAN1A1,0.0,,1.0,1.0,Unknown
MAN1A2,0.0,,1.0,1.0,Unknown
MAN1B1,0.0,,1.0,1.0,Unknown
MAN1B1-AS1,0.0,,1.0,1.0,Unknown
MAN1C1,0.0,,1.0,1.0,Unknown
MAN2A1,0.0,,1.0,1.0,Unknown
MAN2A2,0.0,,1.0,1.0,Unknown
MAN2B1,0.0,,1.0,1.0,Unknown
MAN2B2,0.0,,1.0,1.0,Unknown
MAN2C1,0.0,,1.0,1.0,Unknown
MANBA,0.0,,1.0,1.0,Unknown
MANBAL,0.0,,1.0,1.0,Unknown
MANEA,0.0,,1.0,1.0,Unknown
MAGOH,0.0,,1.0,1.0,Unknown
MAGOHB,0.0,,1.0,1.0,Unknown
MAGT1,0.0,,1.0,1.0,Unknown
MAK,0.0,,1.0,1.0,Unknown
MAK16,0.0,,1.0,1.0,Unknown
MAL,0.0,,1.0,1.0,Unknown
MAL2,0.0,,1.0,1.0,Unknown
MALAT1,0.0,,1.0,1.0,Unknown
MALL,0.0,,1.0,1.0,Unknown
MALSU1,0.0,,1.0,1.0,Unknown
MALT1,0.0,,1.0,1.0,Unknown
MAMDC2,0.0,,1.0,1.0,Unknown
MAMDC2-AS1,0.0,,1.0,1.0,Unknown
MAMDC4,0.0,,1.0,1.0,Unknown
MAML1,0.0,,1.0,1.0,Unknown
MAML2,0.0,,1.0,1.0,Unknown
MAGED1,0.0,,1.0,1.0,Unknown
MAGED2,0.0,,1.0,1.0,Unknown
MAGED4,0.0,,1.0,1.0,Unknown
MAGED4B,0.0,,1.0,1.0,Unknown
MAGEE1,0.0,,1.0,1.0,Unknown
MAGEE2,0.0,,1.0,1.0,Unknown
MAGEF1,0.0,,1.0,1.0,Unknown
MAGEH1,0.0,,1.0,1.0,Unknown
MAGEL2,0.0,,1.0,1.0,Unknown
MAGI1,0.0,,1.0,1.0,Unknown
MAGI1-AS1,0.0,,1.0,1.0,Unknown
MAGI2,0.0,,1.0,1.0,Unknown
MAGI2-AS2,0.0,,1.0,1.0,Unknown
MAGI2-AS3,0.0,,1.0,1.0,Unknown
MAGI3,0.0,,1.0,1.0,Unknown
MAGIX,0.0,,1.0,1.0,Unknown
MAGEA8-AS1,0.0,,1.0,1.0,Unknown
MAGEA9,0.0,,1.0,1.0,Unknown
MAGEA9B,0.0,,1.0,1.0,Unknown
MAGEB1,0.0,,1.0,1.0,Unknown
MAGEB10,0.0,,1.0,1.0,Unknown
MAGEB16,0.0,,1.0,1.0,Unknown
MAGEB17,0.0,,1.0,1.0,Unknown
MAGEB18,0.0,,1.0,1.0,Unknown
MAGEB2,0.0,,1.0,1.0,Unknown
MAGEB3,0.0,,1.0,1.0,Unknown
MAGEB4,0.0,,1.0,1.0,Unknown
MAGEB5,0.0,,1.0,1.0,Unknown
MAGEB6,0.0,,1.0,1.0,Unknown
MAGEC1,0.0,,1.0,1.0,Unknown
MAGEC2,0.0,,1.0,1.0,Unknown
MAGEC3,0.0,,1.0,1.0,Unknown
MAFF,0.0,,1.0,1.0,Unknown
MAFG,0.0,,1.0,1.0,Unknown
MAFG-AS1,0.0,,1.0,1.0,Unknown
MAFK,0.0,,1.0,1.0,Unknown
MAG,0.0,,1.0,1.0,Unknown
MAGEA1,0.0,,1.0,1.0,Unknown
MAGEA10,0.0,,1.0,1.0,Unknown
MAGEA11,0.0,,1.0,1.0,Unknown
MAGEA12,0.0,,1.0,1.0,Unknown
MAGEA2,0.0,,1.0,1.0,Unknown
MAGEA2B,0.0,,1.0,1.0,Unknown
MAGEA3,0.0,,1.0,1.0,Unknown
MAGEA4,0.0,,1.0,1.0,Unknown
MAGEA5,0.0,,1.0,1.0,Unknown
MAGEA6,0.0,,1.0,1.0,Unknown
MAGEA8,0.0,,1.0,1.0,Unknown
MACF1,0.0,,1.0,1.0,Unknown
MACROD1,0.0,,1.0,1.0,Unknown
MACROD2,0.0,,1.0,1.0,Unknown
MACROD2-AS1,0.0,,1.0,1.0,Unknown
MAD1L1,0.0,,1.0,1.0,Unknown
MAD2L1,0.0,,1.0,1.0,Unknown
MAD2L1BP,0.0,,1.0,1.0,Unknown
MAD2L2,0.0,,1.0,1.0,Unknown
MADCAM1,0.0,,1.0,1.0,Unknown
MADD,0.0,,1.0,1.0,Unknown
MAEA,0.0,,1.0,1.0,Unknown
MAEL,0.0,,1.0,1.0,Unknown
MAF,0.0,,1.0,1.0,Unknown
MAF1,0.0,,1.0,1.0,Unknown
MAFA,0.0,,1.0,1.0,Unknown
MAFB,0.0,,1.0,1.0,Unknown
LYZL6,0.0,,1.0,1.0,Unknown
LZIC,0.0,,1.0,1.0,Unknown
LZTFL1,0.0,,1.0,1.0,Unknown
LZTR1,0.0,,1.0,1.0,Unknown
LZTS1,0.0,,1.0,1.0,Unknown
LZTS1-AS1,0.0,,1.0,1.0,Unknown
LZTS2,0.0,,1.0,1.0,Unknown
LZTS3,0.0,,1.0,1.0,Unknown
M1AP,0.0,,1.0,1.0,Unknown
M6PR,0.0,,1.0,1.0,Unknown
MAATS1,0.0,,1.0,1.0,Unknown
MAB21L1,0.0,,1.0,1.0,Unknown
MAB21L2,0.0,,1.0,1.0,Unknown
MAB21L3,0.0,,1.0,1.0,Unknown
MACC1,0.0,,1.0,1.0,Unknown
MACC1-AS1,0.0,,1.0,1.0,Unknown
LYPLAL1,0.0,,1.0,1.0,Unknown
LYRM1,0.0,,1.0,1.0,Unknown
LYRM2,0.0,,1.0,1.0,Unknown
LYRM4,0.0,,1.0,1.0,Unknown
LYRM7,0.0,,1.0,1.0,Unknown
LYRM9,0.0,,1.0,1.0,Unknown
LYSMD1,0.0,,1.0,1.0,Unknown
LYSMD2,0.0,,1.0,1.0,Unknown
LYSMD3,0.0,,1.0,1.0,Unknown
LYSMD4,0.0,,1.0,1.0,Unknown
LYST,0.0,,1.0,1.0,Unknown
LYVE1,0.0,,1.0,1.0,Unknown
LYZ,0.0,,1.0,1.0,Unknown
LYZL1,0.0,,1.0,1.0,Unknown
LYZL2,0.0,,1.0,1.0,Unknown
LYZL4,0.0,,1.0,1.0,Unknown
LYAR,0.0,,1.0,1.0,Unknown
LYG1,0.0,,1.0,1.0,Unknown
LYG2,0.0,,1.0,1.0,Unknown
LYL1,0.0,,1.0,1.0,Unknown
LYN,0.0,,1.0,1.0,Unknown
LYNX1,0.0,,1.0,1.0,Unknown
LYPD1,0.0,,1.0,1.0,Unknown
LYPD2,0.0,,1.0,1.0,Unknown
LYPD3,0.0,,1.0,1.0,Unknown
LYPD4,0.0,,1.0,1.0,Unknown
LYPD5,0.0,,1.0,1.0,Unknown
LYPD6,0.0,,1.0,1.0,Unknown
LYPD6B,0.0,,1.0,1.0,Unknown
LYPD8,0.0,,1.0,1.0,Unknown
LYPLA1,0.0,,1.0,1.0,Unknown
LYPLA2,0.0,,1.0,1.0,Unknown
LY6D,0.0,,1.0,1.0,Unknown
LY6E,0.0,,1.0,1.0,Unknown
LY6G5B,0.0,,1.0,1.0,Unknown
LY6G5C,0.0,,1.0,1.0,Unknown
LY6G6C,0.0,,1.0,1.0,Unknown
LY6G6D,0.0,,1.0,1.0,Unknown
LY6G6E,0.0,,1.0,1.0,Unknown
LY6G6F,0.0,,1.0,1.0,Unknown
LY6H,0.0,,1.0,1.0,Unknown
LY6K,0.0,,1.0,1.0,Unknown
LY75,0.0,,1.0,1.0,Unknown
LY75-CD302,0.0,,1.0,1.0,Unknown
LY86,0.0,,1.0,1.0,Unknown
LY86-AS1,0.0,,1.0,1.0,Unknown
LY9,0.0,,1.0,1.0,Unknown
LY96,0.0,,1.0,1.0,Unknown
LTF,0.0,,1.0,1.0,Unknown
LTK,0.0,,1.0,1.0,Unknown
LTN1,0.0,,1.0,1.0,Unknown
LTV1,0.0,,1.0,1.0,Unknown
LUC7L,0.0,,1.0,1.0,Unknown
LUC7L2,0.0,,1.0,1.0,Unknown
LUC7L3,0.0,,1.0,1.0,Unknown
LUCAT1,0.0,,1.0,1.0,Unknown
LUM,0.0,,1.0,1.0,Unknown
LURAP1,0.0,,1.0,1.0,Unknown
LURAP1L,0.0,,1.0,1.0,Unknown
LUZP1,0.0,,1.0,1.0,Unknown
LUZP2,0.0,,1.0,1.0,Unknown
LUZP4,0.0,,1.0,1.0,Unknown
LUZP6,0.0,,1.0,1.0,Unknown
LXN,0.0,,1.0,1.0,Unknown
LSP1,0.0,,1.0,1.0,Unknown
LSP1P3,0.0,,1.0,1.0,Unknown
LSR,0.0,,1.0,1.0,Unknown
LSS,0.0,,1.0,1.0,Unknown
LST1,0.0,,1.0,1.0,Unknown
LTA,0.0,,1.0,1.0,Unknown
LTA4H,0.0,,1.0,1.0,Unknown
LTB,0.0,,1.0,1.0,Unknown
LTB4R,0.0,,1.0,1.0,Unknown
LTB4R2,0.0,,1.0,1.0,Unknown
LTBP1,0.0,,1.0,1.0,Unknown
LTBP2,0.0,,1.0,1.0,Unknown
LTBP3,0.0,,1.0,1.0,Unknown
LTBP4,0.0,,1.0,1.0,Unknown
LTBR,0.0,,1.0,1.0,Unknown
LTC4S,0.0,,1.0,1.0,Unknown
LSAMP,0.0,,1.0,1.0,Unknown
LSG1,0.0,,1.0,1.0,Unknown
LSM1,0.0,,1.0,1.0,Unknown
LSM10,0.0,,1.0,1.0,Unknown
LSM11,0.0,,1.0,1.0,Unknown
LSM12,0.0,,1.0,1.0,Unknown
LSM14A,0.0,,1.0,1.0,Unknown
LSM14B,0.0,,1.0,1.0,Unknown
LSM2,0.0,,1.0,1.0,Unknown
LSM3,0.0,,1.0,1.0,Unknown
LSM4,0.0,,1.0,1.0,Unknown
LSM5,0.0,,1.0,1.0,Unknown
LSM6,0.0,,1.0,1.0,Unknown
LSM7,0.0,,1.0,1.0,Unknown
LSMEM1,0.0,,1.0,1.0,Unknown
LSMEM2,0.0,,1.0,1.0,Unknown
LRRK1,0.0,,1.0,1.0,Unknown
LRRK2,0.0,,1.0,1.0,Unknown
LRRN1,0.0,,1.0,1.0,Unknown
LRRN2,0.0,,1.0,1.0,Unknown
LRRN3,0.0,,1.0,1.0,Unknown
LRRN4,0.0,,1.0,1.0,Unknown
LRRN4CL,0.0,,1.0,1.0,Unknown
LRRTM1,0.0,,1.0,1.0,Unknown
LRRTM2,0.0,,1.0,1.0,Unknown
LRRTM3,0.0,,1.0,1.0,Unknown
LRRTM4,0.0,,1.0,1.0,Unknown
LRSAM1,0.0,,1.0,1.0,Unknown
LRTM1,0.0,,1.0,1.0,Unknown
LRTM2,0.0,,1.0,1.0,Unknown
LRTOMT,0.0,,1.0,1.0,Unknown
LRWD1,0.0,,1.0,1.0,Unknown
LRRC71,0.0,,1.0,1.0,Unknown
LRRC72,0.0,,1.0,1.0,Unknown
LRRC73,0.0,,1.0,1.0,Unknown
LRRC8A,0.0,,1.0,1.0,Unknown
LRRC8B,0.0,,1.0,1.0,Unknown
LRRC8C,0.0,,1.0,1.0,Unknown
LRRC8D,0.0,,1.0,1.0,Unknown
LRRC8E,0.0,,1.0,1.0,Unknown
LRRC9,0.0,,1.0,1.0,Unknown
LRRCC1,0.0,,1.0,1.0,Unknown
LRRD1,0.0,,1.0,1.0,Unknown
LRRFIP1,0.0,,1.0,1.0,Unknown
LRRFIP2,0.0,,1.0,1.0,Unknown
LRRIQ1,0.0,,1.0,1.0,Unknown
LRRIQ3,0.0,,1.0,1.0,Unknown
LRRIQ4,0.0,,1.0,1.0,Unknown
LRRC47,0.0,,1.0,1.0,Unknown
LRRC49,0.0,,1.0,1.0,Unknown
LRRC4B,0.0,,1.0,1.0,Unknown
LRRC4C,0.0,,1.0,1.0,Unknown
LRRC52,0.0,,1.0,1.0,Unknown
LRRC55,0.0,,1.0,1.0,Unknown
LRRC56,0.0,,1.0,1.0,Unknown
LRRC57,0.0,,1.0,1.0,Unknown
LRRC58,0.0,,1.0,1.0,Unknown
LRRC59,0.0,,1.0,1.0,Unknown
LRRC6,0.0,,1.0,1.0,Unknown
LRRC61,0.0,,1.0,1.0,Unknown
LRRC66,0.0,,1.0,1.0,Unknown
LRRC69,0.0,,1.0,1.0,Unknown
LRRC7,0.0,,1.0,1.0,Unknown
LRRC70,0.0,,1.0,1.0,Unknown
LRRC37A4P,0.0,,1.0,1.0,Unknown
LRRC37A5P,0.0,,1.0,1.0,Unknown
LRRC37A6P,0.0,,1.0,1.0,Unknown
LRRC37B,0.0,,1.0,1.0,Unknown
LRRC37BP1,0.0,,1.0,1.0,Unknown
LRRC38,0.0,,1.0,1.0,Unknown
LRRC39,0.0,,1.0,1.0,Unknown
LRRC3B,0.0,,1.0,1.0,Unknown
LRRC3C,0.0,,1.0,1.0,Unknown
LRRC4,0.0,,1.0,1.0,Unknown
LRRC40,0.0,,1.0,1.0,Unknown
LRRC41,0.0,,1.0,1.0,Unknown
LRRC42,0.0,,1.0,1.0,Unknown
LRRC43,0.0,,1.0,1.0,Unknown
LRRC45,0.0,,1.0,1.0,Unknown
LRRC46,0.0,,1.0,1.0,Unknown
LRRC25,0.0,,1.0,1.0,Unknown
LRRC26,0.0,,1.0,1.0,Unknown
LRRC27,0.0,,1.0,1.0,Unknown
LRRC28,0.0,,1.0,1.0,Unknown
LRRC29,0.0,,1.0,1.0,Unknown
LRRC3,0.0,,1.0,1.0,Unknown
LRRC3-AS1,0.0,,1.0,1.0,Unknown
LRRC30,0.0,,1.0,1.0,Unknown
LRRC31,0.0,,1.0,1.0,Unknown
LRRC32,0.0,,1.0,1.0,Unknown
LRRC34,0.0,,1.0,1.0,Unknown
LRRC36,0.0,,1.0,1.0,Unknown
LRRC37A,0.0,,1.0,1.0,Unknown
LRRC37A11P,0.0,,1.0,1.0,Unknown
LRRC37A2,0.0,,1.0,1.0,Unknown
LRRC37A3,0.0,,1.0,1.0,Unknown
LRPPRC,0.0,,1.0,1.0,Unknown
LRR1,0.0,,1.0,1.0,Unknown
LRRC1,0.0,,1.0,1.0,Unknown
LRRC10,0.0,,1.0,1.0,Unknown
LRRC10B,0.0,,1.0,1.0,Unknown
LRRC14,0.0,,1.0,1.0,Unknown
LRRC14B,0.0,,1.0,1.0,Unknown
LRRC15,0.0,,1.0,1.0,Unknown
LRRC17,0.0,,1.0,1.0,Unknown
LRRC18,0.0,,1.0,1.0,Unknown
LRRC19,0.0,,1.0,1.0,Unknown
LRRC2,0.0,,1.0,1.0,Unknown
LRRC2-AS1,0.0,,1.0,1.0,Unknown
LRRC20,0.0,,1.0,1.0,Unknown
LRRC23,0.0,,1.0,1.0,Unknown
LRRC24,0.0,,1.0,1.0,Unknown
LRMP,0.0,,1.0,1.0,Unknown
LRP1,0.0,,1.0,1.0,Unknown
LRP10,0.0,,1.0,1.0,Unknown
LRP11,0.0,,1.0,1.0,Unknown
LRP12,0.0,,1.0,1.0,Unknown
LRP1B,0.0,,1.0,1.0,Unknown
LRP2,0.0,,1.0,1.0,Unknown
LRP2BP,0.0,,1.0,1.0,Unknown
LRP3,0.0,,1.0,1.0,Unknown
LRP4,0.0,,1.0,1.0,Unknown
LRP4-AS1,0.0,,1.0,1.0,Unknown
LRP5,0.0,,1.0,1.0,Unknown
LRP5L,0.0,,1.0,1.0,Unknown
LRP6,0.0,,1.0,1.0,Unknown
LRP8,0.0,,1.0,1.0,Unknown
LRPAP1,0.0,,1.0,1.0,Unknown
LRCH4,0.0,,1.0,1.0,Unknown
LRCOL1,0.0,,1.0,1.0,Unknown
LRFN1,0.0,,1.0,1.0,Unknown
LRFN2,0.0,,1.0,1.0,Unknown
LRFN3,0.0,,1.0,1.0,Unknown
LRFN4,0.0,,1.0,1.0,Unknown
LRFN5,0.0,,1.0,1.0,Unknown
LRG1,0.0,,1.0,1.0,Unknown
LRGUK,0.0,,1.0,1.0,Unknown
LRIF1,0.0,,1.0,1.0,Unknown
LRIG1,0.0,,1.0,1.0,Unknown
LRIG2,0.0,,1.0,1.0,Unknown
LRIG3,0.0,,1.0,1.0,Unknown
LRIT1,0.0,,1.0,1.0,Unknown
LRIT2,0.0,,1.0,1.0,Unknown
LRIT3,0.0,,1.0,1.0,Unknown
LPCAT3,0.0,,1.0,1.0,Unknown
LPCAT4,0.0,,1.0,1.0,Unknown
LPGAT1,0.0,,1.0,1.0,Unknown
LPIN1,0.0,,1.0,1.0,Unknown
LPIN2,0.0,,1.0,1.0,Unknown
LPIN3,0.0,,1.0,1.0,Unknown
LPL,0.0,,1.0,1.0,Unknown
LPO,0.0,,1.0,1.0,Unknown
LPP,0.0,,1.0,1.0,Unknown
LPP-AS2,0.0,,1.0,1.0,Unknown
LPXN,0.0,,1.0,1.0,Unknown
LRAT,0.0,,1.0,1.0,Unknown
LRBA,0.0,,1.0,1.0,Unknown
LRCH1,0.0,,1.0,1.0,Unknown
LRCH2,0.0,,1.0,1.0,Unknown
LRCH3,0.0,,1.0,1.0,Unknown
LOXHD1,0.0,,1.0,1.0,Unknown
LOXL1,0.0,,1.0,1.0,Unknown
LOXL1-AS1,0.0,,1.0,1.0,Unknown
LOXL2,0.0,,1.0,1.0,Unknown
LOXL3,0.0,,1.0,1.0,Unknown
LOXL4,0.0,,1.0,1.0,Unknown
LPA,0.0,,1.0,1.0,Unknown
LPAL2,0.0,,1.0,1.0,Unknown
LPAR1,0.0,,1.0,1.0,Unknown
LPAR2,0.0,,1.0,1.0,Unknown
LPAR3,0.0,,1.0,1.0,Unknown
LPAR4,0.0,,1.0,1.0,Unknown
LPAR5,0.0,,1.0,1.0,Unknown
LPAR6,0.0,,1.0,1.0,Unknown
LPCAT1,0.0,,1.0,1.0,Unknown
LPCAT2,0.0,,1.0,1.0,Unknown
LMX1A,0.0,,1.0,1.0,Unknown
LMX1B,0.0,,1.0,1.0,Unknown
LNP1,0.0,,1.0,1.0,Unknown
LNPEP,0.0,,1.0,1.0,Unknown
LNX1,0.0,,1.0,1.0,Unknown
LNX1-AS1,0.0,,1.0,1.0,Unknown
LNX1-AS2,0.0,,1.0,1.0,Unknown
LNX2,0.0,,1.0,1.0,Unknown
LOH12CR2,0.0,,1.0,1.0,Unknown
LONP1,0.0,,1.0,1.0,Unknown
LONP2,0.0,,1.0,1.0,Unknown
LONRF1,0.0,,1.0,1.0,Unknown
LONRF2,0.0,,1.0,1.0,Unknown
LONRF3,0.0,,1.0,1.0,Unknown
LOR,0.0,,1.0,1.0,Unknown
LOX,0.0,,1.0,1.0,Unknown
LMF1,0.0,,1.0,1.0,Unknown
LMF2,0.0,,1.0,1.0,Unknown
LMLN,0.0,,1.0,1.0,Unknown
LMNA,0.0,,1.0,1.0,Unknown
LMNB1,0.0,,1.0,1.0,Unknown
LMNB2,0.0,,1.0,1.0,Unknown
LMO1,0.0,,1.0,1.0,Unknown
LMO2,0.0,,1.0,1.0,Unknown
LMO3,0.0,,1.0,1.0,Unknown
LMO4,0.0,,1.0,1.0,Unknown
LMO7,0.0,,1.0,1.0,Unknown
LMOD1,0.0,,1.0,1.0,Unknown
LMOD2,0.0,,1.0,1.0,Unknown
LMOD3,0.0,,1.0,1.0,Unknown
LMTK2,0.0,,1.0,1.0,Unknown
LMTK3,0.0,,1.0,1.0,Unknown
LITAF,0.0,,1.0,1.0,Unknown
LIX1,0.0,,1.0,1.0,Unknown
LIX1L,0.0,,1.0,1.0,Unknown
LLGL1,0.0,,1.0,1.0,Unknown
LLGL2,0.0,,1.0,1.0,Unknown
LLPH,0.0,,1.0,1.0,Unknown
LMAN1,0.0,,1.0,1.0,Unknown
LMAN1L,0.0,,1.0,1.0,Unknown
LMAN2,0.0,,1.0,1.0,Unknown
LMAN2L,0.0,,1.0,1.0,Unknown
LMBR1,0.0,,1.0,1.0,Unknown
LMBR1L,0.0,,1.0,1.0,Unknown
LMBRD1,0.0,,1.0,1.0,Unknown
LMBRD2,0.0,,1.0,1.0,Unknown
LMCD1,0.0,,1.0,1.0,Unknown
LMCD1-AS1,0.0,,1.0,1.0,Unknown
LINGO3,0.0,,1.0,1.0,Unknown
LINGO4,0.0,,1.0,1.0,Unknown
LIPA,0.0,,1.0,1.0,Unknown
LIPC,0.0,,1.0,1.0,Unknown
LIPE,0.0,,1.0,1.0,Unknown
LIPE-AS1,0.0,,1.0,1.0,Unknown
LIPF,0.0,,1.0,1.0,Unknown
LIPG,0.0,,1.0,1.0,Unknown
LIPH,0.0,,1.0,1.0,Unknown
LIPI,0.0,,1.0,1.0,Unknown
LIPJ,0.0,,1.0,1.0,Unknown
LIPK,0.0,,1.0,1.0,Unknown
LIPM,0.0,,1.0,1.0,Unknown
LIPN,0.0,,1.0,1.0,Unknown
LIPT1,0.0,,1.0,1.0,Unknown
LIPT2,0.0,,1.0,1.0,Unknown
LINC00944,0.0,,1.0,1.0,Unknown
LINC00951,0.0,,1.0,1.0,Unknown
LINC00954,0.0,,1.0,1.0,Unknown
LINC00955,0.0,,1.0,1.0,Unknown
LINC00957,0.0,,1.0,1.0,Unknown
LINC00958,0.0,,1.0,1.0,Unknown
LINC00959,0.0,,1.0,1.0,Unknown
LINC00960,0.0,,1.0,1.0,Unknown
LINC00963,0.0,,1.0,1.0,Unknown
LINC00964,0.0,,1.0,1.0,Unknown
LINC00967,0.0,,1.0,1.0,Unknown
LINC00968,0.0,,1.0,1.0,Unknown
LINC00971,0.0,,1.0,1.0,Unknown
LINC00974,0.0,,1.0,1.0,Unknown
LINGO1,0.0,,1.0,1.0,Unknown
LINGO2,0.0,,1.0,1.0,Unknown
LINC00921,0.0,,1.0,1.0,Unknown
LINC00922,0.0,,1.0,1.0,Unknown
LINC00923,0.0,,1.0,1.0,Unknown
LINC00924,0.0,,1.0,1.0,Unknown
LINC00926,0.0,,1.0,1.0,Unknown
LINC00927,0.0,,1.0,1.0,Unknown
LINC00928,0.0,,1.0,1.0,Unknown
LINC00929,0.0,,1.0,1.0,Unknown
LINC00930,0.0,,1.0,1.0,Unknown
LINC00933,0.0,,1.0,1.0,Unknown
LINC00937,0.0,,1.0,1.0,Unknown
LINC00939,0.0,,1.0,1.0,Unknown
LINC00940,0.0,,1.0,1.0,Unknown
LINC00941,0.0,,1.0,1.0,Unknown
LINC00942,0.0,,1.0,1.0,Unknown
LINC00943,0.0,,1.0,1.0,Unknown
LINC00895,0.0,,1.0,1.0,Unknown
LINC00896,0.0,,1.0,1.0,Unknown
LINC00898,0.0,,1.0,1.0,Unknown
LINC00899,0.0,,1.0,1.0,Unknown
LINC00900,0.0,,1.0,1.0,Unknown
LINC00904,0.0,,1.0,1.0,Unknown
LINC00905,0.0,,1.0,1.0,Unknown
LINC00906,0.0,,1.0,1.0,Unknown
LINC00907,0.0,,1.0,1.0,Unknown
LINC00908,0.0,,1.0,1.0,Unknown
LINC00909,0.0,,1.0,1.0,Unknown
LINC00910,0.0,,1.0,1.0,Unknown
LINC00911,0.0,,1.0,1.0,Unknown
LINC00917,0.0,,1.0,1.0,Unknown
LINC00919,0.0,,1.0,1.0,Unknown
LINC00920,0.0,,1.0,1.0,Unknown
LINC00869,0.0,,1.0,1.0,Unknown
LINC00870,0.0,,1.0,1.0,Unknown
LINC00871,0.0,,1.0,1.0,Unknown
LINC00879,0.0,,1.0,1.0,Unknown
LINC00880,0.0,,1.0,1.0,Unknown
LINC00881,0.0,,1.0,1.0,Unknown
LINC00882,0.0,,1.0,1.0,Unknown
LINC00884,0.0,,1.0,1.0,Unknown
LINC00885,0.0,,1.0,1.0,Unknown
LINC00886,0.0,,1.0,1.0,Unknown
LINC00887,0.0,,1.0,1.0,Unknown
LINC00888,0.0,,1.0,1.0,Unknown
LINC00890,0.0,,1.0,1.0,Unknown
LINC00892,0.0,,1.0,1.0,Unknown
LINC00893,0.0,,1.0,1.0,Unknown
LINC00894,0.0,,1.0,1.0,Unknown
LINC00838,0.0,,1.0,1.0,Unknown
LINC00839,0.0,,1.0,1.0,Unknown
LINC00840,0.0,,1.0,1.0,Unknown
LINC00841,0.0,,1.0,1.0,Unknown
LINC00847,0.0,,1.0,1.0,Unknown
LINC00851,0.0,,1.0,1.0,Unknown
LINC00852,0.0,,1.0,1.0,Unknown
LINC00853,0.0,,1.0,1.0,Unknown
LINC00854,0.0,,1.0,1.0,Unknown
LINC00856,0.0,,1.0,1.0,Unknown
LINC00857,0.0,,1.0,1.0,Unknown
LINC00858,0.0,,1.0,1.0,Unknown
LINC00861,0.0,,1.0,1.0,Unknown
LINC00862,0.0,,1.0,1.0,Unknown
LINC00864,0.0,,1.0,1.0,Unknown
LINC00865,0.0,,1.0,1.0,Unknown
LINC00674,0.0,,1.0,1.0,Unknown
LINC00675,0.0,,1.0,1.0,Unknown
LINC00678,0.0,,1.0,1.0,Unknown
LINC00681,0.0,,1.0,1.0,Unknown
LINC00685,0.0,,1.0,1.0,Unknown
LINC00689,0.0,,1.0,1.0,Unknown
LINC00691,0.0,,1.0,1.0,Unknown
LINC00692,0.0,,1.0,1.0,Unknown
LINC00698,0.0,,1.0,1.0,Unknown
LINC00700,0.0,,1.0,1.0,Unknown
LINC00701,0.0,,1.0,1.0,Unknown
LINC00704,0.0,,1.0,1.0,Unknown
LINC00705,0.0,,1.0,1.0,Unknown
LINC00707,0.0,,1.0,1.0,Unknown
LINC00710,0.0,,1.0,1.0,Unknown
LINC00837,0.0,,1.0,1.0,Unknown
LINC00649,0.0,,1.0,1.0,Unknown
LINC00652,0.0,,1.0,1.0,Unknown
LINC00654,0.0,,1.0,1.0,Unknown
LINC00656,0.0,,1.0,1.0,Unknown
LINC00658,0.0,,1.0,1.0,Unknown
LINC00659,0.0,,1.0,1.0,Unknown
LINC00661,0.0,,1.0,1.0,Unknown
LINC00662,0.0,,1.0,1.0,Unknown
LINC00663,0.0,,1.0,1.0,Unknown
LINC00664,0.0,,1.0,1.0,Unknown
LINC00665,0.0,,1.0,1.0,Unknown
LINC00667,0.0,,1.0,1.0,Unknown
LINC00668,0.0,,1.0,1.0,Unknown
LINC00670,0.0,,1.0,1.0,Unknown
LINC00671,0.0,,1.0,1.0,Unknown
LINC00672,0.0,,1.0,1.0,Unknown
LINC00629,0.0,,1.0,1.0,Unknown
LINC00630,0.0,,1.0,1.0,Unknown
LINC00632,0.0,,1.0,1.0,Unknown
LINC00633,0.0,,1.0,1.0,Unknown
LINC00634,0.0,,1.0,1.0,Unknown
LINC00635,0.0,,1.0,1.0,Unknown
LINC00636,0.0,,1.0,1.0,Unknown
LINC00637,0.0,,1.0,1.0,Unknown
LINC00638,0.0,,1.0,1.0,Unknown
LINC00639,0.0,,1.0,1.0,Unknown
LINC00640,0.0,,1.0,1.0,Unknown
LINC00641,0.0,,1.0,1.0,Unknown
LINC00642,0.0,,1.0,1.0,Unknown
LINC00643,0.0,,1.0,1.0,Unknown
LINC00645,0.0,,1.0,1.0,Unknown
LINC00648,0.0,,1.0,1.0,Unknown
LINC00602,0.0,,1.0,1.0,Unknown
LINC00605,0.0,,1.0,1.0,Unknown
LINC00606,0.0,,1.0,1.0,Unknown
LINC00607,0.0,,1.0,1.0,Unknown
LINC00608,0.0,,1.0,1.0,Unknown
LINC00609,0.0,,1.0,1.0,Unknown
LINC00612,0.0,,1.0,1.0,Unknown
LINC00615,0.0,,1.0,1.0,Unknown
LINC00616,0.0,,1.0,1.0,Unknown
LINC00619,0.0,,1.0,1.0,Unknown
LINC00620,0.0,,1.0,1.0,Unknown
LINC00622,0.0,,1.0,1.0,Unknown
LINC00623,0.0,,1.0,1.0,Unknown
LINC00624,0.0,,1.0,1.0,Unknown
LINC00626,0.0,,1.0,1.0,Unknown
LINC00628,0.0,,1.0,1.0,Unknown
LINC00565,0.0,,1.0,1.0,Unknown
LINC00570,0.0,,1.0,1.0,Unknown
LINC00571,0.0,,1.0,1.0,Unknown
LINC00574,0.0,,1.0,1.0,Unknown
LINC00575,0.0,,1.0,1.0,Unknown
LINC00578,0.0,,1.0,1.0,Unknown
LINC00582,0.0,,1.0,1.0,Unknown
LINC00583,0.0,,1.0,1.0,Unknown
LINC00588,0.0,,1.0,1.0,Unknown
LINC00589,0.0,,1.0,1.0,Unknown
LINC00592,0.0,,1.0,1.0,Unknown
LINC00593,0.0,,1.0,1.0,Unknown
LINC00595,0.0,,1.0,1.0,Unknown
LINC00598,0.0,,1.0,1.0,Unknown
LINC00599,0.0,,1.0,1.0,Unknown
LINC00601,0.0,,1.0,1.0,Unknown
LINC00523,0.0,,1.0,1.0,Unknown
LINC00525,0.0,,1.0,1.0,Unknown
LINC00526,0.0,,1.0,1.0,Unknown
LINC00528,0.0,,1.0,1.0,Unknown
LINC00534,0.0,,1.0,1.0,Unknown
LINC00535,0.0,,1.0,1.0,Unknown
LINC00536,0.0,,1.0,1.0,Unknown
LINC00538,0.0,,1.0,1.0,Unknown
LINC00544,0.0,,1.0,1.0,Unknown
LINC00547,0.0,,1.0,1.0,Unknown
LINC00550,0.0,,1.0,1.0,Unknown
LINC00551,0.0,,1.0,1.0,Unknown
LINC00552,0.0,,1.0,1.0,Unknown
LINC00558,0.0,,1.0,1.0,Unknown
LINC00559,0.0,,1.0,1.0,Unknown
LINC00563,0.0,,1.0,1.0,Unknown
LINC00483,0.0,,1.0,1.0,Unknown
LINC00485,0.0,,1.0,1.0,Unknown
LINC00486,0.0,,1.0,1.0,Unknown
LINC00487,0.0,,1.0,1.0,Unknown
LINC00488,0.0,,1.0,1.0,Unknown
LINC00489,0.0,,1.0,1.0,Unknown
LINC00491,0.0,,1.0,1.0,Unknown
LINC00494,0.0,,1.0,1.0,Unknown
LINC00499,0.0,,1.0,1.0,Unknown
LINC00502,0.0,,1.0,1.0,Unknown
LINC00507,0.0,,1.0,1.0,Unknown
LINC00511,0.0,,1.0,1.0,Unknown
LINC00514,0.0,,1.0,1.0,Unknown
LINC00518,0.0,,1.0,1.0,Unknown
LINC00520,0.0,,1.0,1.0,Unknown
LINC00521,0.0,,1.0,1.0,Unknown
LINC00460,0.0,,1.0,1.0,Unknown
LINC00461,0.0,,1.0,1.0,Unknown
LINC00462,0.0,,1.0,1.0,Unknown
LINC00466,0.0,,1.0,1.0,Unknown
LINC00467,0.0,,1.0,1.0,Unknown
LINC00469,0.0,,1.0,1.0,Unknown
LINC00470,0.0,,1.0,1.0,Unknown
LINC00471,0.0,,1.0,1.0,Unknown
LINC00472,0.0,,1.0,1.0,Unknown
LINC00473,0.0,,1.0,1.0,Unknown
LINC00474,0.0,,1.0,1.0,Unknown
LINC00475,0.0,,1.0,1.0,Unknown
LINC00476,0.0,,1.0,1.0,Unknown
LINC00477,0.0,,1.0,1.0,Unknown
LINC00479,0.0,,1.0,1.0,Unknown
LINC00482,0.0,,1.0,1.0,Unknown
LINC00371,0.0,,1.0,1.0,Unknown
LINC00379,0.0,,1.0,1.0,Unknown
LINC00381,0.0,,1.0,1.0,Unknown
LINC00395,0.0,,1.0,1.0,Unknown
LINC00398,0.0,,1.0,1.0,Unknown
LINC00410,0.0,,1.0,1.0,Unknown
LINC00421,0.0,,1.0,1.0,Unknown
LINC00423,0.0,,1.0,1.0,Unknown
LINC00424,0.0,,1.0,1.0,Unknown
LINC00426,0.0,,1.0,1.0,Unknown
LINC00433,0.0,,1.0,1.0,Unknown
LINC00441,0.0,,1.0,1.0,Unknown
LINC00442,0.0,,1.0,1.0,Unknown
LINC00443,0.0,,1.0,1.0,Unknown
LINC00446,0.0,,1.0,1.0,Unknown
LINC00457,0.0,,1.0,1.0,Unknown
LINC00330,0.0,,1.0,1.0,Unknown
LINC00331,0.0,,1.0,1.0,Unknown
LINC00332,0.0,,1.0,1.0,Unknown
LINC00333,0.0,,1.0,1.0,Unknown
LINC00336,0.0,,1.0,1.0,Unknown
LINC00337,0.0,,1.0,1.0,Unknown
LINC00339,0.0,,1.0,1.0,Unknown
LINC00342,0.0,,1.0,1.0,Unknown
LINC00343,0.0,,1.0,1.0,Unknown
LINC00346,0.0,,1.0,1.0,Unknown
LINC00347,0.0,,1.0,1.0,Unknown
LINC00348,0.0,,1.0,1.0,Unknown
LINC00351,0.0,,1.0,1.0,Unknown
LINC00353,0.0,,1.0,1.0,Unknown
LINC00359,0.0,,1.0,1.0,Unknown
LINC00366,0.0,,1.0,1.0,Unknown
LINC00305,0.0,,1.0,1.0,Unknown
LINC00307,0.0,,1.0,1.0,Unknown
LINC00308,0.0,,1.0,1.0,Unknown
LINC00309,0.0,,1.0,1.0,Unknown
LINC00310,0.0,,1.0,1.0,Unknown
LINC00311,0.0,,1.0,1.0,Unknown
LINC00313,0.0,,1.0,1.0,Unknown
LINC00314,0.0,,1.0,1.0,Unknown
LINC00317,0.0,,1.0,1.0,Unknown
LINC00319,0.0,,1.0,1.0,Unknown
LINC00320,0.0,,1.0,1.0,Unknown
LINC00322,0.0,,1.0,1.0,Unknown
LINC00323,0.0,,1.0,1.0,Unknown
LINC00324,0.0,,1.0,1.0,Unknown
LINC00326,0.0,,1.0,1.0,Unknown
LINC00327,0.0,,1.0,1.0,Unknown
LINC00266-1,0.0,,1.0,1.0,Unknown
LINC00269,0.0,,1.0,1.0,Unknown
LINC00271,0.0,,1.0,1.0,Unknown
LINC00272,0.0,,1.0,1.0,Unknown
LINC00273,0.0,,1.0,1.0,Unknown
LINC00278,0.0,,1.0,1.0,Unknown
LINC00282,0.0,,1.0,1.0,Unknown
LINC00284,0.0,,1.0,1.0,Unknown
LINC00290,0.0,,1.0,1.0,Unknown
LINC00293,0.0,,1.0,1.0,Unknown
LINC00294,0.0,,1.0,1.0,Unknown
LINC00297,0.0,,1.0,1.0,Unknown
LINC00299,0.0,,1.0,1.0,Unknown
LINC00301,0.0,,1.0,1.0,Unknown
LINC00303,0.0,,1.0,1.0,Unknown
LINC00304,0.0,,1.0,1.0,Unknown
LINC00200,0.0,,1.0,1.0,Unknown
LINC00207,0.0,,1.0,1.0,Unknown
LINC00208,0.0,,1.0,1.0,Unknown
LINC00210,0.0,,1.0,1.0,Unknown
LINC00221,0.0,,1.0,1.0,Unknown
LINC00222,0.0,,1.0,1.0,Unknown
LINC00226,0.0,,1.0,1.0,Unknown
LINC00229,0.0,,1.0,1.0,Unknown
LINC00238,0.0,,1.0,1.0,Unknown
LINC00239,0.0,,1.0,1.0,Unknown
LINC00240,0.0,,1.0,1.0,Unknown
LINC00242,0.0,,1.0,1.0,Unknown
LINC00244,0.0,,1.0,1.0,Unknown
LINC00251,0.0,,1.0,1.0,Unknown
LINC00261,0.0,,1.0,1.0,Unknown
LINC00265,0.0,,1.0,1.0,Unknown
LINC00111,0.0,,1.0,1.0,Unknown
LINC00112,0.0,,1.0,1.0,Unknown
LINC00113,0.0,,1.0,1.0,Unknown
LINC00114,0.0,,1.0,1.0,Unknown
LINC00115,0.0,,1.0,1.0,Unknown
LINC00116,0.0,,1.0,1.0,Unknown
LINC00158,0.0,,1.0,1.0,Unknown
LINC00159,0.0,,1.0,1.0,Unknown
LINC00160,0.0,,1.0,1.0,Unknown
LINC00161,0.0,,1.0,1.0,Unknown
LINC00163,0.0,,1.0,1.0,Unknown
LINC00167,0.0,,1.0,1.0,Unknown
LINC00173,0.0,,1.0,1.0,Unknown
LINC00174,0.0,,1.0,1.0,Unknown
LINC00184,0.0,,1.0,1.0,Unknown
LINC00189,0.0,,1.0,1.0,Unknown
LIN37,0.0,,1.0,1.0,Unknown
LIN52,0.0,,1.0,1.0,Unknown
LIN54,0.0,,1.0,1.0,Unknown
LIN7A,0.0,,1.0,1.0,Unknown
LIN7B,0.0,,1.0,1.0,Unknown
LIN7C,0.0,,1.0,1.0,Unknown
LIN9,0.0,,1.0,1.0,Unknown
LINC-ROR,0.0,,1.0,1.0,Unknown
LINC00028,0.0,,1.0,1.0,Unknown
LINC00029,0.0,,1.0,1.0,Unknown
LINC00032,0.0,,1.0,1.0,Unknown
LINC00051,0.0,,1.0,1.0,Unknown
LINC00052,0.0,,1.0,1.0,Unknown
LINC00092,0.0,,1.0,1.0,Unknown
LINC00094,0.0,,1.0,1.0,Unknown
LINC00102,0.0,,1.0,1.0,Unknown
LILRB5,0.0,,1.0,1.0,Unknown
LILRP2,0.0,,1.0,1.0,Unknown
LIM2,0.0,,1.0,1.0,Unknown
LIMA1,0.0,,1.0,1.0,Unknown
LIMCH1,0.0,,1.0,1.0,Unknown
LIMD1,0.0,,1.0,1.0,Unknown
LIMD1-AS1,0.0,,1.0,1.0,Unknown
LIMD2,0.0,,1.0,1.0,Unknown
LIME1,0.0,,1.0,1.0,Unknown
LIMK1,0.0,,1.0,1.0,Unknown
LIMK2,0.0,,1.0,1.0,Unknown
LIMS1,0.0,,1.0,1.0,Unknown
LIMS2,0.0,,1.0,1.0,Unknown
LIMS3,0.0,,1.0,1.0,Unknown
LIN28A,0.0,,1.0,1.0,Unknown
LIN28B,0.0,,1.0,1.0,Unknown
LIF,0.0,,1.0,1.0,Unknown
LIFR,0.0,,1.0,1.0,Unknown
LIFR-AS1,0.0,,1.0,1.0,Unknown
LIG1,0.0,,1.0,1.0,Unknown
LIG3,0.0,,1.0,1.0,Unknown
LIG4,0.0,,1.0,1.0,Unknown
LILRA1,0.0,,1.0,1.0,Unknown
LILRA2,0.0,,1.0,1.0,Unknown
LILRA3,0.0,,1.0,1.0,Unknown
LILRA4,0.0,,1.0,1.0,Unknown
LILRA5,0.0,,1.0,1.0,Unknown
LILRA6,0.0,,1.0,1.0,Unknown
LILRB1,0.0,,1.0,1.0,Unknown
LILRB2,0.0,,1.0,1.0,Unknown
LILRB3,0.0,,1.0,1.0,Unknown
LILRB4,0.0,,1.0,1.0,Unknown
LHFPL2,0.0,,1.0,1.0,Unknown
LHFPL3,0.0,,1.0,1.0,Unknown
LHFPL3-AS1,0.0,,1.0,1.0,Unknown
LHFPL3-AS2,0.0,,1.0,1.0,Unknown
LHFPL4,0.0,,1.0,1.0,Unknown
LHFPL5,0.0,,1.0,1.0,Unknown
LHPP,0.0,,1.0,1.0,Unknown
LHX1,0.0,,1.0,1.0,Unknown
LHX2,0.0,,1.0,1.0,Unknown
LHX3,0.0,,1.0,1.0,Unknown
LHX4,0.0,,1.0,1.0,Unknown
LHX5,0.0,,1.0,1.0,Unknown
LHX6,0.0,,1.0,1.0,Unknown
LHX8,0.0,,1.0,1.0,Unknown
LHX9,0.0,,1.0,1.0,Unknown
LIAS,0.0,,1.0,1.0,Unknown
LGALS9B,0.0,,1.0,1.0,Unknown
LGALS9C,0.0,,1.0,1.0,Unknown
LGALSL,0.0,,1.0,1.0,Unknown
LGI1,0.0,,1.0,1.0,Unknown
LGI2,0.0,,1.0,1.0,Unknown
LGI3,0.0,,1.0,1.0,Unknown
LGI4,0.0,,1.0,1.0,Unknown
LGMN,0.0,,1.0,1.0,Unknown
LGR4,0.0,,1.0,1.0,Unknown
LGR5,0.0,,1.0,1.0,Unknown
LGR6,0.0,,1.0,1.0,Unknown
LGSN,0.0,,1.0,1.0,Unknown
LHB,0.0,,1.0,1.0,Unknown
LHCGR,0.0,,1.0,1.0,Unknown
LHFP,0.0,,1.0,1.0,Unknown
LHFPL1,0.0,,1.0,1.0,Unknown
LEUTX,0.0,,1.0,1.0,Unknown
LFNG,0.0,,1.0,1.0,Unknown
LGALS1,0.0,,1.0,1.0,Unknown
LGALS12,0.0,,1.0,1.0,Unknown
LGALS13,0.0,,1.0,1.0,Unknown
LGALS14,0.0,,1.0,1.0,Unknown
LGALS16,0.0,,1.0,1.0,Unknown
LGALS2,0.0,,1.0,1.0,Unknown
LGALS3,0.0,,1.0,1.0,Unknown
LGALS3BP,0.0,,1.0,1.0,Unknown
LGALS4,0.0,,1.0,1.0,Unknown
LGALS7,0.0,,1.0,1.0,Unknown
LGALS7B,0.0,,1.0,1.0,Unknown
LGALS8,0.0,,1.0,1.0,Unknown
LGALS8-AS1,0.0,,1.0,1.0,Unknown
LGALS9,0.0,,1.0,1.0,Unknown
LEMD1,0.0,,1.0,1.0,Unknown
LEMD1-AS1,0.0,,1.0,1.0,Unknown
LEMD2,0.0,,1.0,1.0,Unknown
LEMD3,0.0,,1.0,1.0,Unknown
LENEP,0.0,,1.0,1.0,Unknown
LENG1,0.0,,1.0,1.0,Unknown
LENG8,0.0,,1.0,1.0,Unknown
LENG9,0.0,,1.0,1.0,Unknown
LEO1,0.0,,1.0,1.0,Unknown
LEP,0.0,,1.0,1.0,Unknown
LEPR,0.0,,1.0,1.0,Unknown
LEPROT,0.0,,1.0,1.0,Unknown
LEPROTL1,0.0,,1.0,1.0,Unknown
LETM1,0.0,,1.0,1.0,Unknown
LETM2,0.0,,1.0,1.0,Unknown
LETMD1,0.0,,1.0,1.0,Unknown
LDLR,0.0,,1.0,1.0,Unknown
LDLRAD1,0.0,,1.0,1.0,Unknown
LDLRAD2,0.0,,1.0,1.0,Unknown
LDLRAD3,0.0,,1.0,1.0,Unknown
LDLRAD4,0.0,,1.0,1.0,Unknown
LDLRAD4-AS1,0.0,,1.0,1.0,Unknown
LDLRAP1,0.0,,1.0,1.0,Unknown
LDOC1,0.0,,1.0,1.0,Unknown
LEAP2,0.0,,1.0,1.0,Unknown
LECT2,0.0,,1.0,1.0,Unknown
LEF1,0.0,,1.0,1.0,Unknown
LEF1-AS1,0.0,,1.0,1.0,Unknown
LEFTY1,0.0,,1.0,1.0,Unknown
LEFTY2,0.0,,1.0,1.0,Unknown
LEKR1,0.0,,1.0,1.0,Unknown
LELP1,0.0,,1.0,1.0,Unknown
LCNL1,0.0,,1.0,1.0,Unknown
LCOR,0.0,,1.0,1.0,Unknown
LCORL,0.0,,1.0,1.0,Unknown
LCP1,0.0,,1.0,1.0,Unknown
LCP2,0.0,,1.0,1.0,Unknown
LCT,0.0,,1.0,1.0,Unknown
LCTL,0.0,,1.0,1.0,Unknown
LDB1,0.0,,1.0,1.0,Unknown
LDB2,0.0,,1.0,1.0,Unknown
LDB3,0.0,,1.0,1.0,Unknown
LDHA,0.0,,1.0,1.0,Unknown
LDHAL6A,0.0,,1.0,1.0,Unknown
LDHAL6B,0.0,,1.0,1.0,Unknown
LDHB,0.0,,1.0,1.0,Unknown
LDHC,0.0,,1.0,1.0,Unknown
LDHD,0.0,,1.0,1.0,Unknown
LCE3E,0.0,,1.0,1.0,Unknown
LCE4A,0.0,,1.0,1.0,Unknown
LCE5A,0.0,,1.0,1.0,Unknown
LCE6A,0.0,,1.0,1.0,Unknown
LCK,0.0,,1.0,1.0,Unknown
LCLAT1,0.0,,1.0,1.0,Unknown
LCMT1,0.0,,1.0,1.0,Unknown
LCMT2,0.0,,1.0,1.0,Unknown
LCN1,0.0,,1.0,1.0,Unknown
LCN10,0.0,,1.0,1.0,Unknown
LCN12,0.0,,1.0,1.0,Unknown
LCN15,0.0,,1.0,1.0,Unknown
LCN2,0.0,,1.0,1.0,Unknown
LCN6,0.0,,1.0,1.0,Unknown
LCN8,0.0,,1.0,1.0,Unknown
LCN9,0.0,,1.0,1.0,Unknown
LCA5L,0.0,,1.0,1.0,Unknown
LCAT,0.0,,1.0,1.0,Unknown
LCE1A,0.0,,1.0,1.0,Unknown
LCE1B,0.0,,1.0,1.0,Unknown
LCE1C,0.0,,1.0,1.0,Unknown
LCE1D,0.0,,1.0,1.0,Unknown
LCE1E,0.0,,1.0,1.0,Unknown
LCE1F,0.0,,1.0,1.0,Unknown
LCE2A,0.0,,1.0,1.0,Unknown
LCE2B,0.0,,1.0,1.0,Unknown
LCE2C,0.0,,1.0,1.0,Unknown
LCE2D,0.0,,1.0,1.0,Unknown
LCE3A,0.0,,1.0,1.0,Unknown
LCE3B,0.0,,1.0,1.0,Unknown
LCE3C,0.0,,1.0,1.0,Unknown
LCE3D,0.0,,1.0,1.0,Unknown
LAS1L,0.0,,1.0,1.0,Unknown
LASP1,0.0,,1.0,1.0,Unknown
LAT,0.0,,1.0,1.0,Unknown
LAT2,0.0,,1.0,1.0,Unknown
LATS1,0.0,,1.0,1.0,Unknown
LATS2,0.0,,1.0,1.0,Unknown
LAX1,0.0,,1.0,1.0,Unknown
LAYN,0.0,,1.0,1.0,Unknown
LBH,0.0,,1.0,1.0,Unknown
LBP,0.0,,1.0,1.0,Unknown
LBR,0.0,,1.0,1.0,Unknown
LBX1,0.0,,1.0,1.0,Unknown
LBX1-AS1,0.0,,1.0,1.0,Unknown
LBX2,0.0,,1.0,1.0,Unknown
LBX2-AS1,0.0,,1.0,1.0,Unknown
LCA5,0.0,,1.0,1.0,Unknown
LANCL2,0.0,,1.0,1.0,Unknown
LANCL3,0.0,,1.0,1.0,Unknown
LAP3,0.0,,1.0,1.0,Unknown
LAPTM4A,0.0,,1.0,1.0,Unknown
LAPTM4B,0.0,,1.0,1.0,Unknown
LAPTM5,0.0,,1.0,1.0,Unknown
LARGE-AS1,0.0,,1.0,1.0,Unknown
LARP1,0.0,,1.0,1.0,Unknown
LARP1B,0.0,,1.0,1.0,Unknown
LARP4,0.0,,1.0,1.0,Unknown
LARP4B,0.0,,1.0,1.0,Unknown
LARP6,0.0,,1.0,1.0,Unknown
LARP7,0.0,,1.0,1.0,Unknown
LARS,0.0,,1.0,1.0,Unknown
LARS2,0.0,,1.0,1.0,Unknown
LARS2-AS1,0.0,,1.0,1.0,Unknown
LAMB3,0.0,,1.0,1.0,Unknown
LAMB4,0.0,,1.0,1.0,Unknown
LAMC1,0.0,,1.0,1.0,Unknown
LAMC2,0.0,,1.0,1.0,Unknown
LAMC3,0.0,,1.0,1.0,Unknown
LAMP1,0.0,,1.0,1.0,Unknown
LAMP2,0.0,,1.0,1.0,Unknown
LAMP3,0.0,,1.0,1.0,Unknown
LAMP5,0.0,,1.0,1.0,Unknown
LAMTOR1,0.0,,1.0,1.0,Unknown
LAMTOR2,0.0,,1.0,1.0,Unknown
LAMTOR3,0.0,,1.0,1.0,Unknown
LAMTOR4,0.0,,1.0,1.0,Unknown
LAMTOR5,0.0,,1.0,1.0,Unknown
LAMTOR5-AS1,0.0,,1.0,1.0,Unknown
LANCL1,0.0,,1.0,1.0,Unknown
LACRT,0.0,,1.0,1.0,Unknown
LACTB,0.0,,1.0,1.0,Unknown
LACTB2,0.0,,1.0,1.0,Unknown
LAD1,0.0,,1.0,1.0,Unknown
LAG3,0.0,,1.0,1.0,Unknown
LAGE3,0.0,,1.0,1.0,Unknown
LAIR1,0.0,,1.0,1.0,Unknown
LAIR2,0.0,,1.0,1.0,Unknown
LALBA,0.0,,1.0,1.0,Unknown
LAMA1,0.0,,1.0,1.0,Unknown
LAMA2,0.0,,1.0,1.0,Unknown
LAMA3,0.0,,1.0,1.0,Unknown
LAMA4,0.0,,1.0,1.0,Unknown
LAMA5,0.0,,1.0,1.0,Unknown
LAMB1,0.0,,1.0,1.0,Unknown
LAMB2,0.0,,1.0,1.0,Unknown
KSR2,0.0,,1.0,1.0,Unknown
KTI12,0.0,,1.0,1.0,Unknown
KTN1,0.0,,1.0,1.0,Unknown
KTN1-AS1,0.0,,1.0,1.0,Unknown
KXD1,0.0,,1.0,1.0,Unknown
KY,0.0,,1.0,1.0,Unknown
KYNU,0.0,,1.0,1.0,Unknown
L1CAM,0.0,,1.0,1.0,Unknown
L1TD1,0.0,,1.0,1.0,Unknown
L2HGDH,0.0,,1.0,1.0,Unknown
L3HYPDH,0.0,,1.0,1.0,Unknown
L3MBTL1,0.0,,1.0,1.0,Unknown
L3MBTL2,0.0,,1.0,1.0,Unknown
L3MBTL3,0.0,,1.0,1.0,Unknown
L3MBTL4,0.0,,1.0,1.0,Unknown
LACC1,0.0,,1.0,1.0,Unknown
KRTAP6-2,0.0,,1.0,1.0,Unknown
KRTAP6-3,0.0,,1.0,1.0,Unknown
KRTAP7-1,0.0,,1.0,1.0,Unknown
KRTAP8-1,0.0,,1.0,1.0,Unknown
KRTAP9-1,0.0,,1.0,1.0,Unknown
KRTAP9-2,0.0,,1.0,1.0,Unknown
KRTAP9-3,0.0,,1.0,1.0,Unknown
KRTAP9-4,0.0,,1.0,1.0,Unknown
KRTAP9-6,0.0,,1.0,1.0,Unknown
KRTAP9-7,0.0,,1.0,1.0,Unknown
KRTAP9-8,0.0,,1.0,1.0,Unknown
KRTAP9-9,0.0,,1.0,1.0,Unknown
KRTCAP2,0.0,,1.0,1.0,Unknown
KRTCAP3,0.0,,1.0,1.0,Unknown
KRTDAP,0.0,,1.0,1.0,Unknown
KSR1,0.0,,1.0,1.0,Unknown
KRTAP4-7,0.0,,1.0,1.0,Unknown
KRTAP4-8,0.0,,1.0,1.0,Unknown
KRTAP4-9,0.0,,1.0,1.0,Unknown
KRTAP5-1,0.0,,1.0,1.0,Unknown
KRTAP5-10,0.0,,1.0,1.0,Unknown
KRTAP5-11,0.0,,1.0,1.0,Unknown
KRTAP5-2,0.0,,1.0,1.0,Unknown
KRTAP5-3,0.0,,1.0,1.0,Unknown
KRTAP5-4,0.0,,1.0,1.0,Unknown
KRTAP5-5,0.0,,1.0,1.0,Unknown
KRTAP5-6,0.0,,1.0,1.0,Unknown
KRTAP5-7,0.0,,1.0,1.0,Unknown
KRTAP5-8,0.0,,1.0,1.0,Unknown
KRTAP5-9,0.0,,1.0,1.0,Unknown
KRTAP5-AS1,0.0,,1.0,1.0,Unknown
KRTAP6-1,0.0,,1.0,1.0,Unknown
KRTAP24-1,0.0,,1.0,1.0,Unknown
KRTAP25-1,0.0,,1.0,1.0,Unknown
KRTAP26-1,0.0,,1.0,1.0,Unknown
KRTAP27-1,0.0,,1.0,1.0,Unknown
KRTAP29-1,0.0,,1.0,1.0,Unknown
KRTAP3-1,0.0,,1.0,1.0,Unknown
KRTAP3-2,0.0,,1.0,1.0,Unknown
KRTAP3-3,0.0,,1.0,1.0,Unknown
KRTAP4-1,0.0,,1.0,1.0,Unknown
KRTAP4-11,0.0,,1.0,1.0,Unknown
KRTAP4-12,0.0,,1.0,1.0,Unknown
KRTAP4-2,0.0,,1.0,1.0,Unknown
KRTAP4-3,0.0,,1.0,1.0,Unknown
KRTAP4-4,0.0,,1.0,1.0,Unknown
KRTAP4-5,0.0,,1.0,1.0,Unknown
KRTAP4-6,0.0,,1.0,1.0,Unknown
KRTAP19-7,0.0,,1.0,1.0,Unknown
KRTAP19-8,0.0,,1.0,1.0,Unknown
KRTAP2-1,0.0,,1.0,1.0,Unknown
KRTAP2-2,0.0,,1.0,1.0,Unknown
KRTAP2-3,0.0,,1.0,1.0,Unknown
KRTAP2-4,0.0,,1.0,1.0,Unknown
KRTAP20-1,0.0,,1.0,1.0,Unknown
KRTAP20-2,0.0,,1.0,1.0,Unknown
KRTAP20-3,0.0,,1.0,1.0,Unknown
KRTAP20-4,0.0,,1.0,1.0,Unknown
KRTAP21-1,0.0,,1.0,1.0,Unknown
KRTAP21-2,0.0,,1.0,1.0,Unknown
KRTAP21-3,0.0,,1.0,1.0,Unknown
KRTAP22-1,0.0,,1.0,1.0,Unknown
KRTAP22-2,0.0,,1.0,1.0,Unknown
KRTAP23-1,0.0,,1.0,1.0,Unknown
KRTAP12-2,0.0,,1.0,1.0,Unknown
KRTAP12-3,0.0,,1.0,1.0,Unknown
KRTAP12-4,0.0,,1.0,1.0,Unknown
KRTAP13-1,0.0,,1.0,1.0,Unknown
KRTAP13-2,0.0,,1.0,1.0,Unknown
KRTAP13-3,0.0,,1.0,1.0,Unknown
KRTAP13-4,0.0,,1.0,1.0,Unknown
KRTAP15-1,0.0,,1.0,1.0,Unknown
KRTAP16-1,0.0,,1.0,1.0,Unknown
KRTAP17-1,0.0,,1.0,1.0,Unknown
KRTAP19-1,0.0,,1.0,1.0,Unknown
KRTAP19-2,0.0,,1.0,1.0,Unknown
KRTAP19-3,0.0,,1.0,1.0,Unknown
KRTAP19-4,0.0,,1.0,1.0,Unknown
KRTAP19-5,0.0,,1.0,1.0,Unknown
KRTAP19-6,0.0,,1.0,1.0,Unknown
KRTAP1-4,0.0,,1.0,1.0,Unknown
KRTAP1-5,0.0,,1.0,1.0,Unknown
KRTAP10-1,0.0,,1.0,1.0,Unknown
KRTAP10-10,0.0,,1.0,1.0,Unknown
KRTAP10-11,0.0,,1.0,1.0,Unknown
KRTAP10-12,0.0,,1.0,1.0,Unknown
KRTAP10-2,0.0,,1.0,1.0,Unknown
KRTAP10-3,0.0,,1.0,1.0,Unknown
KRTAP10-4,0.0,,1.0,1.0,Unknown
KRTAP10-5,0.0,,1.0,1.0,Unknown
KRTAP10-6,0.0,,1.0,1.0,Unknown
KRTAP10-7,0.0,,1.0,1.0,Unknown
KRTAP10-8,0.0,,1.0,1.0,Unknown
KRTAP10-9,0.0,,1.0,1.0,Unknown
KRTAP11-1,0.0,,1.0,1.0,Unknown
KRTAP12-1,0.0,,1.0,1.0,Unknown
KRT76,0.0,,1.0,1.0,Unknown
KRT77,0.0,,1.0,1.0,Unknown
KRT78,0.0,,1.0,1.0,Unknown
KRT79,0.0,,1.0,1.0,Unknown
KRT8,0.0,,1.0,1.0,Unknown
KRT80,0.0,,1.0,1.0,Unknown
KRT81,0.0,,1.0,1.0,Unknown
KRT82,0.0,,1.0,1.0,Unknown
KRT83,0.0,,1.0,1.0,Unknown
KRT84,0.0,,1.0,1.0,Unknown
KRT85,0.0,,1.0,1.0,Unknown
KRT86,0.0,,1.0,1.0,Unknown
KRT8P41,0.0,,1.0,1.0,Unknown
KRT9,0.0,,1.0,1.0,Unknown
KRTAP1-1,0.0,,1.0,1.0,Unknown
KRTAP1-3,0.0,,1.0,1.0,Unknown
KRT37,0.0,,1.0,1.0,Unknown
KRT38,0.0,,1.0,1.0,Unknown
KRT39,0.0,,1.0,1.0,Unknown
KRT4,0.0,,1.0,1.0,Unknown
KRT40,0.0,,1.0,1.0,Unknown
KRT42P,0.0,,1.0,1.0,Unknown
KRT5,0.0,,1.0,1.0,Unknown
KRT6A,0.0,,1.0,1.0,Unknown
KRT6B,0.0,,1.0,1.0,Unknown
KRT6C,0.0,,1.0,1.0,Unknown
KRT7,0.0,,1.0,1.0,Unknown
KRT71,0.0,,1.0,1.0,Unknown
KRT72,0.0,,1.0,1.0,Unknown
KRT73,0.0,,1.0,1.0,Unknown
KRT74,0.0,,1.0,1.0,Unknown
KRT75,0.0,,1.0,1.0,Unknown
KRT20,0.0,,1.0,1.0,Unknown
KRT222,0.0,,1.0,1.0,Unknown
KRT23,0.0,,1.0,1.0,Unknown
KRT24,0.0,,1.0,1.0,Unknown
KRT25,0.0,,1.0,1.0,Unknown
KRT26,0.0,,1.0,1.0,Unknown
KRT27,0.0,,1.0,1.0,Unknown
KRT28,0.0,,1.0,1.0,Unknown
KRT3,0.0,,1.0,1.0,Unknown
KRT31,0.0,,1.0,1.0,Unknown
KRT32,0.0,,1.0,1.0,Unknown
KRT33A,0.0,,1.0,1.0,Unknown
KRT33B,0.0,,1.0,1.0,Unknown
KRT34,0.0,,1.0,1.0,Unknown
KRT35,0.0,,1.0,1.0,Unknown
KRT36,0.0,,1.0,1.0,Unknown
KRT1,0.0,,1.0,1.0,Unknown
KRT10,0.0,,1.0,1.0,Unknown
KRT12,0.0,,1.0,1.0,Unknown
KRT13,0.0,,1.0,1.0,Unknown
KRT14,0.0,,1.0,1.0,Unknown
KRT15,0.0,,1.0,1.0,Unknown
KRT16,0.0,,1.0,1.0,Unknown
KRT16P1,0.0,,1.0,1.0,Unknown
KRT16P2,0.0,,1.0,1.0,Unknown
KRT16P3,0.0,,1.0,1.0,Unknown
KRT17,0.0,,1.0,1.0,Unknown
KRT18,0.0,,1.0,1.0,Unknown
KRT18P55,0.0,,1.0,1.0,Unknown
KRT19,0.0,,1.0,1.0,Unknown
KRT19P2,0.0,,1.0,1.0,Unknown
KRT2,0.0,,1.0,1.0,Unknown
KPNA6,0.0,,1.0,1.0,Unknown
KPNA7,0.0,,1.0,1.0,Unknown
KPNB1,0.0,,1.0,1.0,Unknown
KPRP,0.0,,1.0,1.0,Unknown
KPTN,0.0,,1.0,1.0,Unknown
KRAS,0.0,,1.0,1.0,Unknown
KRBA1,0.0,,1.0,1.0,Unknown
KRBA2,0.0,,1.0,1.0,Unknown
KRBOX1,0.0,,1.0,1.0,Unknown
KRBOX4,0.0,,1.0,1.0,Unknown
KRCC1,0.0,,1.0,1.0,Unknown
KREMEN1,0.0,,1.0,1.0,Unknown
KREMEN2,0.0,,1.0,1.0,Unknown
KRI1,0.0,,1.0,1.0,Unknown
KRIT1,0.0,,1.0,1.0,Unknown
KRR1,0.0,,1.0,1.0,Unknown
KMT2A,0.0,,1.0,1.0,Unknown
KMT2B,0.0,,1.0,1.0,Unknown
KMT2C,0.0,,1.0,1.0,Unknown
KMT2D,0.0,,1.0,1.0,Unknown
KMT2E,0.0,,1.0,1.0,Unknown
KNCN,0.0,,1.0,1.0,Unknown
KNDC1,0.0,,1.0,1.0,Unknown
KNG1,0.0,,1.0,1.0,Unknown
KNOP1,0.0,,1.0,1.0,Unknown
KNSTRN,0.0,,1.0,1.0,Unknown
KNTC1,0.0,,1.0,1.0,Unknown
KPNA1,0.0,,1.0,1.0,Unknown
KPNA2,0.0,,1.0,1.0,Unknown
KPNA3,0.0,,1.0,1.0,Unknown
KPNA4,0.0,,1.0,1.0,Unknown
KPNA5,0.0,,1.0,1.0,Unknown
KLKB1,0.0,,1.0,1.0,Unknown
KLKP1,0.0,,1.0,1.0,Unknown
KLLN,0.0,,1.0,1.0,Unknown
KLRB1,0.0,,1.0,1.0,Unknown
KLRC1,0.0,,1.0,1.0,Unknown
KLRC2,0.0,,1.0,1.0,Unknown
KLRC3,0.0,,1.0,1.0,Unknown
KLRC4,0.0,,1.0,1.0,Unknown
KLRC4-KLRK1,0.0,,1.0,1.0,Unknown
KLRD1,0.0,,1.0,1.0,Unknown
KLRF1,0.0,,1.0,1.0,Unknown
KLRF2,0.0,,1.0,1.0,Unknown
KLRG1,0.0,,1.0,1.0,Unknown
KLRG2,0.0,,1.0,1.0,Unknown
KLRK1,0.0,,1.0,1.0,Unknown
KMO,0.0,,1.0,1.0,Unknown
KLHL9,0.0,,1.0,1.0,Unknown
KLK1,0.0,,1.0,1.0,Unknown
KLK10,0.0,,1.0,1.0,Unknown
KLK11,0.0,,1.0,1.0,Unknown
KLK12,0.0,,1.0,1.0,Unknown
KLK13,0.0,,1.0,1.0,Unknown
KLK14,0.0,,1.0,1.0,Unknown
KLK15,0.0,,1.0,1.0,Unknown
KLK2,0.0,,1.0,1.0,Unknown
KLK3,0.0,,1.0,1.0,Unknown
KLK4,0.0,,1.0,1.0,Unknown
KLK5,0.0,,1.0,1.0,Unknown
KLK6,0.0,,1.0,1.0,Unknown
KLK7,0.0,,1.0,1.0,Unknown
KLK8,0.0,,1.0,1.0,Unknown
KLK9,0.0,,1.0,1.0,Unknown
KLHL31,0.0,,1.0,1.0,Unknown
KLHL32,0.0,,1.0,1.0,Unknown
KLHL33,0.0,,1.0,1.0,Unknown
KLHL34,0.0,,1.0,1.0,Unknown
KLHL35,0.0,,1.0,1.0,Unknown
KLHL36,0.0,,1.0,1.0,Unknown
KLHL38,0.0,,1.0,1.0,Unknown
KLHL4,0.0,,1.0,1.0,Unknown
KLHL40,0.0,,1.0,1.0,Unknown
KLHL41,0.0,,1.0,1.0,Unknown
KLHL42,0.0,,1.0,1.0,Unknown
KLHL5,0.0,,1.0,1.0,Unknown
KLHL6,0.0,,1.0,1.0,Unknown
KLHL7,0.0,,1.0,1.0,Unknown
KLHL7-AS1,0.0,,1.0,1.0,Unknown
KLHL8,0.0,,1.0,1.0,Unknown
KLHL14,0.0,,1.0,1.0,Unknown
KLHL15,0.0,,1.0,1.0,Unknown
KLHL17,0.0,,1.0,1.0,Unknown
KLHL18,0.0,,1.0,1.0,Unknown
KLHL2,0.0,,1.0,1.0,Unknown
KLHL20,0.0,,1.0,1.0,Unknown
KLHL21,0.0,,1.0,1.0,Unknown
KLHL22,0.0,,1.0,1.0,Unknown
KLHL23,0.0,,1.0,1.0,Unknown
KLHL24,0.0,,1.0,1.0,Unknown
KLHL25,0.0,,1.0,1.0,Unknown
KLHL26,0.0,,1.0,1.0,Unknown
KLHL28,0.0,,1.0,1.0,Unknown
KLHL29,0.0,,1.0,1.0,Unknown
KLHL3,0.0,,1.0,1.0,Unknown
KLHL30,0.0,,1.0,1.0,Unknown
KLF9,0.0,,1.0,1.0,Unknown
KLHDC1,0.0,,1.0,1.0,Unknown
KLHDC10,0.0,,1.0,1.0,Unknown
KLHDC2,0.0,,1.0,1.0,Unknown
KLHDC3,0.0,,1.0,1.0,Unknown
KLHDC4,0.0,,1.0,1.0,Unknown
KLHDC7A,0.0,,1.0,1.0,Unknown
KLHDC7B,0.0,,1.0,1.0,Unknown
KLHDC8A,0.0,,1.0,1.0,Unknown
KLHDC8B,0.0,,1.0,1.0,Unknown
KLHDC9,0.0,,1.0,1.0,Unknown
KLHL1,0.0,,1.0,1.0,Unknown
KLHL10,0.0,,1.0,1.0,Unknown
KLHL11,0.0,,1.0,1.0,Unknown
KLHL12,0.0,,1.0,1.0,Unknown
KLHL13,0.0,,1.0,1.0,Unknown
KLF1,0.0,,1.0,1.0,Unknown
KLF10,0.0,,1.0,1.0,Unknown
KLF11,0.0,,1.0,1.0,Unknown
KLF12,0.0,,1.0,1.0,Unknown
KLF13,0.0,,1.0,1.0,Unknown
KLF14,0.0,,1.0,1.0,Unknown
KLF15,0.0,,1.0,1.0,Unknown
KLF16,0.0,,1.0,1.0,Unknown
KLF17,0.0,,1.0,1.0,Unknown
KLF2,0.0,,1.0,1.0,Unknown
KLF3,0.0,,1.0,1.0,Unknown
KLF4,0.0,,1.0,1.0,Unknown
KLF5,0.0,,1.0,1.0,Unknown
KLF6,0.0,,1.0,1.0,Unknown
KLF7,0.0,,1.0,1.0,Unknown
KLF8,0.0,,1.0,1.0,Unknown
KIR3DX1,0.0,,1.0,1.0,Unknown
KIRREL,0.0,,1.0,1.0,Unknown
KIRREL2,0.0,,1.0,1.0,Unknown
KIRREL3,0.0,,1.0,1.0,Unknown
KIRREL3-AS2,0.0,,1.0,1.0,Unknown
KIRREL3-AS3,0.0,,1.0,1.0,Unknown
KISS1,0.0,,1.0,1.0,Unknown
KISS1R,0.0,,1.0,1.0,Unknown
KIT,0.0,,1.0,1.0,Unknown
KITLG,0.0,,1.0,1.0,Unknown
KL,0.0,,1.0,1.0,Unknown
KLB,0.0,,1.0,1.0,Unknown
KLC1,0.0,,1.0,1.0,Unknown
KLC2,0.0,,1.0,1.0,Unknown
KLC3,0.0,,1.0,1.0,Unknown
KLC4,0.0,,1.0,1.0,Unknown
KIF6,0.0,,1.0,1.0,Unknown
KIF7,0.0,,1.0,1.0,Unknown
KIF9,0.0,,1.0,1.0,Unknown
KIF9-AS1,0.0,,1.0,1.0,Unknown
KIFAP3,0.0,,1.0,1.0,Unknown
KIFC1,0.0,,1.0,1.0,Unknown
KIFC2,0.0,,1.0,1.0,Unknown
KIFC3,0.0,,1.0,1.0,Unknown
KIN,0.0,,1.0,1.0,Unknown
KIR2DL1,0.0,,1.0,1.0,Unknown
KIR2DL3,0.0,,1.0,1.0,Unknown
KIR2DL4,0.0,,1.0,1.0,Unknown
KIR2DS4,0.0,,1.0,1.0,Unknown
KIR3DL1,0.0,,1.0,1.0,Unknown
KIR3DL2,0.0,,1.0,1.0,Unknown
KIR3DL3,0.0,,1.0,1.0,Unknown
KIF25,0.0,,1.0,1.0,Unknown
KIF25-AS1,0.0,,1.0,1.0,Unknown
KIF26A,0.0,,1.0,1.0,Unknown
KIF26B,0.0,,1.0,1.0,Unknown
KIF27,0.0,,1.0,1.0,Unknown
KIF2A,0.0,,1.0,1.0,Unknown
KIF2B,0.0,,1.0,1.0,Unknown
KIF2C,0.0,,1.0,1.0,Unknown
KIF3A,0.0,,1.0,1.0,Unknown
KIF3B,0.0,,1.0,1.0,Unknown
KIF3C,0.0,,1.0,1.0,Unknown
KIF4A,0.0,,1.0,1.0,Unknown
KIF4B,0.0,,1.0,1.0,Unknown
KIF5A,0.0,,1.0,1.0,Unknown
KIF5B,0.0,,1.0,1.0,Unknown
KIF5C,0.0,,1.0,1.0,Unknown
KIF15,0.0,,1.0,1.0,Unknown
KIF16B,0.0,,1.0,1.0,Unknown
KIF17,0.0,,1.0,1.0,Unknown
KIF18A,0.0,,1.0,1.0,Unknown
KIF18B,0.0,,1.0,1.0,Unknown
KIF19,0.0,,1.0,1.0,Unknown
KIF1A,0.0,,1.0,1.0,Unknown
KIF1B,0.0,,1.0,1.0,Unknown
KIF1C,0.0,,1.0,1.0,Unknown
KIF20A,0.0,,1.0,1.0,Unknown
KIF20B,0.0,,1.0,1.0,Unknown
KIF21A,0.0,,1.0,1.0,Unknown
KIF21B,0.0,,1.0,1.0,Unknown
KIF22,0.0,,1.0,1.0,Unknown
KIF23,0.0,,1.0,1.0,Unknown
KIF24,0.0,,1.0,1.0,Unknown
KIAA1614,0.0,,1.0,1.0,Unknown
KIAA1644,0.0,,1.0,1.0,Unknown
KIAA1671,0.0,,1.0,1.0,Unknown
KIAA1683,0.0,,1.0,1.0,Unknown
KIAA1755,0.0,,1.0,1.0,Unknown
KIAA1841,0.0,,1.0,1.0,Unknown
KIAA1958,0.0,,1.0,1.0,Unknown
KIAA2013,0.0,,1.0,1.0,Unknown
KIAA2022,0.0,,1.0,1.0,Unknown
KIAA2026,0.0,,1.0,1.0,Unknown
KIDINS220,0.0,,1.0,1.0,Unknown
KIF11,0.0,,1.0,1.0,Unknown
KIF12,0.0,,1.0,1.0,Unknown
KIF13A,0.0,,1.0,1.0,Unknown
KIF13B,0.0,,1.0,1.0,Unknown
KIF14,0.0,,1.0,1.0,Unknown
KIAA1211L,0.0,,1.0,1.0,Unknown
KIAA1217,0.0,,1.0,1.0,Unknown
KIAA1257,0.0,,1.0,1.0,Unknown
KIAA1324,0.0,,1.0,1.0,Unknown
KIAA1324L,0.0,,1.0,1.0,Unknown
KIAA1328,0.0,,1.0,1.0,Unknown
KIAA1429,0.0,,1.0,1.0,Unknown
KIAA1456,0.0,,1.0,1.0,Unknown
KIAA1462,0.0,,1.0,1.0,Unknown
KIAA1468,0.0,,1.0,1.0,Unknown
KIAA1522,0.0,,1.0,1.0,Unknown
KIAA1524,0.0,,1.0,1.0,Unknown
KIAA1549,0.0,,1.0,1.0,Unknown
KIAA1549L,0.0,,1.0,1.0,Unknown
KIAA1551,0.0,,1.0,1.0,Unknown
KIAA1586,0.0,,1.0,1.0,Unknown
KIAA0825,0.0,,1.0,1.0,Unknown
KIAA0895,0.0,,1.0,1.0,Unknown
KIAA0895L,0.0,,1.0,1.0,Unknown
KIAA0907,0.0,,1.0,1.0,Unknown
KIAA0922,0.0,,1.0,1.0,Unknown
KIAA0930,0.0,,1.0,1.0,Unknown
KIAA1024,0.0,,1.0,1.0,Unknown
KIAA1024L,0.0,,1.0,1.0,Unknown
KIAA1107,0.0,,1.0,1.0,Unknown
KIAA1109,0.0,,1.0,1.0,Unknown
KIAA1143,0.0,,1.0,1.0,Unknown
KIAA1147,0.0,,1.0,1.0,Unknown
KIAA1161,0.0,,1.0,1.0,Unknown
KIAA1191,0.0,,1.0,1.0,Unknown
KIAA1210,0.0,,1.0,1.0,Unknown
KIAA1211,0.0,,1.0,1.0,Unknown
KHSRP,0.0,,1.0,1.0,Unknown
KIAA0040,0.0,,1.0,1.0,Unknown
KIAA0087,0.0,,1.0,1.0,Unknown
KIAA0100,0.0,,1.0,1.0,Unknown
KIAA0141,0.0,,1.0,1.0,Unknown
KIAA0232,0.0,,1.0,1.0,Unknown
KIAA0319,0.0,,1.0,1.0,Unknown
KIAA0319L,0.0,,1.0,1.0,Unknown
KIAA0355,0.0,,1.0,1.0,Unknown
KIAA0368,0.0,,1.0,1.0,Unknown
KIAA0391,0.0,,1.0,1.0,Unknown
KIAA0408,0.0,,1.0,1.0,Unknown
KIAA0513,0.0,,1.0,1.0,Unknown
KIAA0556,0.0,,1.0,1.0,Unknown
KIAA0586,0.0,,1.0,1.0,Unknown
KIAA0753,0.0,,1.0,1.0,Unknown
KDM6A,0.0,,1.0,1.0,Unknown
KDM6B,0.0,,1.0,1.0,Unknown
KDM8,0.0,,1.0,1.0,Unknown
KDR,0.0,,1.0,1.0,Unknown
KDSR,0.0,,1.0,1.0,Unknown
KEAP1,0.0,,1.0,1.0,Unknown
KEL,0.0,,1.0,1.0,Unknown
KERA,0.0,,1.0,1.0,Unknown
KHDC1,0.0,,1.0,1.0,Unknown
KHDC1L,0.0,,1.0,1.0,Unknown
KHDC3L,0.0,,1.0,1.0,Unknown
KHDRBS1,0.0,,1.0,1.0,Unknown
KHDRBS2,0.0,,1.0,1.0,Unknown
KHDRBS3,0.0,,1.0,1.0,Unknown
KHK,0.0,,1.0,1.0,Unknown
KHNYN,0.0,,1.0,1.0,Unknown
KDM1A,0.0,,1.0,1.0,Unknown
KDM1B,0.0,,1.0,1.0,Unknown
KDM2A,0.0,,1.0,1.0,Unknown
KDM2B,0.0,,1.0,1.0,Unknown
KDM3A,0.0,,1.0,1.0,Unknown
KDM3B,0.0,,1.0,1.0,Unknown
KDM4A,0.0,,1.0,1.0,Unknown
KDM4A-AS1,0.0,,1.0,1.0,Unknown
KDM4B,0.0,,1.0,1.0,Unknown
KDM4C,0.0,,1.0,1.0,Unknown
KDM4D,0.0,,1.0,1.0,Unknown
KDM4E,0.0,,1.0,1.0,Unknown
KDM5A,0.0,,1.0,1.0,Unknown
KDM5B,0.0,,1.0,1.0,Unknown
KDM5C,0.0,,1.0,1.0,Unknown
KDM5D,0.0,,1.0,1.0,Unknown
KCTD2,0.0,,1.0,1.0,Unknown
KCTD20,0.0,,1.0,1.0,Unknown
KCTD21,0.0,,1.0,1.0,Unknown
KCTD21-AS1,0.0,,1.0,1.0,Unknown
KCTD3,0.0,,1.0,1.0,Unknown
KCTD4,0.0,,1.0,1.0,Unknown
KCTD5,0.0,,1.0,1.0,Unknown
KCTD6,0.0,,1.0,1.0,Unknown
KCTD7,0.0,,1.0,1.0,Unknown
KCTD8,0.0,,1.0,1.0,Unknown
KCTD9,0.0,,1.0,1.0,Unknown
KDELC1,0.0,,1.0,1.0,Unknown
KDELC2,0.0,,1.0,1.0,Unknown
KDELR1,0.0,,1.0,1.0,Unknown
KDELR2,0.0,,1.0,1.0,Unknown
KDELR3,0.0,,1.0,1.0,Unknown
KCNT2,0.0,,1.0,1.0,Unknown
KCNU1,0.0,,1.0,1.0,Unknown
KCNV1,0.0,,1.0,1.0,Unknown
KCNV2,0.0,,1.0,1.0,Unknown
KCP,0.0,,1.0,1.0,Unknown
KCTD1,0.0,,1.0,1.0,Unknown
KCTD10,0.0,,1.0,1.0,Unknown
KCTD11,0.0,,1.0,1.0,Unknown
KCTD12,0.0,,1.0,1.0,Unknown
KCTD13,0.0,,1.0,1.0,Unknown
KCTD14,0.0,,1.0,1.0,Unknown
KCTD15,0.0,,1.0,1.0,Unknown
KCTD16,0.0,,1.0,1.0,Unknown
KCTD17,0.0,,1.0,1.0,Unknown
KCTD18,0.0,,1.0,1.0,Unknown
KCTD19,0.0,,1.0,1.0,Unknown
KCNN2,0.0,,1.0,1.0,Unknown
KCNN3,0.0,,1.0,1.0,Unknown
KCNN4,0.0,,1.0,1.0,Unknown
KCNQ1,0.0,,1.0,1.0,Unknown
KCNQ1DN,0.0,,1.0,1.0,Unknown
KCNQ1OT1,0.0,,1.0,1.0,Unknown
KCNQ2,0.0,,1.0,1.0,Unknown
KCNQ3,0.0,,1.0,1.0,Unknown
KCNQ4,0.0,,1.0,1.0,Unknown
KCNQ5,0.0,,1.0,1.0,Unknown
KCNQ5-AS1,0.0,,1.0,1.0,Unknown
KCNRG,0.0,,1.0,1.0,Unknown
KCNS1,0.0,,1.0,1.0,Unknown
KCNS2,0.0,,1.0,1.0,Unknown
KCNS3,0.0,,1.0,1.0,Unknown
KCNT1,0.0,,1.0,1.0,Unknown
KCNK16,0.0,,1.0,1.0,Unknown
KCNK17,0.0,,1.0,1.0,Unknown
KCNK18,0.0,,1.0,1.0,Unknown
KCNK2,0.0,,1.0,1.0,Unknown
KCNK3,0.0,,1.0,1.0,Unknown
KCNK4,0.0,,1.0,1.0,Unknown
KCNK5,0.0,,1.0,1.0,Unknown
KCNK6,0.0,,1.0,1.0,Unknown
KCNK7,0.0,,1.0,1.0,Unknown
KCNK9,0.0,,1.0,1.0,Unknown
KCNMA1,0.0,,1.0,1.0,Unknown
KCNMB1,0.0,,1.0,1.0,Unknown
KCNMB2,0.0,,1.0,1.0,Unknown
KCNMB3,0.0,,1.0,1.0,Unknown
KCNMB4,0.0,,1.0,1.0,Unknown
KCNN1,0.0,,1.0,1.0,Unknown
KCNJ15,0.0,,1.0,1.0,Unknown
KCNJ16,0.0,,1.0,1.0,Unknown
KCNJ18,0.0,,1.0,1.0,Unknown
KCNJ2,0.0,,1.0,1.0,Unknown
KCNJ2-AS1,0.0,,1.0,1.0,Unknown
KCNJ3,0.0,,1.0,1.0,Unknown
KCNJ4,0.0,,1.0,1.0,Unknown
KCNJ5,0.0,,1.0,1.0,Unknown
KCNJ6,0.0,,1.0,1.0,Unknown
KCNJ8,0.0,,1.0,1.0,Unknown
KCNJ9,0.0,,1.0,1.0,Unknown
KCNK1,0.0,,1.0,1.0,Unknown
KCNK10,0.0,,1.0,1.0,Unknown
KCNK12,0.0,,1.0,1.0,Unknown
KCNK13,0.0,,1.0,1.0,Unknown
KCNK15,0.0,,1.0,1.0,Unknown
KCNH5,0.0,,1.0,1.0,Unknown
KCNH6,0.0,,1.0,1.0,Unknown
KCNH7,0.0,,1.0,1.0,Unknown
KCNH8,0.0,,1.0,1.0,Unknown
KCNIP1,0.0,,1.0,1.0,Unknown
KCNIP2,0.0,,1.0,1.0,Unknown
KCNIP2-AS1,0.0,,1.0,1.0,Unknown
KCNIP3,0.0,,1.0,1.0,Unknown
KCNIP4,0.0,,1.0,1.0,Unknown
KCNIP4-IT1,0.0,,1.0,1.0,Unknown
KCNJ1,0.0,,1.0,1.0,Unknown
KCNJ10,0.0,,1.0,1.0,Unknown
KCNJ11,0.0,,1.0,1.0,Unknown
KCNJ12,0.0,,1.0,1.0,Unknown
KCNJ13,0.0,,1.0,1.0,Unknown
KCNJ14,0.0,,1.0,1.0,Unknown
KCND1,0.0,,1.0,1.0,Unknown
KCND2,0.0,,1.0,1.0,Unknown
KCND3,0.0,,1.0,1.0,Unknown
KCNE1,0.0,,1.0,1.0,Unknown
KCNE2,0.0,,1.0,1.0,Unknown
KCNE3,0.0,,1.0,1.0,Unknown
KCNE4,0.0,,1.0,1.0,Unknown
KCNF1,0.0,,1.0,1.0,Unknown
KCNG1,0.0,,1.0,1.0,Unknown
KCNG2,0.0,,1.0,1.0,Unknown
KCNG3,0.0,,1.0,1.0,Unknown
KCNG4,0.0,,1.0,1.0,Unknown
KCNH1,0.0,,1.0,1.0,Unknown
KCNH2,0.0,,1.0,1.0,Unknown
KCNH3,0.0,,1.0,1.0,Unknown
KCNH4,0.0,,1.0,1.0,Unknown
KCNA2,0.0,,1.0,1.0,Unknown
KCNA3,0.0,,1.0,1.0,Unknown
KCNA4,0.0,,1.0,1.0,Unknown
KCNA5,0.0,,1.0,1.0,Unknown
KCNA7,0.0,,1.0,1.0,Unknown
KCNAB1,0.0,,1.0,1.0,Unknown
KCNAB1-AS1,0.0,,1.0,1.0,Unknown
KCNAB1-AS2,0.0,,1.0,1.0,Unknown
KCNAB2,0.0,,1.0,1.0,Unknown
KCNAB3,0.0,,1.0,1.0,Unknown
KCNB1,0.0,,1.0,1.0,Unknown
KCNB2,0.0,,1.0,1.0,Unknown
KCNC1,0.0,,1.0,1.0,Unknown
KCNC2,0.0,,1.0,1.0,Unknown
KCNC3,0.0,,1.0,1.0,Unknown
KCNC4,0.0,,1.0,1.0,Unknown
KATNB1,0.0,,1.0,1.0,Unknown
KATNBL1,0.0,,1.0,1.0,Unknown
KAZALD1,0.0,,1.0,1.0,Unknown
KAZN,0.0,,1.0,1.0,Unknown
KBTBD11,0.0,,1.0,1.0,Unknown
KBTBD12,0.0,,1.0,1.0,Unknown
KBTBD13,0.0,,1.0,1.0,Unknown
KBTBD2,0.0,,1.0,1.0,Unknown
KBTBD3,0.0,,1.0,1.0,Unknown
KBTBD4,0.0,,1.0,1.0,Unknown
KBTBD6,0.0,,1.0,1.0,Unknown
KBTBD7,0.0,,1.0,1.0,Unknown
KBTBD8,0.0,,1.0,1.0,Unknown
KCMF1,0.0,,1.0,1.0,Unknown
KCNA1,0.0,,1.0,1.0,Unknown
KCNA10,0.0,,1.0,1.0,Unknown
KANSL1,0.0,,1.0,1.0,Unknown
KANSL1-AS1,0.0,,1.0,1.0,Unknown
KANSL1L,0.0,,1.0,1.0,Unknown
KANSL2,0.0,,1.0,1.0,Unknown
KANSL3,0.0,,1.0,1.0,Unknown
KARS,0.0,,1.0,1.0,Unknown
KAT2A,0.0,,1.0,1.0,Unknown
KAT2B,0.0,,1.0,1.0,Unknown
KAT5,0.0,,1.0,1.0,Unknown
KAT6A,0.0,,1.0,1.0,Unknown
KAT6B,0.0,,1.0,1.0,Unknown
KAT7,0.0,,1.0,1.0,Unknown
KAT8,0.0,,1.0,1.0,Unknown
KATNA1,0.0,,1.0,1.0,Unknown
KATNAL1,0.0,,1.0,1.0,Unknown
KATNAL2,0.0,,1.0,1.0,Unknown
JPX,0.0,,1.0,1.0,Unknown
JRK,0.0,,1.0,1.0,Unknown
JRKL,0.0,,1.0,1.0,Unknown
JRKL-AS1,0.0,,1.0,1.0,Unknown
JSRP1,0.0,,1.0,1.0,Unknown
JTB,0.0,,1.0,1.0,Unknown
JUN,0.0,,1.0,1.0,Unknown
JUNB,0.0,,1.0,1.0,Unknown
JUND,0.0,,1.0,1.0,Unknown
JUP,0.0,,1.0,1.0,Unknown
KAAG1,0.0,,1.0,1.0,Unknown
KALRN,0.0,,1.0,1.0,Unknown
KANK1,0.0,,1.0,1.0,Unknown
KANK2,0.0,,1.0,1.0,Unknown
KANK3,0.0,,1.0,1.0,Unknown
KANK4,0.0,,1.0,1.0,Unknown
JDP2,0.0,,1.0,1.0,Unknown
JKAMP,0.0,,1.0,1.0,Unknown
JMJD1C,0.0,,1.0,1.0,Unknown
JMJD1C-AS1,0.0,,1.0,1.0,Unknown
JMJD4,0.0,,1.0,1.0,Unknown
JMJD6,0.0,,1.0,1.0,Unknown
JMJD7,0.0,,1.0,1.0,Unknown
JMJD7-PLA2G4B,0.0,,1.0,1.0,Unknown
JMJD8,0.0,,1.0,1.0,Unknown
JMY,0.0,,1.0,1.0,Unknown
JOSD1,0.0,,1.0,1.0,Unknown
JOSD2,0.0,,1.0,1.0,Unknown
JPH1,0.0,,1.0,1.0,Unknown
JPH2,0.0,,1.0,1.0,Unknown
JPH3,0.0,,1.0,1.0,Unknown
JPH4,0.0,,1.0,1.0,Unknown
IZUMO4,0.0,,1.0,1.0,Unknown
JAG1,0.0,,1.0,1.0,Unknown
JAG2,0.0,,1.0,1.0,Unknown
JAGN1,0.0,,1.0,1.0,Unknown
JAK1,0.0,,1.0,1.0,Unknown
JAK2,0.0,,1.0,1.0,Unknown
JAK3,0.0,,1.0,1.0,Unknown
JAKMIP1,0.0,,1.0,1.0,Unknown
JAKMIP2,0.0,,1.0,1.0,Unknown
JAKMIP2-AS1,0.0,,1.0,1.0,Unknown
JAKMIP3,0.0,,1.0,1.0,Unknown
JAM2,0.0,,1.0,1.0,Unknown
JAM3,0.0,,1.0,1.0,Unknown
JARID2,0.0,,1.0,1.0,Unknown
JAZF1,0.0,,1.0,1.0,Unknown
JAZF1-AS1,0.0,,1.0,1.0,Unknown
ITPR1,0.0,,1.0,1.0,Unknown
ITPR2,0.0,,1.0,1.0,Unknown
ITPR3,0.0,,1.0,1.0,Unknown
ITPRIP,0.0,,1.0,1.0,Unknown
ITPRIPL1,0.0,,1.0,1.0,Unknown
ITPRIPL2,0.0,,1.0,1.0,Unknown
ITSN1,0.0,,1.0,1.0,Unknown
ITSN2,0.0,,1.0,1.0,Unknown
IVD,0.0,,1.0,1.0,Unknown
IVL,0.0,,1.0,1.0,Unknown
IVNS1ABP,0.0,,1.0,1.0,Unknown
IWS1,0.0,,1.0,1.0,Unknown
IYD,0.0,,1.0,1.0,Unknown
IZUMO1,0.0,,1.0,1.0,Unknown
IZUMO2,0.0,,1.0,1.0,Unknown
IZUMO3,0.0,,1.0,1.0,Unknown
ITIH3,0.0,,1.0,1.0,Unknown
ITIH4,0.0,,1.0,1.0,Unknown
ITIH5,0.0,,1.0,1.0,Unknown
ITIH6,0.0,,1.0,1.0,Unknown
ITK,0.0,,1.0,1.0,Unknown
ITLN1,0.0,,1.0,1.0,Unknown
ITLN2,0.0,,1.0,1.0,Unknown
ITM2A,0.0,,1.0,1.0,Unknown
ITM2B,0.0,,1.0,1.0,Unknown
ITM2C,0.0,,1.0,1.0,Unknown
ITPA,0.0,,1.0,1.0,Unknown
ITPK1,0.0,,1.0,1.0,Unknown
ITPK1-AS1,0.0,,1.0,1.0,Unknown
ITPKA,0.0,,1.0,1.0,Unknown
ITPKB,0.0,,1.0,1.0,Unknown
ITPKC,0.0,,1.0,1.0,Unknown
ITGAX,0.0,,1.0,1.0,Unknown
ITGB1,0.0,,1.0,1.0,Unknown
ITGB1BP1,0.0,,1.0,1.0,Unknown
ITGB1BP2,0.0,,1.0,1.0,Unknown
ITGB2,0.0,,1.0,1.0,Unknown
ITGB2-AS1,0.0,,1.0,1.0,Unknown
ITGB3,0.0,,1.0,1.0,Unknown
ITGB3BP,0.0,,1.0,1.0,Unknown
ITGB4,0.0,,1.0,1.0,Unknown
ITGB5,0.0,,1.0,1.0,Unknown
ITGB6,0.0,,1.0,1.0,Unknown
ITGB7,0.0,,1.0,1.0,Unknown
ITGB8,0.0,,1.0,1.0,Unknown
ITGBL1,0.0,,1.0,1.0,Unknown
ITIH1,0.0,,1.0,1.0,Unknown
ITIH2,0.0,,1.0,1.0,Unknown
ITGA10,0.0,,1.0,1.0,Unknown
ITGA11,0.0,,1.0,1.0,Unknown
ITGA2,0.0,,1.0,1.0,Unknown
ITGA2B,0.0,,1.0,1.0,Unknown
ITGA3,0.0,,1.0,1.0,Unknown
ITGA4,0.0,,1.0,1.0,Unknown
ITGA5,0.0,,1.0,1.0,Unknown
ITGA6,0.0,,1.0,1.0,Unknown
ITGA7,0.0,,1.0,1.0,Unknown
ITGA8,0.0,,1.0,1.0,Unknown
ITGA9,0.0,,1.0,1.0,Unknown
ITGAD,0.0,,1.0,1.0,Unknown
ITGAE,0.0,,1.0,1.0,Unknown
ITGAL,0.0,,1.0,1.0,Unknown
ITGAM,0.0,,1.0,1.0,Unknown
ITGAV,0.0,,1.0,1.0,Unknown
ISLR2,0.0,,1.0,1.0,Unknown
ISM1,0.0,,1.0,1.0,Unknown
ISM1-AS1,0.0,,1.0,1.0,Unknown
ISM2,0.0,,1.0,1.0,Unknown
ISOC1,0.0,,1.0,1.0,Unknown
ISOC2,0.0,,1.0,1.0,Unknown
ISPD,0.0,,1.0,1.0,Unknown
IST1,0.0,,1.0,1.0,Unknown
ISX,0.0,,1.0,1.0,Unknown
ISY1,0.0,,1.0,1.0,Unknown
ISY1-RAB43,0.0,,1.0,1.0,Unknown
ISYNA1,0.0,,1.0,1.0,Unknown
ITCH,0.0,,1.0,1.0,Unknown
ITFG1,0.0,,1.0,1.0,Unknown
ITFG2,0.0,,1.0,1.0,Unknown
ITGA1,0.0,,1.0,1.0,Unknown
IRS4,0.0,,1.0,1.0,Unknown
IRX1,0.0,,1.0,1.0,Unknown
IRX2,0.0,,1.0,1.0,Unknown
IRX3,0.0,,1.0,1.0,Unknown
IRX4,0.0,,1.0,1.0,Unknown
IRX5,0.0,,1.0,1.0,Unknown
IRX6,0.0,,1.0,1.0,Unknown
ISCA1,0.0,,1.0,1.0,Unknown
ISCA2,0.0,,1.0,1.0,Unknown
ISCU,0.0,,1.0,1.0,Unknown
ISG15,0.0,,1.0,1.0,Unknown
ISG20,0.0,,1.0,1.0,Unknown
ISG20L2,0.0,,1.0,1.0,Unknown
ISL1,0.0,,1.0,1.0,Unknown
ISL2,0.0,,1.0,1.0,Unknown
ISLR,0.0,,1.0,1.0,Unknown
IRF2,0.0,,1.0,1.0,Unknown
IRF2BP1,0.0,,1.0,1.0,Unknown
IRF2BP2,0.0,,1.0,1.0,Unknown
IRF2BPL,0.0,,1.0,1.0,Unknown
IRF3,0.0,,1.0,1.0,Unknown
IRF4,0.0,,1.0,1.0,Unknown
IRF5,0.0,,1.0,1.0,Unknown
IRF6,0.0,,1.0,1.0,Unknown
IRF7,0.0,,1.0,1.0,Unknown
IRF8,0.0,,1.0,1.0,Unknown
IRF9,0.0,,1.0,1.0,Unknown
IRGC,0.0,,1.0,1.0,Unknown
IRGM,0.0,,1.0,1.0,Unknown
IRGQ,0.0,,1.0,1.0,Unknown
IRS1,0.0,,1.0,1.0,Unknown
IRS2,0.0,,1.0,1.0,Unknown
IQCJ-SCHIP1,0.0,,1.0,1.0,Unknown
IQCK,0.0,,1.0,1.0,Unknown
IQGAP1,0.0,,1.0,1.0,Unknown
IQGAP2,0.0,,1.0,1.0,Unknown
IQGAP3,0.0,,1.0,1.0,Unknown
IQSEC1,0.0,,1.0,1.0,Unknown
IQSEC2,0.0,,1.0,1.0,Unknown
IQSEC3,0.0,,1.0,1.0,Unknown
IQUB,0.0,,1.0,1.0,Unknown
IRAK1,0.0,,1.0,1.0,Unknown
IRAK1BP1,0.0,,1.0,1.0,Unknown
IRAK2,0.0,,1.0,1.0,Unknown
IRAK3,0.0,,1.0,1.0,Unknown
IRAK4,0.0,,1.0,1.0,Unknown
IREB2,0.0,,1.0,1.0,Unknown
IRF1,0.0,,1.0,1.0,Unknown
IPP,0.0,,1.0,1.0,Unknown
IPPK,0.0,,1.0,1.0,Unknown
IQCA1,0.0,,1.0,1.0,Unknown
IQCB1,0.0,,1.0,1.0,Unknown
IQCC,0.0,,1.0,1.0,Unknown
IQCD,0.0,,1.0,1.0,Unknown
IQCE,0.0,,1.0,1.0,Unknown
IQCF1,0.0,,1.0,1.0,Unknown
IQCF2,0.0,,1.0,1.0,Unknown
IQCF3,0.0,,1.0,1.0,Unknown
IQCF5,0.0,,1.0,1.0,Unknown
IQCF6,0.0,,1.0,1.0,Unknown
IQCG,0.0,,1.0,1.0,Unknown
IQCH,0.0,,1.0,1.0,Unknown
IQCH-AS1,0.0,,1.0,1.0,Unknown
IQCJ,0.0,,1.0,1.0,Unknown
INTS8,0.0,,1.0,1.0,Unknown
INTS9,0.0,,1.0,1.0,Unknown
INTU,0.0,,1.0,1.0,Unknown
INVS,0.0,,1.0,1.0,Unknown
IP6K1,0.0,,1.0,1.0,Unknown
IP6K2,0.0,,1.0,1.0,Unknown
IP6K3,0.0,,1.0,1.0,Unknown
IPCEF1,0.0,,1.0,1.0,Unknown
IPMK,0.0,,1.0,1.0,Unknown
IPO11,0.0,,1.0,1.0,Unknown
IPO13,0.0,,1.0,1.0,Unknown
IPO4,0.0,,1.0,1.0,Unknown
IPO5,0.0,,1.0,1.0,Unknown
IPO7,0.0,,1.0,1.0,Unknown
IPO8,0.0,,1.0,1.0,Unknown
IPO9,0.0,,1.0,1.0,Unknown
INSL4,0.0,,1.0,1.0,Unknown
INSL5,0.0,,1.0,1.0,Unknown
INSL6,0.0,,1.0,1.0,Unknown
INSM1,0.0,,1.0,1.0,Unknown
INSM2,0.0,,1.0,1.0,Unknown
INSR,0.0,,1.0,1.0,Unknown
INSRR,0.0,,1.0,1.0,Unknown
INTS1,0.0,,1.0,1.0,Unknown
INTS10,0.0,,1.0,1.0,Unknown
INTS12,0.0,,1.0,1.0,Unknown
INTS2,0.0,,1.0,1.0,Unknown
INTS3,0.0,,1.0,1.0,Unknown
INTS4,0.0,,1.0,1.0,Unknown
INTS5,0.0,,1.0,1.0,Unknown
INTS6,0.0,,1.0,1.0,Unknown
INTS7,0.0,,1.0,1.0,Unknown
INPP4A,0.0,,1.0,1.0,Unknown
INPP4B,0.0,,1.0,1.0,Unknown
INPP5A,0.0,,1.0,1.0,Unknown
INPP5B,0.0,,1.0,1.0,Unknown
INPP5D,0.0,,1.0,1.0,Unknown
INPP5E,0.0,,1.0,1.0,Unknown
INPP5F,0.0,,1.0,1.0,Unknown
INPP5J,0.0,,1.0,1.0,Unknown
INPP5K,0.0,,1.0,1.0,Unknown
INPPL1,0.0,,1.0,1.0,Unknown
INS,0.0,,1.0,1.0,Unknown
INS-IGF2,0.0,,1.0,1.0,Unknown
INSC,0.0,,1.0,1.0,Unknown
INSIG1,0.0,,1.0,1.0,Unknown
INSIG2,0.0,,1.0,1.0,Unknown
INSL3,0.0,,1.0,1.0,Unknown
INGX,0.0,,1.0,1.0,Unknown
INHA,0.0,,1.0,1.0,Unknown
INHBA,0.0,,1.0,1.0,Unknown
INHBA-AS1,0.0,,1.0,1.0,Unknown
INHBB,0.0,,1.0,1.0,Unknown
INHBC,0.0,,1.0,1.0,Unknown
INHBE,0.0,,1.0,1.0,Unknown
INIP,0.0,,1.0,1.0,Unknown
INMT,0.0,,1.0,1.0,Unknown
INO80,0.0,,1.0,1.0,Unknown
INO80B,0.0,,1.0,1.0,Unknown
INO80B-WBP1,0.0,,1.0,1.0,Unknown
INO80C,0.0,,1.0,1.0,Unknown
INO80D,0.0,,1.0,1.0,Unknown
INO80E,0.0,,1.0,1.0,Unknown
INPP1,0.0,,1.0,1.0,Unknown
IMPAD1,0.0,,1.0,1.0,Unknown
IMPDH1,0.0,,1.0,1.0,Unknown
IMPDH2,0.0,,1.0,1.0,Unknown
IMPG1,0.0,,1.0,1.0,Unknown
IMPG2,0.0,,1.0,1.0,Unknown
INA,0.0,,1.0,1.0,Unknown
INCA1,0.0,,1.0,1.0,Unknown
INCENP,0.0,,1.0,1.0,Unknown
INE1,0.0,,1.0,1.0,Unknown
INE2,0.0,,1.0,1.0,Unknown
INF2,0.0,,1.0,1.0,Unknown
ING1,0.0,,1.0,1.0,Unknown
ING2,0.0,,1.0,1.0,Unknown
ING3,0.0,,1.0,1.0,Unknown
ING4,0.0,,1.0,1.0,Unknown
ING5,0.0,,1.0,1.0,Unknown
ILDR1,0.0,,1.0,1.0,Unknown
ILDR2,0.0,,1.0,1.0,Unknown
ILF2,0.0,,1.0,1.0,Unknown
ILF3,0.0,,1.0,1.0,Unknown
ILF3-AS1,0.0,,1.0,1.0,Unknown
ILK,0.0,,1.0,1.0,Unknown
ILKAP,0.0,,1.0,1.0,Unknown
ILVBL,0.0,,1.0,1.0,Unknown
IMMP1L,0.0,,1.0,1.0,Unknown
IMMP2L,0.0,,1.0,1.0,Unknown
IMMT,0.0,,1.0,1.0,Unknown
IMP3,0.0,,1.0,1.0,Unknown
IMP4,0.0,,1.0,1.0,Unknown
IMPA1,0.0,,1.0,1.0,Unknown
IMPA2,0.0,,1.0,1.0,Unknown
IMPACT,0.0,,1.0,1.0,Unknown
IL36G,0.0,,1.0,1.0,Unknown
IL36RN,0.0,,1.0,1.0,Unknown
IL37,0.0,,1.0,1.0,Unknown
IL3RA,0.0,,1.0,1.0,Unknown
IL4,0.0,,1.0,1.0,Unknown
IL4I1,0.0,,1.0,1.0,Unknown
IL4R,0.0,,1.0,1.0,Unknown
IL5,0.0,,1.0,1.0,Unknown
IL5RA,0.0,,1.0,1.0,Unknown
IL6,0.0,,1.0,1.0,Unknown
IL6R,0.0,,1.0,1.0,Unknown
IL6ST,0.0,,1.0,1.0,Unknown
IL7,0.0,,1.0,1.0,Unknown
IL7R,0.0,,1.0,1.0,Unknown
IL9,0.0,,1.0,1.0,Unknown
IL9R,0.0,,1.0,1.0,Unknown
IL24,0.0,,1.0,1.0,Unknown
IL25,0.0,,1.0,1.0,Unknown
IL26,0.0,,1.0,1.0,Unknown
IL27,0.0,,1.0,1.0,Unknown
IL27RA,0.0,,1.0,1.0,Unknown
IL2RA,0.0,,1.0,1.0,Unknown
IL2RB,0.0,,1.0,1.0,Unknown
IL2RG,0.0,,1.0,1.0,Unknown
IL3,0.0,,1.0,1.0,Unknown
IL31,0.0,,1.0,1.0,Unknown
IL31RA,0.0,,1.0,1.0,Unknown
IL32,0.0,,1.0,1.0,Unknown
IL33,0.0,,1.0,1.0,Unknown
IL34,0.0,,1.0,1.0,Unknown
IL36A,0.0,,1.0,1.0,Unknown
IL36B,0.0,,1.0,1.0,Unknown
IL1RAPL2,0.0,,1.0,1.0,Unknown
IL1RL1,0.0,,1.0,1.0,Unknown
IL1RL2,0.0,,1.0,1.0,Unknown
IL1RN,0.0,,1.0,1.0,Unknown
IL2,0.0,,1.0,1.0,Unknown
IL20,0.0,,1.0,1.0,Unknown
IL20RA,0.0,,1.0,1.0,Unknown
IL20RB,0.0,,1.0,1.0,Unknown
IL21,0.0,,1.0,1.0,Unknown
IL21R,0.0,,1.0,1.0,Unknown
IL21R-AS1,0.0,,1.0,1.0,Unknown
IL22,0.0,,1.0,1.0,Unknown
IL22RA1,0.0,,1.0,1.0,Unknown
IL22RA2,0.0,,1.0,1.0,Unknown
IL23A,0.0,,1.0,1.0,Unknown
IL23R,0.0,,1.0,1.0,Unknown
IL17RC,0.0,,1.0,1.0,Unknown
IL17RD,0.0,,1.0,1.0,Unknown
IL17RE,0.0,,1.0,1.0,Unknown
IL17REL,0.0,,1.0,1.0,Unknown
IL18,0.0,,1.0,1.0,Unknown
IL18BP,0.0,,1.0,1.0,Unknown
IL18R1,0.0,,1.0,1.0,Unknown
IL18RAP,0.0,,1.0,1.0,Unknown
IL19,0.0,,1.0,1.0,Unknown
IL1A,0.0,,1.0,1.0,Unknown
IL1B,0.0,,1.0,1.0,Unknown
IL1F10,0.0,,1.0,1.0,Unknown
IL1R1,0.0,,1.0,1.0,Unknown
IL1R2,0.0,,1.0,1.0,Unknown
IL1RAP,0.0,,1.0,1.0,Unknown
IL1RAPL1,0.0,,1.0,1.0,Unknown
IL12B,0.0,,1.0,1.0,Unknown
IL12RB1,0.0,,1.0,1.0,Unknown
IL12RB2,0.0,,1.0,1.0,Unknown
IL13,0.0,,1.0,1.0,Unknown
IL13RA1,0.0,,1.0,1.0,Unknown
IL13RA2,0.0,,1.0,1.0,Unknown
IL15,0.0,,1.0,1.0,Unknown
IL15RA,0.0,,1.0,1.0,Unknown
IL16,0.0,,1.0,1.0,Unknown
IL17A,0.0,,1.0,1.0,Unknown
IL17B,0.0,,1.0,1.0,Unknown
IL17C,0.0,,1.0,1.0,Unknown
IL17D,0.0,,1.0,1.0,Unknown
IL17F,0.0,,1.0,1.0,Unknown
IL17RA,0.0,,1.0,1.0,Unknown
IL17RB,0.0,,1.0,1.0,Unknown
IKBKAP,0.0,,1.0,1.0,Unknown
IKBKB,0.0,,1.0,1.0,Unknown
IKBKE,0.0,,1.0,1.0,Unknown
IKBKG,0.0,,1.0,1.0,Unknown
IKZF1,0.0,,1.0,1.0,Unknown
IKZF2,0.0,,1.0,1.0,Unknown
IKZF3,0.0,,1.0,1.0,Unknown
IKZF4,0.0,,1.0,1.0,Unknown
IKZF5,0.0,,1.0,1.0,Unknown
IL10,0.0,,1.0,1.0,Unknown
IL10RA,0.0,,1.0,1.0,Unknown
IL10RB,0.0,,1.0,1.0,Unknown
IL10RB-AS1,0.0,,1.0,1.0,Unknown
IL11,0.0,,1.0,1.0,Unknown
IL11RA,0.0,,1.0,1.0,Unknown
IL12A,0.0,,1.0,1.0,Unknown
IGSF1,0.0,,1.0,1.0,Unknown
IGSF10,0.0,,1.0,1.0,Unknown
IGSF11,0.0,,1.0,1.0,Unknown
IGSF11-AS1,0.0,,1.0,1.0,Unknown
IGSF21,0.0,,1.0,1.0,Unknown
IGSF22,0.0,,1.0,1.0,Unknown
IGSF23,0.0,,1.0,1.0,Unknown
IGSF3,0.0,,1.0,1.0,Unknown
IGSF5,0.0,,1.0,1.0,Unknown
IGSF6,0.0,,1.0,1.0,Unknown
IGSF8,0.0,,1.0,1.0,Unknown
IGSF9,0.0,,1.0,1.0,Unknown
IGSF9B,0.0,,1.0,1.0,Unknown
IHH,0.0,,1.0,1.0,Unknown
IK,0.0,,1.0,1.0,Unknown
IKBIP,0.0,,1.0,1.0,Unknown
IGFBP5,0.0,,1.0,1.0,Unknown
IGFBP6,0.0,,1.0,1.0,Unknown
IGFBP7,0.0,,1.0,1.0,Unknown
IGFBPL1,0.0,,1.0,1.0,Unknown
IGFL1,0.0,,1.0,1.0,Unknown
IGFL2,0.0,,1.0,1.0,Unknown
IGFL3,0.0,,1.0,1.0,Unknown
IGFL4,0.0,,1.0,1.0,Unknown
IGFLR1,0.0,,1.0,1.0,Unknown
IGFN1,0.0,,1.0,1.0,Unknown
IGHMBP2,0.0,,1.0,1.0,Unknown
IGIP,0.0,,1.0,1.0,Unknown
IGLL1,0.0,,1.0,1.0,Unknown
IGLL3P,0.0,,1.0,1.0,Unknown
IGLL5,0.0,,1.0,1.0,Unknown
IGLON5,0.0,,1.0,1.0,Unknown
IGBP1P1,0.0,,1.0,1.0,Unknown
IGDCC3,0.0,,1.0,1.0,Unknown
IGDCC4,0.0,,1.0,1.0,Unknown
IGF1,0.0,,1.0,1.0,Unknown
IGF1R,0.0,,1.0,1.0,Unknown
IGF2,0.0,,1.0,1.0,Unknown
IGF2-AS,0.0,,1.0,1.0,Unknown
IGF2BP1,0.0,,1.0,1.0,Unknown
IGF2BP2,0.0,,1.0,1.0,Unknown
IGF2BP3,0.0,,1.0,1.0,Unknown
IGF2R,0.0,,1.0,1.0,Unknown
IGFALS,0.0,,1.0,1.0,Unknown
IGFBP1,0.0,,1.0,1.0,Unknown
IGFBP2,0.0,,1.0,1.0,Unknown
IGFBP3,0.0,,1.0,1.0,Unknown
IGFBP4,0.0,,1.0,1.0,Unknown
IFRD1,0.0,,1.0,1.0,Unknown
IFRD2,0.0,,1.0,1.0,Unknown
IFT122,0.0,,1.0,1.0,Unknown
IFT140,0.0,,1.0,1.0,Unknown
IFT172,0.0,,1.0,1.0,Unknown
IFT20,0.0,,1.0,1.0,Unknown
IFT27,0.0,,1.0,1.0,Unknown
IFT43,0.0,,1.0,1.0,Unknown
IFT46,0.0,,1.0,1.0,Unknown
IFT52,0.0,,1.0,1.0,Unknown
IFT57,0.0,,1.0,1.0,Unknown
IFT74,0.0,,1.0,1.0,Unknown
IFT80,0.0,,1.0,1.0,Unknown
IFT81,0.0,,1.0,1.0,Unknown
IFT88,0.0,,1.0,1.0,Unknown
IGBP1,0.0,,1.0,1.0,Unknown
IFNA7,0.0,,1.0,1.0,Unknown
IFNA8,0.0,,1.0,1.0,Unknown
IFNAR1,0.0,,1.0,1.0,Unknown
IFNAR2,0.0,,1.0,1.0,Unknown
IFNB1,0.0,,1.0,1.0,Unknown
IFNE,0.0,,1.0,1.0,Unknown
IFNG,0.0,,1.0,1.0,Unknown
IFNGR1,0.0,,1.0,1.0,Unknown
IFNGR2,0.0,,1.0,1.0,Unknown
IFNK,0.0,,1.0,1.0,Unknown
IFNL1,0.0,,1.0,1.0,Unknown
IFNL2,0.0,,1.0,1.0,Unknown
IFNL3,0.0,,1.0,1.0,Unknown
IFNL4,0.0,,1.0,1.0,Unknown
IFNLR1,0.0,,1.0,1.0,Unknown
IFNW1,0.0,,1.0,1.0,Unknown
IFITM2,0.0,,1.0,1.0,Unknown
IFITM3,0.0,,1.0,1.0,Unknown
IFITM4P,0.0,,1.0,1.0,Unknown
IFITM5,0.0,,1.0,1.0,Unknown
IFNA1,0.0,,1.0,1.0,Unknown
IFNA10,0.0,,1.0,1.0,Unknown
IFNA13,0.0,,1.0,1.0,Unknown
IFNA14,0.0,,1.0,1.0,Unknown
IFNA16,0.0,,1.0,1.0,Unknown
IFNA17,0.0,,1.0,1.0,Unknown
IFNA2,0.0,,1.0,1.0,Unknown
IFNA21,0.0,,1.0,1.0,Unknown
IFNA22P,0.0,,1.0,1.0,Unknown
IFNA4,0.0,,1.0,1.0,Unknown
IFNA5,0.0,,1.0,1.0,Unknown
IFNA6,0.0,,1.0,1.0,Unknown
IFI27,0.0,,1.0,1.0,Unknown
IFI27L1,0.0,,1.0,1.0,Unknown
IFI27L2,0.0,,1.0,1.0,Unknown
IFI30,0.0,,1.0,1.0,Unknown
IFI35,0.0,,1.0,1.0,Unknown
IFI44,0.0,,1.0,1.0,Unknown
IFI44L,0.0,,1.0,1.0,Unknown
IFI6,0.0,,1.0,1.0,Unknown
IFIH1,0.0,,1.0,1.0,Unknown
IFIT1,0.0,,1.0,1.0,Unknown
IFIT1B,0.0,,1.0,1.0,Unknown
IFIT2,0.0,,1.0,1.0,Unknown
IFIT3,0.0,,1.0,1.0,Unknown
IFIT5,0.0,,1.0,1.0,Unknown
IFITM1,0.0,,1.0,1.0,Unknown
IFITM10,0.0,,1.0,1.0,Unknown
IDI1,0.0,,1.0,1.0,Unknown
IDI2,0.0,,1.0,1.0,Unknown
IDI2-AS1,0.0,,1.0,1.0,Unknown
IDNK,0.0,,1.0,1.0,Unknown
IDO1,0.0,,1.0,1.0,Unknown
IDO2,0.0,,1.0,1.0,Unknown
IDS,0.0,,1.0,1.0,Unknown
IDUA,0.0,,1.0,1.0,Unknown
IER2,0.0,,1.0,1.0,Unknown
IER3,0.0,,1.0,1.0,Unknown
IER3IP1,0.0,,1.0,1.0,Unknown
IER5,0.0,,1.0,1.0,Unknown
IER5L,0.0,,1.0,1.0,Unknown
IFFO1,0.0,,1.0,1.0,Unknown
IFFO2,0.0,,1.0,1.0,Unknown
IFI16,0.0,,1.0,1.0,Unknown
ICAM5,0.0,,1.0,1.0,Unknown
ICK,0.0,,1.0,1.0,Unknown
ICMT,0.0,,1.0,1.0,Unknown
ICOS,0.0,,1.0,1.0,Unknown
ICOSLG,0.0,,1.0,1.0,Unknown
ID1,0.0,,1.0,1.0,Unknown
ID2,0.0,,1.0,1.0,Unknown
ID3,0.0,,1.0,1.0,Unknown
ID4,0.0,,1.0,1.0,Unknown
IDE,0.0,,1.0,1.0,Unknown
IDH1,0.0,,1.0,1.0,Unknown
IDH1-AS1,0.0,,1.0,1.0,Unknown
IDH2,0.0,,1.0,1.0,Unknown
IDH3A,0.0,,1.0,1.0,Unknown
IDH3B,0.0,,1.0,1.0,Unknown
IDH3G,0.0,,1.0,1.0,Unknown
HYMAI,0.0,,1.0,1.0,Unknown
HYOU1,0.0,,1.0,1.0,Unknown
HYPK,0.0,,1.0,1.0,Unknown
IAH1,0.0,,1.0,1.0,Unknown
IAPP,0.0,,1.0,1.0,Unknown
IARS,0.0,,1.0,1.0,Unknown
IARS2,0.0,,1.0,1.0,Unknown
IBA57,0.0,,1.0,1.0,Unknown
IBSP,0.0,,1.0,1.0,Unknown
IBTK,0.0,,1.0,1.0,Unknown
ICA1,0.0,,1.0,1.0,Unknown
ICA1L,0.0,,1.0,1.0,Unknown
ICAM1,0.0,,1.0,1.0,Unknown
ICAM2,0.0,,1.0,1.0,Unknown
ICAM3,0.0,,1.0,1.0,Unknown
ICAM4,0.0,,1.0,1.0,Unknown
HULC,0.0,,1.0,1.0,Unknown
HUNK,0.0,,1.0,1.0,Unknown
HUS1,0.0,,1.0,1.0,Unknown
HUS1B,0.0,,1.0,1.0,Unknown
HUWE1,0.0,,1.0,1.0,Unknown
HVCN1,0.0,,1.0,1.0,Unknown
HYAL1,0.0,,1.0,1.0,Unknown
HYAL2,0.0,,1.0,1.0,Unknown
HYAL3,0.0,,1.0,1.0,Unknown
HYAL4,0.0,,1.0,1.0,Unknown
HYALP1,0.0,,1.0,1.0,Unknown
HYDIN,0.0,,1.0,1.0,Unknown
HYDIN2,0.0,,1.0,1.0,Unknown
HYI,0.0,,1.0,1.0,Unknown
HYKK,0.0,,1.0,1.0,Unknown
HYLS1,0.0,,1.0,1.0,Unknown
HTR2C,0.0,,1.0,1.0,Unknown
HTR3A,0.0,,1.0,1.0,Unknown
HTR3B,0.0,,1.0,1.0,Unknown
HTR3C,0.0,,1.0,1.0,Unknown
HTR3D,0.0,,1.0,1.0,Unknown
HTR3E,0.0,,1.0,1.0,Unknown
HTR4,0.0,,1.0,1.0,Unknown
HTR5A,0.0,,1.0,1.0,Unknown
HTR6,0.0,,1.0,1.0,Unknown
HTR7,0.0,,1.0,1.0,Unknown
HTR7P1,0.0,,1.0,1.0,Unknown
HTRA1,0.0,,1.0,1.0,Unknown
HTRA2,0.0,,1.0,1.0,Unknown
HTRA3,0.0,,1.0,1.0,Unknown
HTRA4,0.0,,1.0,1.0,Unknown
HTT,0.0,,1.0,1.0,Unknown
HSPE1,0.0,,1.0,1.0,Unknown
HSPE1-MOB4,0.0,,1.0,1.0,Unknown
HSPG2,0.0,,1.0,1.0,Unknown
HSPH1,0.0,,1.0,1.0,Unknown
HTATIP2,0.0,,1.0,1.0,Unknown
HTATSF1,0.0,,1.0,1.0,Unknown
HTN1,0.0,,1.0,1.0,Unknown
HTN3,0.0,,1.0,1.0,Unknown
HTR1A,0.0,,1.0,1.0,Unknown
HTR1B,0.0,,1.0,1.0,Unknown
HTR1D,0.0,,1.0,1.0,Unknown
HTR1E,0.0,,1.0,1.0,Unknown
HTR1F,0.0,,1.0,1.0,Unknown
HTR2A,0.0,,1.0,1.0,Unknown
HTR2A-AS1,0.0,,1.0,1.0,Unknown
HTR2B,0.0,,1.0,1.0,Unknown
HSPA6,0.0,,1.0,1.0,Unknown
HSPA7,0.0,,1.0,1.0,Unknown
HSPA8,0.0,,1.0,1.0,Unknown
HSPA9,0.0,,1.0,1.0,Unknown
HSPB1,0.0,,1.0,1.0,Unknown
HSPB11,0.0,,1.0,1.0,Unknown
HSPB2,0.0,,1.0,1.0,Unknown
HSPB2-C11orf52,0.0,,1.0,1.0,Unknown
HSPB3,0.0,,1.0,1.0,Unknown
HSPB6,0.0,,1.0,1.0,Unknown
HSPB7,0.0,,1.0,1.0,Unknown
HSPB8,0.0,,1.0,1.0,Unknown
HSPB9,0.0,,1.0,1.0,Unknown
HSPBAP1,0.0,,1.0,1.0,Unknown
HSPBP1,0.0,,1.0,1.0,Unknown
HSPD1,0.0,,1.0,1.0,Unknown
HSH2D,0.0,,1.0,1.0,Unknown
HSP90AA1,0.0,,1.0,1.0,Unknown
HSP90AB1,0.0,,1.0,1.0,Unknown
HSP90B1,0.0,,1.0,1.0,Unknown
HSP90B2P,0.0,,1.0,1.0,Unknown
HSPA12A,0.0,,1.0,1.0,Unknown
HSPA12B,0.0,,1.0,1.0,Unknown
HSPA13,0.0,,1.0,1.0,Unknown
HSPA14,0.0,,1.0,1.0,Unknown
HSPA1A,0.0,,1.0,1.0,Unknown
HSPA1B,0.0,,1.0,1.0,Unknown
HSPA1L,0.0,,1.0,1.0,Unknown
HSPA2,0.0,,1.0,1.0,Unknown
HSPA4,0.0,,1.0,1.0,Unknown
HSPA4L,0.0,,1.0,1.0,Unknown
HSPA5,0.0,,1.0,1.0,Unknown
HSD3B1,0.0,,1.0,1.0,Unknown
HSD3B2,0.0,,1.0,1.0,Unknown
HSD3B7,0.0,,1.0,1.0,Unknown
HSD3BP4,0.0,,1.0,1.0,Unknown
HSDL1,0.0,,1.0,1.0,Unknown
HSDL2,0.0,,1.0,1.0,Unknown
HSF1,0.0,,1.0,1.0,Unknown
HSF2,0.0,,1.0,1.0,Unknown
HSF2BP,0.0,,1.0,1.0,Unknown
HSF4,0.0,,1.0,1.0,Unknown
HSF5,0.0,,1.0,1.0,Unknown
HSFX1,0.0,,1.0,1.0,Unknown
HSFX2,0.0,,1.0,1.0,Unknown
HSFY1,0.0,,1.0,1.0,Unknown
HSFY1P1,0.0,,1.0,1.0,Unknown
HSFY2,0.0,,1.0,1.0,Unknown
HSD11B1,0.0,,1.0,1.0,Unknown
HSD11B1L,0.0,,1.0,1.0,Unknown
HSD11B2,0.0,,1.0,1.0,Unknown
HSD17B1,0.0,,1.0,1.0,Unknown
HSD17B10,0.0,,1.0,1.0,Unknown
HSD17B11,0.0,,1.0,1.0,Unknown
HSD17B12,0.0,,1.0,1.0,Unknown
HSD17B13,0.0,,1.0,1.0,Unknown
HSD17B14,0.0,,1.0,1.0,Unknown
HSD17B2,0.0,,1.0,1.0,Unknown
HSD17B3,0.0,,1.0,1.0,Unknown
HSD17B4,0.0,,1.0,1.0,Unknown
HSD17B6,0.0,,1.0,1.0,Unknown
HSD17B7,0.0,,1.0,1.0,Unknown
HSD17B7P2,0.0,,1.0,1.0,Unknown
HSD17B8,0.0,,1.0,1.0,Unknown
HS1BP3,0.0,,1.0,1.0,Unknown
HS2ST1,0.0,,1.0,1.0,Unknown
HS3ST1,0.0,,1.0,1.0,Unknown
HS3ST2,0.0,,1.0,1.0,Unknown
HS3ST3A1,0.0,,1.0,1.0,Unknown
HS3ST3B1,0.0,,1.0,1.0,Unknown
HS3ST4,0.0,,1.0,1.0,Unknown
HS3ST5,0.0,,1.0,1.0,Unknown
HS3ST6,0.0,,1.0,1.0,Unknown
HS6ST1,0.0,,1.0,1.0,Unknown
HS6ST2,0.0,,1.0,1.0,Unknown
HS6ST2-AS1,0.0,,1.0,1.0,Unknown
HS6ST3,0.0,,1.0,1.0,Unknown
HSBP1,0.0,,1.0,1.0,Unknown
HSBP1L1,0.0,,1.0,1.0,Unknown
HSCB,0.0,,1.0,1.0,Unknown
HPX,0.0,,1.0,1.0,Unknown
HPYR1,0.0,,1.0,1.0,Unknown
HR,0.0,,1.0,1.0,Unknown
HRAS,0.0,,1.0,1.0,Unknown
HRASLS,0.0,,1.0,1.0,Unknown
HRASLS2,0.0,,1.0,1.0,Unknown
HRASLS5,0.0,,1.0,1.0,Unknown
HRC,0.0,,1.0,1.0,Unknown
HRCT1,0.0,,1.0,1.0,Unknown
HRG,0.0,,1.0,1.0,Unknown
HRH1,0.0,,1.0,1.0,Unknown
HRH2,0.0,,1.0,1.0,Unknown
HRH3,0.0,,1.0,1.0,Unknown
HRH4,0.0,,1.0,1.0,Unknown
HRK,0.0,,1.0,1.0,Unknown
HRNR,0.0,,1.0,1.0,Unknown
HPD,0.0,,1.0,1.0,Unknown
HPDL,0.0,,1.0,1.0,Unknown
HPGD,0.0,,1.0,1.0,Unknown
HPGDS,0.0,,1.0,1.0,Unknown
HPN,0.0,,1.0,1.0,Unknown
HPN-AS1,0.0,,1.0,1.0,Unknown
HPR,0.0,,1.0,1.0,Unknown
HPRT1,0.0,,1.0,1.0,Unknown
HPS1,0.0,,1.0,1.0,Unknown
HPS3,0.0,,1.0,1.0,Unknown
HPS4,0.0,,1.0,1.0,Unknown
HPS5,0.0,,1.0,1.0,Unknown
HPS6,0.0,,1.0,1.0,Unknown
HPSE,0.0,,1.0,1.0,Unknown
HPSE2,0.0,,1.0,1.0,Unknown
HPVC1,0.0,,1.0,1.0,Unknown
HOXC9,0.0,,1.0,1.0,Unknown
HOXD-AS2,0.0,,1.0,1.0,Unknown
HOXD1,0.0,,1.0,1.0,Unknown
HOXD10,0.0,,1.0,1.0,Unknown
HOXD11,0.0,,1.0,1.0,Unknown
HOXD12,0.0,,1.0,1.0,Unknown
HOXD13,0.0,,1.0,1.0,Unknown
HOXD3,0.0,,1.0,1.0,Unknown
HOXD4,0.0,,1.0,1.0,Unknown
HOXD8,0.0,,1.0,1.0,Unknown
HOXD9,0.0,,1.0,1.0,Unknown
HP,0.0,,1.0,1.0,Unknown
HP1BP3,0.0,,1.0,1.0,Unknown
HPCA,0.0,,1.0,1.0,Unknown
HPCAL1,0.0,,1.0,1.0,Unknown
HPCAL4,0.0,,1.0,1.0,Unknown
HOXB2,0.0,,1.0,1.0,Unknown
HOXB3,0.0,,1.0,1.0,Unknown
HOXB4,0.0,,1.0,1.0,Unknown
HOXB5,0.0,,1.0,1.0,Unknown
HOXB6,0.0,,1.0,1.0,Unknown
HOXB7,0.0,,1.0,1.0,Unknown
HOXB8,0.0,,1.0,1.0,Unknown
HOXB9,0.0,,1.0,1.0,Unknown
HOXC10,0.0,,1.0,1.0,Unknown
HOXC11,0.0,,1.0,1.0,Unknown
HOXC12,0.0,,1.0,1.0,Unknown
HOXC13,0.0,,1.0,1.0,Unknown
HOXC4,0.0,,1.0,1.0,Unknown
HOXC5,0.0,,1.0,1.0,Unknown
HOXC6,0.0,,1.0,1.0,Unknown
HOXC8,0.0,,1.0,1.0,Unknown
HOXA1,0.0,,1.0,1.0,Unknown
HOXA10,0.0,,1.0,1.0,Unknown
HOXA11,0.0,,1.0,1.0,Unknown
HOXA11-AS,0.0,,1.0,1.0,Unknown
HOXA13,0.0,,1.0,1.0,Unknown
HOXA2,0.0,,1.0,1.0,Unknown
HOXA3,0.0,,1.0,1.0,Unknown
HOXA4,0.0,,1.0,1.0,Unknown
HOXA5,0.0,,1.0,1.0,Unknown
HOXA6,0.0,,1.0,1.0,Unknown
HOXA7,0.0,,1.0,1.0,Unknown
HOXA9,0.0,,1.0,1.0,Unknown
HOXB-AS1,0.0,,1.0,1.0,Unknown
HOXB-AS3,0.0,,1.0,1.0,Unknown
HOXB1,0.0,,1.0,1.0,Unknown
HOXB13,0.0,,1.0,1.0,Unknown
HNRNPUL2-BSCL2,0.0,,1.0,1.0,Unknown
HOGA1,0.0,,1.0,1.0,Unknown
HOMER1,0.0,,1.0,1.0,Unknown
HOMER2,0.0,,1.0,1.0,Unknown
HOMER3,0.0,,1.0,1.0,Unknown
HOMEZ,0.0,,1.0,1.0,Unknown
HOOK1,0.0,,1.0,1.0,Unknown
HOOK2,0.0,,1.0,1.0,Unknown
HOOK3,0.0,,1.0,1.0,Unknown
HOPX,0.0,,1.0,1.0,Unknown
HORMAD1,0.0,,1.0,1.0,Unknown
HORMAD2,0.0,,1.0,1.0,Unknown
HOTAIR,0.0,,1.0,1.0,Unknown
HOTAIRM1,0.0,,1.0,1.0,Unknown
HOTTIP,0.0,,1.0,1.0,Unknown
HOXA-AS3,0.0,,1.0,1.0,Unknown
HNRNPCL1,0.0,,1.0,1.0,Unknown
HNRNPD,0.0,,1.0,1.0,Unknown
HNRNPDL,0.0,,1.0,1.0,Unknown
HNRNPF,0.0,,1.0,1.0,Unknown
HNRNPH1,0.0,,1.0,1.0,Unknown
HNRNPH2,0.0,,1.0,1.0,Unknown
HNRNPH3,0.0,,1.0,1.0,Unknown
HNRNPK,0.0,,1.0,1.0,Unknown
HNRNPKP3,0.0,,1.0,1.0,Unknown
HNRNPL,0.0,,1.0,1.0,Unknown
HNRNPLL,0.0,,1.0,1.0,Unknown
HNRNPM,0.0,,1.0,1.0,Unknown
HNRNPR,0.0,,1.0,1.0,Unknown
HNRNPU,0.0,,1.0,1.0,Unknown
HNRNPUL1,0.0,,1.0,1.0,Unknown
HNRNPUL2,0.0,,1.0,1.0,Unknown
HNF1A,0.0,,1.0,1.0,Unknown
HNF1A-AS1,0.0,,1.0,1.0,Unknown
HNF1B,0.0,,1.0,1.0,Unknown
HNF4A,0.0,,1.0,1.0,Unknown
HNF4G,0.0,,1.0,1.0,Unknown
HNMT,0.0,,1.0,1.0,Unknown
HNRNPA0,0.0,,1.0,1.0,Unknown
HNRNPA1,0.0,,1.0,1.0,Unknown
HNRNPA1L2,0.0,,1.0,1.0,Unknown
HNRNPA1P10,0.0,,1.0,1.0,Unknown
HNRNPA1P33,0.0,,1.0,1.0,Unknown
HNRNPA2B1,0.0,,1.0,1.0,Unknown
HNRNPA3,0.0,,1.0,1.0,Unknown
HNRNPA3P1,0.0,,1.0,1.0,Unknown
HNRNPAB,0.0,,1.0,1.0,Unknown
HNRNPC,0.0,,1.0,1.0,Unknown
HMGN1,0.0,,1.0,1.0,Unknown
HMGN2,0.0,,1.0,1.0,Unknown
HMGN2P46,0.0,,1.0,1.0,Unknown
HMGN3,0.0,,1.0,1.0,Unknown
HMGN4,0.0,,1.0,1.0,Unknown
HMGN5,0.0,,1.0,1.0,Unknown
HMGXB3,0.0,,1.0,1.0,Unknown
HMGXB4,0.0,,1.0,1.0,Unknown
HMHB1,0.0,,1.0,1.0,Unknown
HMMR,0.0,,1.0,1.0,Unknown
HMOX1,0.0,,1.0,1.0,Unknown
HMOX2,0.0,,1.0,1.0,Unknown
HMSD,0.0,,1.0,1.0,Unknown
HMX1,0.0,,1.0,1.0,Unknown
HMX2,0.0,,1.0,1.0,Unknown
HMX3,0.0,,1.0,1.0,Unknown
HMCN1,0.0,,1.0,1.0,Unknown
HMG20A,0.0,,1.0,1.0,Unknown
HMG20B,0.0,,1.0,1.0,Unknown
HMGA1,0.0,,1.0,1.0,Unknown
HMGA1P7,0.0,,1.0,1.0,Unknown
HMGA2,0.0,,1.0,1.0,Unknown
HMGB1,0.0,,1.0,1.0,Unknown
HMGB2,0.0,,1.0,1.0,Unknown
HMGB3,0.0,,1.0,1.0,Unknown
HMGB3P1,0.0,,1.0,1.0,Unknown
HMGB4,0.0,,1.0,1.0,Unknown
HMGCL,0.0,,1.0,1.0,Unknown
HMGCLL1,0.0,,1.0,1.0,Unknown
HMGCR,0.0,,1.0,1.0,Unknown
HMGCS1,0.0,,1.0,1.0,Unknown
HMGCS2,0.0,,1.0,1.0,Unknown
HLA-E,0.0,,1.0,1.0,Unknown
HLA-F,0.0,,1.0,1.0,Unknown
HLA-F-AS1,0.0,,1.0,1.0,Unknown
HLA-G,0.0,,1.0,1.0,Unknown
HLA-H,0.0,,1.0,1.0,Unknown
HLA-J,0.0,,1.0,1.0,Unknown
HLA-L,0.0,,1.0,1.0,Unknown
HLCS,0.0,,1.0,1.0,Unknown
HLF,0.0,,1.0,1.0,Unknown
HLTF,0.0,,1.0,1.0,Unknown
HLTF-AS1,0.0,,1.0,1.0,Unknown
HLX,0.0,,1.0,1.0,Unknown
HM13,0.0,,1.0,1.0,Unknown
HM13-AS1,0.0,,1.0,1.0,Unknown
HMBOX1,0.0,,1.0,1.0,Unknown
HMBS,0.0,,1.0,1.0,Unknown
HLA-C,0.0,,1.0,1.0,Unknown
HLA-DMA,0.0,,1.0,1.0,Unknown
HLA-DMB,0.0,,1.0,1.0,Unknown
HLA-DOA,0.0,,1.0,1.0,Unknown
HLA-DOB,0.0,,1.0,1.0,Unknown
HLA-DPA1,0.0,,1.0,1.0,Unknown
HLA-DPB1,0.0,,1.0,1.0,Unknown
HLA-DPB2,0.0,,1.0,1.0,Unknown
HLA-DQA1,0.0,,1.0,1.0,Unknown
HLA-DQA2,0.0,,1.0,1.0,Unknown
HLA-DQB1,0.0,,1.0,1.0,Unknown
HLA-DQB2,0.0,,1.0,1.0,Unknown
HLA-DRA,0.0,,1.0,1.0,Unknown
HLA-DRB1,0.0,,1.0,1.0,Unknown
HLA-DRB5,0.0,,1.0,1.0,Unknown
HLA-DRB6,0.0,,1.0,1.0,Unknown
HIST2H4B,0.0,,1.0,1.0,Unknown
HIST3H2A,0.0,,1.0,1.0,Unknown
HIST3H2BB,0.0,,1.0,1.0,Unknown
HIST3H3,0.0,,1.0,1.0,Unknown
HIST4H4,0.0,,1.0,1.0,Unknown
HIVEP1,0.0,,1.0,1.0,Unknown
HIVEP2,0.0,,1.0,1.0,Unknown
HIVEP3,0.0,,1.0,1.0,Unknown
HJURP,0.0,,1.0,1.0,Unknown
HK1,0.0,,1.0,1.0,Unknown
HK2,0.0,,1.0,1.0,Unknown
HK3,0.0,,1.0,1.0,Unknown
HKDC1,0.0,,1.0,1.0,Unknown
HKR1,0.0,,1.0,1.0,Unknown
HLA-A,0.0,,1.0,1.0,Unknown
HLA-B,0.0,,1.0,1.0,Unknown
HIST1H4H,0.0,,1.0,1.0,Unknown
HIST1H4I,0.0,,1.0,1.0,Unknown
HIST1H4J,0.0,,1.0,1.0,Unknown
HIST1H4K,0.0,,1.0,1.0,Unknown
HIST1H4L,0.0,,1.0,1.0,Unknown
HIST2H2AA3,0.0,,1.0,1.0,Unknown
HIST2H2AA4,0.0,,1.0,1.0,Unknown
HIST2H2AB,0.0,,1.0,1.0,Unknown
HIST2H2AC,0.0,,1.0,1.0,Unknown
HIST2H2BA,0.0,,1.0,1.0,Unknown
HIST2H2BE,0.0,,1.0,1.0,Unknown
HIST2H2BF,0.0,,1.0,1.0,Unknown
HIST2H3A,0.0,,1.0,1.0,Unknown
HIST2H3C,0.0,,1.0,1.0,Unknown
HIST2H3D,0.0,,1.0,1.0,Unknown
HIST2H4A,0.0,,1.0,1.0,Unknown
HIST1H3B,0.0,,1.0,1.0,Unknown
HIST1H3C,0.0,,1.0,1.0,Unknown
HIST1H3D,0.0,,1.0,1.0,Unknown
HIST1H3E,0.0,,1.0,1.0,Unknown
HIST1H3F,0.0,,1.0,1.0,Unknown
HIST1H3G,0.0,,1.0,1.0,Unknown
HIST1H3H,0.0,,1.0,1.0,Unknown
HIST1H3I,0.0,,1.0,1.0,Unknown
HIST1H3J,0.0,,1.0,1.0,Unknown
HIST1H4A,0.0,,1.0,1.0,Unknown
HIST1H4B,0.0,,1.0,1.0,Unknown
HIST1H4C,0.0,,1.0,1.0,Unknown
HIST1H4D,0.0,,1.0,1.0,Unknown
HIST1H4E,0.0,,1.0,1.0,Unknown
HIST1H4F,0.0,,1.0,1.0,Unknown
HIST1H4G,0.0,,1.0,1.0,Unknown
HIST1H2BA,0.0,,1.0,1.0,Unknown
HIST1H2BB,0.0,,1.0,1.0,Unknown
HIST1H2BC,0.0,,1.0,1.0,Unknown
HIST1H2BD,0.0,,1.0,1.0,Unknown
HIST1H2BE,0.0,,1.0,1.0,Unknown
HIST1H2BF,0.0,,1.0,1.0,Unknown
HIST1H2BG,0.0,,1.0,1.0,Unknown
HIST1H2BH,0.0,,1.0,1.0,Unknown
HIST1H2BI,0.0,,1.0,1.0,Unknown
HIST1H2BJ,0.0,,1.0,1.0,Unknown
HIST1H2BK,0.0,,1.0,1.0,Unknown
HIST1H2BL,0.0,,1.0,1.0,Unknown
HIST1H2BM,0.0,,1.0,1.0,Unknown
HIST1H2BN,0.0,,1.0,1.0,Unknown
HIST1H2BO,0.0,,1.0,1.0,Unknown
HIST1H3A,0.0,,1.0,1.0,Unknown
HIST1H1C,0.0,,1.0,1.0,Unknown
HIST1H1D,0.0,,1.0,1.0,Unknown
HIST1H1E,0.0,,1.0,1.0,Unknown
HIST1H1T,0.0,,1.0,1.0,Unknown
HIST1H2AA,0.0,,1.0,1.0,Unknown
HIST1H2AB,0.0,,1.0,1.0,Unknown
HIST1H2AC,0.0,,1.0,1.0,Unknown
HIST1H2AD,0.0,,1.0,1.0,Unknown
HIST1H2AE,0.0,,1.0,1.0,Unknown
HIST1H2AG,0.0,,1.0,1.0,Unknown
HIST1H2AH,0.0,,1.0,1.0,Unknown
HIST1H2AI,0.0,,1.0,1.0,Unknown
HIST1H2AJ,0.0,,1.0,1.0,Unknown
HIST1H2AK,0.0,,1.0,1.0,Unknown
HIST1H2AL,0.0,,1.0,1.0,Unknown
HIST1H2AM,0.0,,1.0,1.0,Unknown
HILPDA,0.0,,1.0,1.0,Unknown
HILS1,0.0,,1.0,1.0,Unknown
HINFP,0.0,,1.0,1.0,Unknown
HINT1,0.0,,1.0,1.0,Unknown
HINT2,0.0,,1.0,1.0,Unknown
HINT3,0.0,,1.0,1.0,Unknown
HIP1,0.0,,1.0,1.0,Unknown
HIP1R,0.0,,1.0,1.0,Unknown
HIPK1,0.0,,1.0,1.0,Unknown
HIPK2,0.0,,1.0,1.0,Unknown
HIPK3,0.0,,1.0,1.0,Unknown
HIPK4,0.0,,1.0,1.0,Unknown
HIRA,0.0,,1.0,1.0,Unknown
HIRIP3,0.0,,1.0,1.0,Unknown
HIST1H1A,0.0,,1.0,1.0,Unknown
HIST1H1B,0.0,,1.0,1.0,Unknown
HHLA2,0.0,,1.0,1.0,Unknown
HHLA3,0.0,,1.0,1.0,Unknown
HIBADH,0.0,,1.0,1.0,Unknown
HIBCH,0.0,,1.0,1.0,Unknown
HIC1,0.0,,1.0,1.0,Unknown
HIC2,0.0,,1.0,1.0,Unknown
HID1,0.0,,1.0,1.0,Unknown
HIF1A,0.0,,1.0,1.0,Unknown
HIF1A-AS2,0.0,,1.0,1.0,Unknown
HIF1AN,0.0,,1.0,1.0,Unknown
HIF3A,0.0,,1.0,1.0,Unknown
HIGD1A,0.0,,1.0,1.0,Unknown
HIGD1B,0.0,,1.0,1.0,Unknown
HIGD1C,0.0,,1.0,1.0,Unknown
HIGD2A,0.0,,1.0,1.0,Unknown
HIGD2B,0.0,,1.0,1.0,Unknown
HFE,0.0,,1.0,1.0,Unknown
HFE2,0.0,,1.0,1.0,Unknown
HFM1,0.0,,1.0,1.0,Unknown
HGD,0.0,,1.0,1.0,Unknown
HGF,0.0,,1.0,1.0,Unknown
HGFAC,0.0,,1.0,1.0,Unknown
HGS,0.0,,1.0,1.0,Unknown
HGSNAT,0.0,,1.0,1.0,Unknown
HHAT,0.0,,1.0,1.0,Unknown
HHATL,0.0,,1.0,1.0,Unknown
HHEX,0.0,,1.0,1.0,Unknown
HHIP,0.0,,1.0,1.0,Unknown
HHIP-AS1,0.0,,1.0,1.0,Unknown
HHIPL1,0.0,,1.0,1.0,Unknown
HHIPL2,0.0,,1.0,1.0,Unknown
HHLA1,0.0,,1.0,1.0,Unknown
HES2,0.0,,1.0,1.0,Unknown
HES3,0.0,,1.0,1.0,Unknown
HES4,0.0,,1.0,1.0,Unknown
HES5,0.0,,1.0,1.0,Unknown
HES6,0.0,,1.0,1.0,Unknown
HES7,0.0,,1.0,1.0,Unknown
HESX1,0.0,,1.0,1.0,Unknown
HEXA,0.0,,1.0,1.0,Unknown
HEXA-AS1,0.0,,1.0,1.0,Unknown
HEXB,0.0,,1.0,1.0,Unknown
HEXDC,0.0,,1.0,1.0,Unknown
HEXIM1,0.0,,1.0,1.0,Unknown
HEXIM2,0.0,,1.0,1.0,Unknown
HEY1,0.0,,1.0,1.0,Unknown
HEY2,0.0,,1.0,1.0,Unknown
HEYL,0.0,,1.0,1.0,Unknown
HEPHL1,0.0,,1.0,1.0,Unknown
HEPN1,0.0,,1.0,1.0,Unknown
HERC1,0.0,,1.0,1.0,Unknown
HERC2,0.0,,1.0,1.0,Unknown
HERC2P10,0.0,,1.0,1.0,Unknown
HERC2P2,0.0,,1.0,1.0,Unknown
HERC2P3,0.0,,1.0,1.0,Unknown
HERC2P4,0.0,,1.0,1.0,Unknown
HERC2P9,0.0,,1.0,1.0,Unknown
HERC3,0.0,,1.0,1.0,Unknown
HERC4,0.0,,1.0,1.0,Unknown
HERC5,0.0,,1.0,1.0,Unknown
HERC6,0.0,,1.0,1.0,Unknown
HERPUD1,0.0,,1.0,1.0,Unknown
HERPUD2,0.0,,1.0,1.0,Unknown
HES1,0.0,,1.0,1.0,Unknown
HECW1,0.0,,1.0,1.0,Unknown
HECW2,0.0,,1.0,1.0,Unknown
HEG1,0.0,,1.0,1.0,Unknown
HEIH,0.0,,1.0,1.0,Unknown
HELB,0.0,,1.0,1.0,Unknown
HELLS,0.0,,1.0,1.0,Unknown
HELQ,0.0,,1.0,1.0,Unknown
HELT,0.0,,1.0,1.0,Unknown
HELZ,0.0,,1.0,1.0,Unknown
HELZ2,0.0,,1.0,1.0,Unknown
HEMGN,0.0,,1.0,1.0,Unknown
HEMK1,0.0,,1.0,1.0,Unknown
HENMT1,0.0,,1.0,1.0,Unknown
HEPACAM,0.0,,1.0,1.0,Unknown
HEPACAM2,0.0,,1.0,1.0,Unknown
HEPH,0.0,,1.0,1.0,Unknown
HDHD3,0.0,,1.0,1.0,Unknown
HDLBP,0.0,,1.0,1.0,Unknown
HDX,0.0,,1.0,1.0,Unknown
HEATR1,0.0,,1.0,1.0,Unknown
HEATR3,0.0,,1.0,1.0,Unknown
HEATR4,0.0,,1.0,1.0,Unknown
HEATR5A,0.0,,1.0,1.0,Unknown
HEATR5B,0.0,,1.0,1.0,Unknown
HEATR6,0.0,,1.0,1.0,Unknown
HEBP1,0.0,,1.0,1.0,Unknown
HEBP2,0.0,,1.0,1.0,Unknown
HECA,0.0,,1.0,1.0,Unknown
HECTD1,0.0,,1.0,1.0,Unknown
HECTD2,0.0,,1.0,1.0,Unknown
HECTD3,0.0,,1.0,1.0,Unknown
HECTD4,0.0,,1.0,1.0,Unknown
HDAC10,0.0,,1.0,1.0,Unknown
HDAC11,0.0,,1.0,1.0,Unknown
HDAC2,0.0,,1.0,1.0,Unknown
HDAC3,0.0,,1.0,1.0,Unknown
HDAC4,0.0,,1.0,1.0,Unknown
HDAC5,0.0,,1.0,1.0,Unknown
HDAC6,0.0,,1.0,1.0,Unknown
HDAC7,0.0,,1.0,1.0,Unknown
HDAC8,0.0,,1.0,1.0,Unknown
HDAC9,0.0,,1.0,1.0,Unknown
HDC,0.0,,1.0,1.0,Unknown
HDDC2,0.0,,1.0,1.0,Unknown
HDDC3,0.0,,1.0,1.0,Unknown
HDGF,0.0,,1.0,1.0,Unknown
HDGFL1,0.0,,1.0,1.0,Unknown
HDHD2,0.0,,1.0,1.0,Unknown
HCG27,0.0,,1.0,1.0,Unknown
HCG4,0.0,,1.0,1.0,Unknown
HCG4B,0.0,,1.0,1.0,Unknown
HCG9,0.0,,1.0,1.0,Unknown
HCK,0.0,,1.0,1.0,Unknown
HCLS1,0.0,,1.0,1.0,Unknown
HCN1,0.0,,1.0,1.0,Unknown
HCN2,0.0,,1.0,1.0,Unknown
HCN3,0.0,,1.0,1.0,Unknown
HCN4,0.0,,1.0,1.0,Unknown
HCP5,0.0,,1.0,1.0,Unknown
HCRT,0.0,,1.0,1.0,Unknown
HCRTR1,0.0,,1.0,1.0,Unknown
HCRTR2,0.0,,1.0,1.0,Unknown
HCST,0.0,,1.0,1.0,Unknown
HDAC1,0.0,,1.0,1.0,Unknown
HBS1L,0.0,,1.0,1.0,Unknown
HBZ,0.0,,1.0,1.0,Unknown
HCAR1,0.0,,1.0,1.0,Unknown
HCAR2,0.0,,1.0,1.0,Unknown
HCAR3,0.0,,1.0,1.0,Unknown
HCCAT5,0.0,,1.0,1.0,Unknown
HCCS,0.0,,1.0,1.0,Unknown
HCFC1,0.0,,1.0,1.0,Unknown
HCFC1R1,0.0,,1.0,1.0,Unknown
HCFC2,0.0,,1.0,1.0,Unknown
HCG11,0.0,,1.0,1.0,Unknown
HCG17,0.0,,1.0,1.0,Unknown
HCG18,0.0,,1.0,1.0,Unknown
HCG22,0.0,,1.0,1.0,Unknown
HCG23,0.0,,1.0,1.0,Unknown
HCG25,0.0,,1.0,1.0,Unknown
HAUS8,0.0,,1.0,1.0,Unknown
HAVCR1,0.0,,1.0,1.0,Unknown
HAVCR2,0.0,,1.0,1.0,Unknown
HAX1,0.0,,1.0,1.0,Unknown
HBA1,0.0,,1.0,1.0,Unknown
HBA2,0.0,,1.0,1.0,Unknown
HBB,0.0,,1.0,1.0,Unknown
HBBP1,0.0,,1.0,1.0,Unknown
HBD,0.0,,1.0,1.0,Unknown
HBE1,0.0,,1.0,1.0,Unknown
HBEGF,0.0,,1.0,1.0,Unknown
HBG1,0.0,,1.0,1.0,Unknown
HBG2,0.0,,1.0,1.0,Unknown
HBM,0.0,,1.0,1.0,Unknown
HBP1,0.0,,1.0,1.0,Unknown
HBQ1,0.0,,1.0,1.0,Unknown
HAR1B,0.0,,1.0,1.0,Unknown
HARBI1,0.0,,1.0,1.0,Unknown
HARS,0.0,,1.0,1.0,Unknown
HARS2,0.0,,1.0,1.0,Unknown
HAS1,0.0,,1.0,1.0,Unknown
HAS2,0.0,,1.0,1.0,Unknown
HAS2-AS1,0.0,,1.0,1.0,Unknown
HAS3,0.0,,1.0,1.0,Unknown
HAT1,0.0,,1.0,1.0,Unknown
HAUS1,0.0,,1.0,1.0,Unknown
HAUS2,0.0,,1.0,1.0,Unknown
HAUS3,0.0,,1.0,1.0,Unknown
HAUS4,0.0,,1.0,1.0,Unknown
HAUS5,0.0,,1.0,1.0,Unknown
HAUS6,0.0,,1.0,1.0,Unknown
HAUS7,0.0,,1.0,1.0,Unknown
HADHA,0.0,,1.0,1.0,Unknown
HADHB,0.0,,1.0,1.0,Unknown
HAGH,0.0,,1.0,1.0,Unknown
HAGHL,0.0,,1.0,1.0,Unknown
HAL,0.0,,1.0,1.0,Unknown
HAMP,0.0,,1.0,1.0,Unknown
HAND1,0.0,,1.0,1.0,Unknown
HAND2,0.0,,1.0,1.0,Unknown
HAO1,0.0,,1.0,1.0,Unknown
HAO2,0.0,,1.0,1.0,Unknown
HAP1,0.0,,1.0,1.0,Unknown
HAPLN1,0.0,,1.0,1.0,Unknown
HAPLN2,0.0,,1.0,1.0,Unknown
HAPLN3,0.0,,1.0,1.0,Unknown
HAPLN4,0.0,,1.0,1.0,Unknown
HAR1A,0.0,,1.0,1.0,Unknown
H2AFY,0.0,,1.0,1.0,Unknown
H2AFY2,0.0,,1.0,1.0,Unknown
H2AFZ,0.0,,1.0,1.0,Unknown
H2BFM,0.0,,1.0,1.0,Unknown
H2BFWT,0.0,,1.0,1.0,Unknown
H3F3A,0.0,,1.0,1.0,Unknown
H3F3AP4,0.0,,1.0,1.0,Unknown
H3F3B,0.0,,1.0,1.0,Unknown
H3F3C,0.0,,1.0,1.0,Unknown
H6PD,0.0,,1.0,1.0,Unknown
HAAO,0.0,,1.0,1.0,Unknown
HABP2,0.0,,1.0,1.0,Unknown
HABP4,0.0,,1.0,1.0,Unknown
HACE1,0.0,,1.0,1.0,Unknown
HACL1,0.0,,1.0,1.0,Unknown
HADH,0.0,,1.0,1.0,Unknown
GZMB,0.0,,1.0,1.0,Unknown
GZMH,0.0,,1.0,1.0,Unknown
GZMK,0.0,,1.0,1.0,Unknown
GZMM,0.0,,1.0,1.0,Unknown
H19,0.0,,1.0,1.0,Unknown
H1F0,0.0,,1.0,1.0,Unknown
H1FNT,0.0,,1.0,1.0,Unknown
H1FOO,0.0,,1.0,1.0,Unknown
H1FX,0.0,,1.0,1.0,Unknown
H1FX-AS1,0.0,,1.0,1.0,Unknown
H2AFB1,0.0,,1.0,1.0,Unknown
H2AFB2,0.0,,1.0,1.0,Unknown
H2AFB3,0.0,,1.0,1.0,Unknown
H2AFJ,0.0,,1.0,1.0,Unknown
H2AFV,0.0,,1.0,1.0,Unknown
H2AFX,0.0,,1.0,1.0,Unknown
GUSBP5,0.0,,1.0,1.0,Unknown
GUSBP9,0.0,,1.0,1.0,Unknown
GVINP1,0.0,,1.0,1.0,Unknown
GXYLT1,0.0,,1.0,1.0,Unknown
GXYLT2,0.0,,1.0,1.0,Unknown
GYG1,0.0,,1.0,1.0,Unknown
GYG2,0.0,,1.0,1.0,Unknown
GYG2P1,0.0,,1.0,1.0,Unknown
GYPA,0.0,,1.0,1.0,Unknown
GYPB,0.0,,1.0,1.0,Unknown
GYPC,0.0,,1.0,1.0,Unknown
GYPE,0.0,,1.0,1.0,Unknown
GYS1,0.0,,1.0,1.0,Unknown
GYS2,0.0,,1.0,1.0,Unknown
GZF1,0.0,,1.0,1.0,Unknown
GZMA,0.0,,1.0,1.0,Unknown
GUCY1B3,0.0,,1.0,1.0,Unknown
GUCY2C,0.0,,1.0,1.0,Unknown
GUCY2D,0.0,,1.0,1.0,Unknown
GUCY2EP,0.0,,1.0,1.0,Unknown
GUCY2F,0.0,,1.0,1.0,Unknown
GUCY2GP,0.0,,1.0,1.0,Unknown
GUF1,0.0,,1.0,1.0,Unknown
GUK1,0.0,,1.0,1.0,Unknown
GULP1,0.0,,1.0,1.0,Unknown
GUSB,0.0,,1.0,1.0,Unknown
GUSBP1,0.0,,1.0,1.0,Unknown
GUSBP10,0.0,,1.0,1.0,Unknown
GUSBP11,0.0,,1.0,1.0,Unknown
GUSBP2,0.0,,1.0,1.0,Unknown
GUSBP3,0.0,,1.0,1.0,Unknown
GUSBP4,0.0,,1.0,1.0,Unknown
GTPBP6,0.0,,1.0,1.0,Unknown
GTPBP8,0.0,,1.0,1.0,Unknown
GTSCR1,0.0,,1.0,1.0,Unknown
GTSE1,0.0,,1.0,1.0,Unknown
GTSE1-AS1,0.0,,1.0,1.0,Unknown
GTSF1,0.0,,1.0,1.0,Unknown
GTSF1L,0.0,,1.0,1.0,Unknown
GUCA1A,0.0,,1.0,1.0,Unknown
GUCA1B,0.0,,1.0,1.0,Unknown
GUCA1C,0.0,,1.0,1.0,Unknown
GUCA2A,0.0,,1.0,1.0,Unknown
GUCA2B,0.0,,1.0,1.0,Unknown
GUCD1,0.0,,1.0,1.0,Unknown
GUCY1A2,0.0,,1.0,1.0,Unknown
GUCY1A3,0.0,,1.0,1.0,Unknown
GUCY1B2,0.0,,1.0,1.0,Unknown
GTF2IRD1P1,0.0,,1.0,1.0,Unknown
GTF2IRD2,0.0,,1.0,1.0,Unknown
GTF2IRD2B,0.0,,1.0,1.0,Unknown
GTF2IRD2P1,0.0,,1.0,1.0,Unknown
GTF3A,0.0,,1.0,1.0,Unknown
GTF3C1,0.0,,1.0,1.0,Unknown
GTF3C2,0.0,,1.0,1.0,Unknown
GTF3C3,0.0,,1.0,1.0,Unknown
GTF3C4,0.0,,1.0,1.0,Unknown
GTF3C5,0.0,,1.0,1.0,Unknown
GTF3C6,0.0,,1.0,1.0,Unknown
GTPBP1,0.0,,1.0,1.0,Unknown
GTPBP10,0.0,,1.0,1.0,Unknown
GTPBP2,0.0,,1.0,1.0,Unknown
GTPBP3,0.0,,1.0,1.0,Unknown
GTPBP4,0.0,,1.0,1.0,Unknown
GTF2A2,0.0,,1.0,1.0,Unknown
GTF2B,0.0,,1.0,1.0,Unknown
GTF2E1,0.0,,1.0,1.0,Unknown
GTF2E2,0.0,,1.0,1.0,Unknown
GTF2F1,0.0,,1.0,1.0,Unknown
GTF2F2,0.0,,1.0,1.0,Unknown
GTF2H1,0.0,,1.0,1.0,Unknown
GTF2H2,0.0,,1.0,1.0,Unknown
GTF2H2B,0.0,,1.0,1.0,Unknown
GTF2H2C,0.0,,1.0,1.0,Unknown
GTF2H3,0.0,,1.0,1.0,Unknown
GTF2H4,0.0,,1.0,1.0,Unknown
GTF2H5,0.0,,1.0,1.0,Unknown
GTF2I,0.0,,1.0,1.0,Unknown
GTF2IP1,0.0,,1.0,1.0,Unknown
GTF2IRD1,0.0,,1.0,1.0,Unknown
GSTM3,0.0,,1.0,1.0,Unknown
GSTM4,0.0,,1.0,1.0,Unknown
GSTM5,0.0,,1.0,1.0,Unknown
GSTO1,0.0,,1.0,1.0,Unknown
GSTO2,0.0,,1.0,1.0,Unknown
GSTP1,0.0,,1.0,1.0,Unknown
GSTT1,0.0,,1.0,1.0,Unknown
GSTT2,0.0,,1.0,1.0,Unknown
GSTT2B,0.0,,1.0,1.0,Unknown
GSTTP1,0.0,,1.0,1.0,Unknown
GSTZ1,0.0,,1.0,1.0,Unknown
GSX1,0.0,,1.0,1.0,Unknown
GSX2,0.0,,1.0,1.0,Unknown
GTDC1,0.0,,1.0,1.0,Unknown
GTF2A1,0.0,,1.0,1.0,Unknown
GTF2A1L,0.0,,1.0,1.0,Unknown
GSN-AS1,0.0,,1.0,1.0,Unknown
GSPT1,0.0,,1.0,1.0,Unknown
GSPT2,0.0,,1.0,1.0,Unknown
GSR,0.0,,1.0,1.0,Unknown
GSS,0.0,,1.0,1.0,Unknown
GSTA1,0.0,,1.0,1.0,Unknown
GSTA2,0.0,,1.0,1.0,Unknown
GSTA3,0.0,,1.0,1.0,Unknown
GSTA4,0.0,,1.0,1.0,Unknown
GSTA5,0.0,,1.0,1.0,Unknown
GSTA7P,0.0,,1.0,1.0,Unknown
GSTCD,0.0,,1.0,1.0,Unknown
GSTK1,0.0,,1.0,1.0,Unknown
GSTM1,0.0,,1.0,1.0,Unknown
GSTM2,0.0,,1.0,1.0,Unknown
GSTM2P1,0.0,,1.0,1.0,Unknown
GRXCR2,0.0,,1.0,1.0,Unknown
GSAP,0.0,,1.0,1.0,Unknown
GSC,0.0,,1.0,1.0,Unknown
GSC2,0.0,,1.0,1.0,Unknown
GSDMA,0.0,,1.0,1.0,Unknown
GSDMB,0.0,,1.0,1.0,Unknown
GSDMC,0.0,,1.0,1.0,Unknown
GSDMD,0.0,,1.0,1.0,Unknown
GSE1,0.0,,1.0,1.0,Unknown
GSG1,0.0,,1.0,1.0,Unknown
GSG1L,0.0,,1.0,1.0,Unknown
GSG2,0.0,,1.0,1.0,Unknown
GSK3A,0.0,,1.0,1.0,Unknown
GSK3B,0.0,,1.0,1.0,Unknown
GSKIP,0.0,,1.0,1.0,Unknown
GSN,0.0,,1.0,1.0,Unknown
GRM3,0.0,,1.0,1.0,Unknown
GRM4,0.0,,1.0,1.0,Unknown
GRM5,0.0,,1.0,1.0,Unknown
GRM5-AS1,0.0,,1.0,1.0,Unknown
GRM6,0.0,,1.0,1.0,Unknown
GRM7,0.0,,1.0,1.0,Unknown
GRM8,0.0,,1.0,1.0,Unknown
GRN,0.0,,1.0,1.0,Unknown
GRP,0.0,,1.0,1.0,Unknown
GRPEL1,0.0,,1.0,1.0,Unknown
GRPEL2,0.0,,1.0,1.0,Unknown
GRPR,0.0,,1.0,1.0,Unknown
GRSF1,0.0,,1.0,1.0,Unknown
GRTP1,0.0,,1.0,1.0,Unknown
GRWD1,0.0,,1.0,1.0,Unknown
GRXCR1,0.0,,1.0,1.0,Unknown
GRIN2B,0.0,,1.0,1.0,Unknown
GRIN2C,0.0,,1.0,1.0,Unknown
GRIN2D,0.0,,1.0,1.0,Unknown
GRIN3A,0.0,,1.0,1.0,Unknown
GRIN3B,0.0,,1.0,1.0,Unknown
GRINA,0.0,,1.0,1.0,Unknown
GRIP1,0.0,,1.0,1.0,Unknown
GRIP2,0.0,,1.0,1.0,Unknown
GRIPAP1,0.0,,1.0,1.0,Unknown
GRK1,0.0,,1.0,1.0,Unknown
GRK4,0.0,,1.0,1.0,Unknown
GRK5,0.0,,1.0,1.0,Unknown
GRK6,0.0,,1.0,1.0,Unknown
GRK7,0.0,,1.0,1.0,Unknown
GRM1,0.0,,1.0,1.0,Unknown
GRM2,0.0,,1.0,1.0,Unknown
GRIA1,0.0,,1.0,1.0,Unknown
GRIA2,0.0,,1.0,1.0,Unknown
GRIA3,0.0,,1.0,1.0,Unknown
GRIA4,0.0,,1.0,1.0,Unknown
GRID1,0.0,,1.0,1.0,Unknown
GRID1-AS1,0.0,,1.0,1.0,Unknown
GRID2,0.0,,1.0,1.0,Unknown
GRID2IP,0.0,,1.0,1.0,Unknown
GRIK1,0.0,,1.0,1.0,Unknown
GRIK1-AS1,0.0,,1.0,1.0,Unknown
GRIK2,0.0,,1.0,1.0,Unknown
GRIK3,0.0,,1.0,1.0,Unknown
GRIK4,0.0,,1.0,1.0,Unknown
GRIK5,0.0,,1.0,1.0,Unknown
GRIN1,0.0,,1.0,1.0,Unknown
GRIN2A,0.0,,1.0,1.0,Unknown
GRAP,0.0,,1.0,1.0,Unknown
GRAP2,0.0,,1.0,1.0,Unknown
GRAPL,0.0,,1.0,1.0,Unknown
GRASP,0.0,,1.0,1.0,Unknown
GRB10,0.0,,1.0,1.0,Unknown
GRB14,0.0,,1.0,1.0,Unknown
GRB2,0.0,,1.0,1.0,Unknown
GRB7,0.0,,1.0,1.0,Unknown
GREB1,0.0,,1.0,1.0,Unknown
GREB1L,0.0,,1.0,1.0,Unknown
GREM1,0.0,,1.0,1.0,Unknown
GREM2,0.0,,1.0,1.0,Unknown
GRHL1,0.0,,1.0,1.0,Unknown
GRHL2,0.0,,1.0,1.0,Unknown
GRHL3,0.0,,1.0,1.0,Unknown
GRHPR,0.0,,1.0,1.0,Unknown
GPT,0.0,,1.0,1.0,Unknown
GPT2,0.0,,1.0,1.0,Unknown
GPX1,0.0,,1.0,1.0,Unknown
GPX2,0.0,,1.0,1.0,Unknown
GPX3,0.0,,1.0,1.0,Unknown
GPX4,0.0,,1.0,1.0,Unknown
GPX5,0.0,,1.0,1.0,Unknown
GPX6,0.0,,1.0,1.0,Unknown
GPX7,0.0,,1.0,1.0,Unknown
GPX8,0.0,,1.0,1.0,Unknown
GRAMD1A,0.0,,1.0,1.0,Unknown
GRAMD1B,0.0,,1.0,1.0,Unknown
GRAMD1C,0.0,,1.0,1.0,Unknown
GRAMD2,0.0,,1.0,1.0,Unknown
GRAMD3,0.0,,1.0,1.0,Unknown
GRAMD4,0.0,,1.0,1.0,Unknown
GPR89B,0.0,,1.0,1.0,Unknown
GPRASP1,0.0,,1.0,1.0,Unknown
GPRASP2,0.0,,1.0,1.0,Unknown
GPRC5A,0.0,,1.0,1.0,Unknown
GPRC5B,0.0,,1.0,1.0,Unknown
GPRC5C,0.0,,1.0,1.0,Unknown
GPRC5D,0.0,,1.0,1.0,Unknown
GPRC6A,0.0,,1.0,1.0,Unknown
GPRIN1,0.0,,1.0,1.0,Unknown
GPRIN2,0.0,,1.0,1.0,Unknown
GPRIN3,0.0,,1.0,1.0,Unknown
GPS1,0.0,,1.0,1.0,Unknown
GPS2,0.0,,1.0,1.0,Unknown
GPSM1,0.0,,1.0,1.0,Unknown
GPSM2,0.0,,1.0,1.0,Unknown
GPSM3,0.0,,1.0,1.0,Unknown
GPR6,0.0,,1.0,1.0,Unknown
GPR61,0.0,,1.0,1.0,Unknown
GPR62,0.0,,1.0,1.0,Unknown
GPR63,0.0,,1.0,1.0,Unknown
GPR65,0.0,,1.0,1.0,Unknown
GPR68,0.0,,1.0,1.0,Unknown
GPR75,0.0,,1.0,1.0,Unknown
GPR75-ASB3,0.0,,1.0,1.0,Unknown
GPR78,0.0,,1.0,1.0,Unknown
GPR82,0.0,,1.0,1.0,Unknown
GPR83,0.0,,1.0,1.0,Unknown
GPR84,0.0,,1.0,1.0,Unknown
GPR85,0.0,,1.0,1.0,Unknown
GPR87,0.0,,1.0,1.0,Unknown
GPR88,0.0,,1.0,1.0,Unknown
GPR89A,0.0,,1.0,1.0,Unknown
GPR26,0.0,,1.0,1.0,Unknown
GPR27,0.0,,1.0,1.0,Unknown
GPR3,0.0,,1.0,1.0,Unknown
GPR31,0.0,,1.0,1.0,Unknown
GPR32,0.0,,1.0,1.0,Unknown
GPR33,0.0,,1.0,1.0,Unknown
GPR34,0.0,,1.0,1.0,Unknown
GPR35,0.0,,1.0,1.0,Unknown
GPR37,0.0,,1.0,1.0,Unknown
GPR37L1,0.0,,1.0,1.0,Unknown
GPR39,0.0,,1.0,1.0,Unknown
GPR4,0.0,,1.0,1.0,Unknown
GPR45,0.0,,1.0,1.0,Unknown
GPR50,0.0,,1.0,1.0,Unknown
GPR52,0.0,,1.0,1.0,Unknown
GPR55,0.0,,1.0,1.0,Unknown
GPR162,0.0,,1.0,1.0,Unknown
GPR17,0.0,,1.0,1.0,Unknown
GPR171,0.0,,1.0,1.0,Unknown
GPR173,0.0,,1.0,1.0,Unknown
GPR174,0.0,,1.0,1.0,Unknown
GPR176,0.0,,1.0,1.0,Unknown
GPR179,0.0,,1.0,1.0,Unknown
GPR18,0.0,,1.0,1.0,Unknown
GPR180,0.0,,1.0,1.0,Unknown
GPR182,0.0,,1.0,1.0,Unknown
GPR183,0.0,,1.0,1.0,Unknown
GPR19,0.0,,1.0,1.0,Unknown
GPR20,0.0,,1.0,1.0,Unknown
GPR21,0.0,,1.0,1.0,Unknown
GPR22,0.0,,1.0,1.0,Unknown
GPR25,0.0,,1.0,1.0,Unknown
GPR143,0.0,,1.0,1.0,Unknown
GPR146,0.0,,1.0,1.0,Unknown
GPR148,0.0,,1.0,1.0,Unknown
GPR149,0.0,,1.0,1.0,Unknown
GPR15,0.0,,1.0,1.0,Unknown
GPR150,0.0,,1.0,1.0,Unknown
GPR151,0.0,,1.0,1.0,Unknown
GPR152,0.0,,1.0,1.0,Unknown
GPR153,0.0,,1.0,1.0,Unknown
GPR155,0.0,,1.0,1.0,Unknown
GPR156,0.0,,1.0,1.0,Unknown
GPR157,0.0,,1.0,1.0,Unknown
GPR158,0.0,,1.0,1.0,Unknown
GPR158-AS1,0.0,,1.0,1.0,Unknown
GPR160,0.0,,1.0,1.0,Unknown
GPR161,0.0,,1.0,1.0,Unknown
GPN3,0.0,,1.0,1.0,Unknown
GPNMB,0.0,,1.0,1.0,Unknown
GPR1,0.0,,1.0,1.0,Unknown
GPR101,0.0,,1.0,1.0,Unknown
GPR107,0.0,,1.0,1.0,Unknown
GPR108,0.0,,1.0,1.0,Unknown
GPR119,0.0,,1.0,1.0,Unknown
GPR12,0.0,,1.0,1.0,Unknown
GPR132,0.0,,1.0,1.0,Unknown
GPR135,0.0,,1.0,1.0,Unknown
GPR137,0.0,,1.0,1.0,Unknown
GPR137B,0.0,,1.0,1.0,Unknown
GPR137C,0.0,,1.0,1.0,Unknown
GPR139,0.0,,1.0,1.0,Unknown
GPR141,0.0,,1.0,1.0,Unknown
GPR142,0.0,,1.0,1.0,Unknown
GPC6-AS2,0.0,,1.0,1.0,Unknown
GPCPD1,0.0,,1.0,1.0,Unknown
GPD1,0.0,,1.0,1.0,Unknown
GPD1L,0.0,,1.0,1.0,Unknown
GPD2,0.0,,1.0,1.0,Unknown
GPHA2,0.0,,1.0,1.0,Unknown
GPHB5,0.0,,1.0,1.0,Unknown
GPHN,0.0,,1.0,1.0,Unknown
GPI,0.0,,1.0,1.0,Unknown
GPIHBP1,0.0,,1.0,1.0,Unknown
GPKOW,0.0,,1.0,1.0,Unknown
GPLD1,0.0,,1.0,1.0,Unknown
GPM6A,0.0,,1.0,1.0,Unknown
GPM6B,0.0,,1.0,1.0,Unknown
GPN1,0.0,,1.0,1.0,Unknown
GPN2,0.0,,1.0,1.0,Unknown
GPATCH11,0.0,,1.0,1.0,Unknown
GPATCH2,0.0,,1.0,1.0,Unknown
GPATCH2L,0.0,,1.0,1.0,Unknown
GPATCH3,0.0,,1.0,1.0,Unknown
GPATCH4,0.0,,1.0,1.0,Unknown
GPATCH8,0.0,,1.0,1.0,Unknown
GPBAR1,0.0,,1.0,1.0,Unknown
GPBP1,0.0,,1.0,1.0,Unknown
GPBP1L1,0.0,,1.0,1.0,Unknown
GPC1,0.0,,1.0,1.0,Unknown
GPC2,0.0,,1.0,1.0,Unknown
GPC3,0.0,,1.0,1.0,Unknown
GPC4,0.0,,1.0,1.0,Unknown
GPC5,0.0,,1.0,1.0,Unknown
GPC5-AS1,0.0,,1.0,1.0,Unknown
GPC6,0.0,,1.0,1.0,Unknown
GOSR2,0.0,,1.0,1.0,Unknown
GOT1,0.0,,1.0,1.0,Unknown
GOT1L1,0.0,,1.0,1.0,Unknown
GOT2,0.0,,1.0,1.0,Unknown
GP1BA,0.0,,1.0,1.0,Unknown
GP1BB,0.0,,1.0,1.0,Unknown
GP2,0.0,,1.0,1.0,Unknown
GP5,0.0,,1.0,1.0,Unknown
GP6,0.0,,1.0,1.0,Unknown
GP9,0.0,,1.0,1.0,Unknown
GPA33,0.0,,1.0,1.0,Unknown
GPAA1,0.0,,1.0,1.0,Unknown
GPAM,0.0,,1.0,1.0,Unknown
GPANK1,0.0,,1.0,1.0,Unknown
GPAT2,0.0,,1.0,1.0,Unknown
GPATCH1,0.0,,1.0,1.0,Unknown
GOLGA8O,0.0,,1.0,1.0,Unknown
GOLGA8S,0.0,,1.0,1.0,Unknown
GOLGA8T,0.0,,1.0,1.0,Unknown
GOLGB1,0.0,,1.0,1.0,Unknown
GOLIM4,0.0,,1.0,1.0,Unknown
GOLM1,0.0,,1.0,1.0,Unknown
GOLPH3,0.0,,1.0,1.0,Unknown
GOLPH3L,0.0,,1.0,1.0,Unknown
GOLT1A,0.0,,1.0,1.0,Unknown
GOLT1B,0.0,,1.0,1.0,Unknown
GON4L,0.0,,1.0,1.0,Unknown
GOPC,0.0,,1.0,1.0,Unknown
GORAB,0.0,,1.0,1.0,Unknown
GORASP1,0.0,,1.0,1.0,Unknown
GORASP2,0.0,,1.0,1.0,Unknown
GOSR1,0.0,,1.0,1.0,Unknown
GOLGA6D,0.0,,1.0,1.0,Unknown
GOLGA6L1,0.0,,1.0,1.0,Unknown
GOLGA6L10,0.0,,1.0,1.0,Unknown
GOLGA6L4,0.0,,1.0,1.0,Unknown
GOLGA6L6,0.0,,1.0,1.0,Unknown
GOLGA6L7P,0.0,,1.0,1.0,Unknown
GOLGA6L9,0.0,,1.0,1.0,Unknown
GOLGA7,0.0,,1.0,1.0,Unknown
GOLGA7B,0.0,,1.0,1.0,Unknown
GOLGA8A,0.0,,1.0,1.0,Unknown
GOLGA8B,0.0,,1.0,1.0,Unknown
GOLGA8CP,0.0,,1.0,1.0,Unknown
GOLGA8DP,0.0,,1.0,1.0,Unknown
GOLGA8EP,0.0,,1.0,1.0,Unknown
GOLGA8F,0.0,,1.0,1.0,Unknown
GOLGA8G,0.0,,1.0,1.0,Unknown
GNRH1,0.0,,1.0,1.0,Unknown
GNRH2,0.0,,1.0,1.0,Unknown
GNRHR,0.0,,1.0,1.0,Unknown
GNRHR2,0.0,,1.0,1.0,Unknown
GNS,0.0,,1.0,1.0,Unknown
GOLGA1,0.0,,1.0,1.0,Unknown
GOLGA2,0.0,,1.0,1.0,Unknown
GOLGA2P2Y,0.0,,1.0,1.0,Unknown
GOLGA2P3Y,0.0,,1.0,1.0,Unknown
GOLGA2P5,0.0,,1.0,1.0,Unknown
GOLGA3,0.0,,1.0,1.0,Unknown
GOLGA4,0.0,,1.0,1.0,Unknown
GOLGA5,0.0,,1.0,1.0,Unknown
GOLGA6A,0.0,,1.0,1.0,Unknown
GOLGA6B,0.0,,1.0,1.0,Unknown
GOLGA6C,0.0,,1.0,1.0,Unknown
GNG7,0.0,,1.0,1.0,Unknown
GNG8,0.0,,1.0,1.0,Unknown
GNGT1,0.0,,1.0,1.0,Unknown
GNGT2,0.0,,1.0,1.0,Unknown
GNL1,0.0,,1.0,1.0,Unknown
GNL2,0.0,,1.0,1.0,Unknown
GNL3,0.0,,1.0,1.0,Unknown
GNL3L,0.0,,1.0,1.0,Unknown
GNLY,0.0,,1.0,1.0,Unknown
GNMT,0.0,,1.0,1.0,Unknown
GNPAT,0.0,,1.0,1.0,Unknown
GNPDA1,0.0,,1.0,1.0,Unknown
GNPDA2,0.0,,1.0,1.0,Unknown
GNPNAT1,0.0,,1.0,1.0,Unknown
GNPTAB,0.0,,1.0,1.0,Unknown
GNPTG,0.0,,1.0,1.0,Unknown
GNB1,0.0,,1.0,1.0,Unknown
GNB1L,0.0,,1.0,1.0,Unknown
GNB2,0.0,,1.0,1.0,Unknown
GNB3,0.0,,1.0,1.0,Unknown
GNB4,0.0,,1.0,1.0,Unknown
GNB5,0.0,,1.0,1.0,Unknown
GNE,0.0,,1.0,1.0,Unknown
GNG10,0.0,,1.0,1.0,Unknown
GNG11,0.0,,1.0,1.0,Unknown
GNG12,0.0,,1.0,1.0,Unknown
GNG12-AS1,0.0,,1.0,1.0,Unknown
GNG13,0.0,,1.0,1.0,Unknown
GNG2,0.0,,1.0,1.0,Unknown
GNG3,0.0,,1.0,1.0,Unknown
GNG4,0.0,,1.0,1.0,Unknown
GNG5,0.0,,1.0,1.0,Unknown
GNA12,0.0,,1.0,1.0,Unknown
GNA13,0.0,,1.0,1.0,Unknown
GNA14,0.0,,1.0,1.0,Unknown
GNA15,0.0,,1.0,1.0,Unknown
GNAI1,0.0,,1.0,1.0,Unknown
GNAI2,0.0,,1.0,1.0,Unknown
GNAI3,0.0,,1.0,1.0,Unknown
GNAL,0.0,,1.0,1.0,Unknown
GNAO1,0.0,,1.0,1.0,Unknown
GNAQ,0.0,,1.0,1.0,Unknown
GNAS,0.0,,1.0,1.0,Unknown
GNAS-AS1,0.0,,1.0,1.0,Unknown
GNAT1,0.0,,1.0,1.0,Unknown
GNAT2,0.0,,1.0,1.0,Unknown
GNAT3,0.0,,1.0,1.0,Unknown
GNAZ,0.0,,1.0,1.0,Unknown
GMCL1P1,0.0,,1.0,1.0,Unknown
GMDS,0.0,,1.0,1.0,Unknown
GMEB1,0.0,,1.0,1.0,Unknown
GMEB2,0.0,,1.0,1.0,Unknown
GMFB,0.0,,1.0,1.0,Unknown
GMFG,0.0,,1.0,1.0,Unknown
GMIP,0.0,,1.0,1.0,Unknown
GML,0.0,,1.0,1.0,Unknown
GMNC,0.0,,1.0,1.0,Unknown
GMNN,0.0,,1.0,1.0,Unknown
GMPPA,0.0,,1.0,1.0,Unknown
GMPPB,0.0,,1.0,1.0,Unknown
GMPR,0.0,,1.0,1.0,Unknown
GMPR2,0.0,,1.0,1.0,Unknown
GMPS,0.0,,1.0,1.0,Unknown
GNA11,0.0,,1.0,1.0,Unknown
GLT8D2,0.0,,1.0,1.0,Unknown
GLTP,0.0,,1.0,1.0,Unknown
GLTPD2,0.0,,1.0,1.0,Unknown
GLUD1,0.0,,1.0,1.0,Unknown
GLUD1P3,0.0,,1.0,1.0,Unknown
GLUD2,0.0,,1.0,1.0,Unknown
GLUL,0.0,,1.0,1.0,Unknown
GLYAT,0.0,,1.0,1.0,Unknown
GLYATL1,0.0,,1.0,1.0,Unknown
GLYATL2,0.0,,1.0,1.0,Unknown
GLYATL3,0.0,,1.0,1.0,Unknown
GLYCAM1,0.0,,1.0,1.0,Unknown
GLYCTK,0.0,,1.0,1.0,Unknown
GLYR1,0.0,,1.0,1.0,Unknown
GM2A,0.0,,1.0,1.0,Unknown
GMCL1,0.0,,1.0,1.0,Unknown
GLP1R,0.0,,1.0,1.0,Unknown
GLP2R,0.0,,1.0,1.0,Unknown
GLRA1,0.0,,1.0,1.0,Unknown
GLRA2,0.0,,1.0,1.0,Unknown
GLRA3,0.0,,1.0,1.0,Unknown
GLRA4,0.0,,1.0,1.0,Unknown
GLRB,0.0,,1.0,1.0,Unknown
GLRX,0.0,,1.0,1.0,Unknown
GLRX2,0.0,,1.0,1.0,Unknown
GLRX3,0.0,,1.0,1.0,Unknown
GLRX5,0.0,,1.0,1.0,Unknown
GLS,0.0,,1.0,1.0,Unknown
GLS2,0.0,,1.0,1.0,Unknown
GLT1D1,0.0,,1.0,1.0,Unknown
GLT6D1,0.0,,1.0,1.0,Unknown
GLT8D1,0.0,,1.0,1.0,Unknown
GLI1,0.0,,1.0,1.0,Unknown
GLI2,0.0,,1.0,1.0,Unknown
GLI3,0.0,,1.0,1.0,Unknown
GLI4,0.0,,1.0,1.0,Unknown
GLIPR1,0.0,,1.0,1.0,Unknown
GLIPR1L1,0.0,,1.0,1.0,Unknown
GLIPR1L2,0.0,,1.0,1.0,Unknown
GLIPR2,0.0,,1.0,1.0,Unknown
GLIS1,0.0,,1.0,1.0,Unknown
GLIS2,0.0,,1.0,1.0,Unknown
GLIS3,0.0,,1.0,1.0,Unknown
GLIS3-AS1,0.0,,1.0,1.0,Unknown
GLMN,0.0,,1.0,1.0,Unknown
GLO1,0.0,,1.0,1.0,Unknown
GLOD4,0.0,,1.0,1.0,Unknown
GLOD5,0.0,,1.0,1.0,Unknown
GK3P,0.0,,1.0,1.0,Unknown
GK5,0.0,,1.0,1.0,Unknown
GKAP1,0.0,,1.0,1.0,Unknown
GKN1,0.0,,1.0,1.0,Unknown
GKN2,0.0,,1.0,1.0,Unknown
GLA,0.0,,1.0,1.0,Unknown
GLB1,0.0,,1.0,1.0,Unknown
GLB1L,0.0,,1.0,1.0,Unknown
GLB1L2,0.0,,1.0,1.0,Unknown
GLB1L3,0.0,,1.0,1.0,Unknown
GLCCI1,0.0,,1.0,1.0,Unknown
GLCE,0.0,,1.0,1.0,Unknown
GLDC,0.0,,1.0,1.0,Unknown
GLDN,0.0,,1.0,1.0,Unknown
GLE1,0.0,,1.0,1.0,Unknown
GLG1,0.0,,1.0,1.0,Unknown
GJA9,0.0,,1.0,1.0,Unknown
GJB1,0.0,,1.0,1.0,Unknown
GJB2,0.0,,1.0,1.0,Unknown
GJB3,0.0,,1.0,1.0,Unknown
GJB4,0.0,,1.0,1.0,Unknown
GJB5,0.0,,1.0,1.0,Unknown
GJB6,0.0,,1.0,1.0,Unknown
GJB7,0.0,,1.0,1.0,Unknown
GJC1,0.0,,1.0,1.0,Unknown
GJC2,0.0,,1.0,1.0,Unknown
GJC3,0.0,,1.0,1.0,Unknown
GJD2,0.0,,1.0,1.0,Unknown
GJD3,0.0,,1.0,1.0,Unknown
GJD4,0.0,,1.0,1.0,Unknown
GK,0.0,,1.0,1.0,Unknown
GK2,0.0,,1.0,1.0,Unknown
GINS2,0.0,,1.0,1.0,Unknown
GINS3,0.0,,1.0,1.0,Unknown
GINS4,0.0,,1.0,1.0,Unknown
GIP,0.0,,1.0,1.0,Unknown
GIPC1,0.0,,1.0,1.0,Unknown
GIPC2,0.0,,1.0,1.0,Unknown
GIPC3,0.0,,1.0,1.0,Unknown
GIPR,0.0,,1.0,1.0,Unknown
GIT1,0.0,,1.0,1.0,Unknown
GIT2,0.0,,1.0,1.0,Unknown
GJA1,0.0,,1.0,1.0,Unknown
GJA10,0.0,,1.0,1.0,Unknown
GJA3,0.0,,1.0,1.0,Unknown
GJA4,0.0,,1.0,1.0,Unknown
GJA5,0.0,,1.0,1.0,Unknown
GJA8,0.0,,1.0,1.0,Unknown
GID8,0.0,,1.0,1.0,Unknown
GIF,0.0,,1.0,1.0,Unknown
GIGYF1,0.0,,1.0,1.0,Unknown
GIGYF2,0.0,,1.0,1.0,Unknown
GIMAP1,0.0,,1.0,1.0,Unknown
GIMAP1-GIMAP5,0.0,,1.0,1.0,Unknown
GIMAP2,0.0,,1.0,1.0,Unknown
GIMAP4,0.0,,1.0,1.0,Unknown
GIMAP5,0.0,,1.0,1.0,Unknown
GIMAP6,0.0,,1.0,1.0,Unknown
GIMAP7,0.0,,1.0,1.0,Unknown
GIMAP8,0.0,,1.0,1.0,Unknown
GIMD1,0.0,,1.0,1.0,Unknown
GIN1,0.0,,1.0,1.0,Unknown
GINM1,0.0,,1.0,1.0,Unknown
GINS1,0.0,,1.0,1.0,Unknown
GGT7,0.0,,1.0,1.0,Unknown
GGT8P,0.0,,1.0,1.0,Unknown
GGTA1P,0.0,,1.0,1.0,Unknown
GGTLC1,0.0,,1.0,1.0,Unknown
GGTLC2,0.0,,1.0,1.0,Unknown
GH1,0.0,,1.0,1.0,Unknown
GH2,0.0,,1.0,1.0,Unknown
GHDC,0.0,,1.0,1.0,Unknown
GHITM,0.0,,1.0,1.0,Unknown
GHR,0.0,,1.0,1.0,Unknown
GHRH,0.0,,1.0,1.0,Unknown
GHRHR,0.0,,1.0,1.0,Unknown
GHRL,0.0,,1.0,1.0,Unknown
GHRLOS,0.0,,1.0,1.0,Unknown
GHSR,0.0,,1.0,1.0,Unknown
GID4,0.0,,1.0,1.0,Unknown
GFRAL,0.0,,1.0,1.0,Unknown
GGA1,0.0,,1.0,1.0,Unknown
GGA2,0.0,,1.0,1.0,Unknown
GGA3,0.0,,1.0,1.0,Unknown
GGACT,0.0,,1.0,1.0,Unknown
GGCT,0.0,,1.0,1.0,Unknown
GGCX,0.0,,1.0,1.0,Unknown
GGH,0.0,,1.0,1.0,Unknown
GGN,0.0,,1.0,1.0,Unknown
GGNBP1,0.0,,1.0,1.0,Unknown
GGNBP2,0.0,,1.0,1.0,Unknown
GGPS1,0.0,,1.0,1.0,Unknown
GGT1,0.0,,1.0,1.0,Unknown
GGT3P,0.0,,1.0,1.0,Unknown
GGT5,0.0,,1.0,1.0,Unknown
GGT6,0.0,,1.0,1.0,Unknown
GEN1,0.0,,1.0,1.0,Unknown
GET4,0.0,,1.0,1.0,Unknown
GFAP,0.0,,1.0,1.0,Unknown
GFER,0.0,,1.0,1.0,Unknown
GFI1,0.0,,1.0,1.0,Unknown
GFI1B,0.0,,1.0,1.0,Unknown
GFM1,0.0,,1.0,1.0,Unknown
GFM2,0.0,,1.0,1.0,Unknown
GFOD1,0.0,,1.0,1.0,Unknown
GFOD2,0.0,,1.0,1.0,Unknown
GFPT1,0.0,,1.0,1.0,Unknown
GFPT2,0.0,,1.0,1.0,Unknown
GFRA1,0.0,,1.0,1.0,Unknown
GFRA2,0.0,,1.0,1.0,Unknown
GFRA3,0.0,,1.0,1.0,Unknown
GFRA4,0.0,,1.0,1.0,Unknown
GDNF,0.0,,1.0,1.0,Unknown
GDNF-AS1,0.0,,1.0,1.0,Unknown
GDPD1,0.0,,1.0,1.0,Unknown
GDPD2,0.0,,1.0,1.0,Unknown
GDPD3,0.0,,1.0,1.0,Unknown
GDPD4,0.0,,1.0,1.0,Unknown
GDPD5,0.0,,1.0,1.0,Unknown
GDPGP1,0.0,,1.0,1.0,Unknown
GEM,0.0,,1.0,1.0,Unknown
GEMIN2,0.0,,1.0,1.0,Unknown
GEMIN4,0.0,,1.0,1.0,Unknown
GEMIN5,0.0,,1.0,1.0,Unknown
GEMIN6,0.0,,1.0,1.0,Unknown
GEMIN7,0.0,,1.0,1.0,Unknown
GEMIN8,0.0,,1.0,1.0,Unknown
GEMIN8P4,0.0,,1.0,1.0,Unknown
GDAP1,0.0,,1.0,1.0,Unknown
GDAP1L1,0.0,,1.0,1.0,Unknown
GDAP2,0.0,,1.0,1.0,Unknown
GDE1,0.0,,1.0,1.0,Unknown
GDF1,0.0,,1.0,1.0,Unknown
GDF10,0.0,,1.0,1.0,Unknown
GDF11,0.0,,1.0,1.0,Unknown
GDF15,0.0,,1.0,1.0,Unknown
GDF2,0.0,,1.0,1.0,Unknown
GDF3,0.0,,1.0,1.0,Unknown
GDF5,0.0,,1.0,1.0,Unknown
GDF6,0.0,,1.0,1.0,Unknown
GDF7,0.0,,1.0,1.0,Unknown
GDF9,0.0,,1.0,1.0,Unknown
GDI1,0.0,,1.0,1.0,Unknown
GDI2,0.0,,1.0,1.0,Unknown
GCLC,0.0,,1.0,1.0,Unknown
GCLM,0.0,,1.0,1.0,Unknown
GCM1,0.0,,1.0,1.0,Unknown
GCM2,0.0,,1.0,1.0,Unknown
GCNT1,0.0,,1.0,1.0,Unknown
GCNT2,0.0,,1.0,1.0,Unknown
GCNT3,0.0,,1.0,1.0,Unknown
GCNT4,0.0,,1.0,1.0,Unknown
GCNT7,0.0,,1.0,1.0,Unknown
GCOM1,0.0,,1.0,1.0,Unknown
GCSAM,0.0,,1.0,1.0,Unknown
GCSAML,0.0,,1.0,1.0,Unknown
GCSAML-AS1,0.0,,1.0,1.0,Unknown
GCSH,0.0,,1.0,1.0,Unknown
GCSHP3,0.0,,1.0,1.0,Unknown
GDA,0.0,,1.0,1.0,Unknown
GBP7,0.0,,1.0,1.0,Unknown
GBX1,0.0,,1.0,1.0,Unknown
GBX2,0.0,,1.0,1.0,Unknown
GC,0.0,,1.0,1.0,Unknown
GCA,0.0,,1.0,1.0,Unknown
GCAT,0.0,,1.0,1.0,Unknown
GCC1,0.0,,1.0,1.0,Unknown
GCC2,0.0,,1.0,1.0,Unknown
GCDH,0.0,,1.0,1.0,Unknown
GCFC2,0.0,,1.0,1.0,Unknown
GCG,0.0,,1.0,1.0,Unknown
GCGR,0.0,,1.0,1.0,Unknown
GCH1,0.0,,1.0,1.0,Unknown
GCHFR,0.0,,1.0,1.0,Unknown
GCK,0.0,,1.0,1.0,Unknown
GCKR,0.0,,1.0,1.0,Unknown
GATM,0.0,,1.0,1.0,Unknown
GATS,0.0,,1.0,1.0,Unknown
GBA,0.0,,1.0,1.0,Unknown
GBA2,0.0,,1.0,1.0,Unknown
GBA3,0.0,,1.0,1.0,Unknown
GBAP1,0.0,,1.0,1.0,Unknown
GBE1,0.0,,1.0,1.0,Unknown
GBF1,0.0,,1.0,1.0,Unknown
GBGT1,0.0,,1.0,1.0,Unknown
GBP1,0.0,,1.0,1.0,Unknown
GBP1P1,0.0,,1.0,1.0,Unknown
GBP2,0.0,,1.0,1.0,Unknown
GBP3,0.0,,1.0,1.0,Unknown
GBP4,0.0,,1.0,1.0,Unknown
GBP5,0.0,,1.0,1.0,Unknown
GBP6,0.0,,1.0,1.0,Unknown
GAS6-AS1,0.0,,1.0,1.0,Unknown
GAS7,0.0,,1.0,1.0,Unknown
GAS8,0.0,,1.0,1.0,Unknown
GAST,0.0,,1.0,1.0,Unknown
GATA1,0.0,,1.0,1.0,Unknown
GATA2,0.0,,1.0,1.0,Unknown
GATA3,0.0,,1.0,1.0,Unknown
GATA3-AS1,0.0,,1.0,1.0,Unknown
GATA4,0.0,,1.0,1.0,Unknown
GATA5,0.0,,1.0,1.0,Unknown
GATA6,0.0,,1.0,1.0,Unknown
GATA6-AS1,0.0,,1.0,1.0,Unknown
GATAD1,0.0,,1.0,1.0,Unknown
GATAD2A,0.0,,1.0,1.0,Unknown
GATAD2B,0.0,,1.0,1.0,Unknown
GATC,0.0,,1.0,1.0,Unknown
GAPDH,0.0,,1.0,1.0,Unknown
GAPDHS,0.0,,1.0,1.0,Unknown
GAPT,0.0,,1.0,1.0,Unknown
GAPVD1,0.0,,1.0,1.0,Unknown
GAR1,0.0,,1.0,1.0,Unknown
GARNL3,0.0,,1.0,1.0,Unknown
GARS,0.0,,1.0,1.0,Unknown
GART,0.0,,1.0,1.0,Unknown
GAS1,0.0,,1.0,1.0,Unknown
GAS2,0.0,,1.0,1.0,Unknown
GAS2L1,0.0,,1.0,1.0,Unknown
GAS2L2,0.0,,1.0,1.0,Unknown
GAS2L3,0.0,,1.0,1.0,Unknown
GAS5,0.0,,1.0,1.0,Unknown
GAS5-AS1,0.0,,1.0,1.0,Unknown
GAS6,0.0,,1.0,1.0,Unknown
GALNT6,0.0,,1.0,1.0,Unknown
GALNT7,0.0,,1.0,1.0,Unknown
GALNT8,0.0,,1.0,1.0,Unknown
GALNT9,0.0,,1.0,1.0,Unknown
GALNTL5,0.0,,1.0,1.0,Unknown
GALNTL6,0.0,,1.0,1.0,Unknown
GALP,0.0,,1.0,1.0,Unknown
GALR1,0.0,,1.0,1.0,Unknown
GALR2,0.0,,1.0,1.0,Unknown
GALR3,0.0,,1.0,1.0,Unknown
GALT,0.0,,1.0,1.0,Unknown
GAMT,0.0,,1.0,1.0,Unknown
GAN,0.0,,1.0,1.0,Unknown
GANAB,0.0,,1.0,1.0,Unknown
GANC,0.0,,1.0,1.0,Unknown
GAP43,0.0,,1.0,1.0,Unknown
GALK2,0.0,,1.0,1.0,Unknown
GALM,0.0,,1.0,1.0,Unknown
GALNS,0.0,,1.0,1.0,Unknown
GALNT1,0.0,,1.0,1.0,Unknown
GALNT10,0.0,,1.0,1.0,Unknown
GALNT11,0.0,,1.0,1.0,Unknown
GALNT12,0.0,,1.0,1.0,Unknown
GALNT13,0.0,,1.0,1.0,Unknown
GALNT14,0.0,,1.0,1.0,Unknown
GALNT15,0.0,,1.0,1.0,Unknown
GALNT16,0.0,,1.0,1.0,Unknown
GALNT18,0.0,,1.0,1.0,Unknown
GALNT2,0.0,,1.0,1.0,Unknown
GALNT3,0.0,,1.0,1.0,Unknown
GALNT4,0.0,,1.0,1.0,Unknown
GALNT5,0.0,,1.0,1.0,Unknown
GAGE12F,0.0,,1.0,1.0,Unknown
GAGE12G,0.0,,1.0,1.0,Unknown
GAGE12H,0.0,,1.0,1.0,Unknown
GAGE12J,0.0,,1.0,1.0,Unknown
GAGE13,0.0,,1.0,1.0,Unknown
GAGE2A,0.0,,1.0,1.0,Unknown
GAGE2E,0.0,,1.0,1.0,Unknown
GAK,0.0,,1.0,1.0,Unknown
GAL,0.0,,1.0,1.0,Unknown
GAL3ST1,0.0,,1.0,1.0,Unknown
GAL3ST2,0.0,,1.0,1.0,Unknown
GAL3ST3,0.0,,1.0,1.0,Unknown
GAL3ST4,0.0,,1.0,1.0,Unknown
GALC,0.0,,1.0,1.0,Unknown
GALE,0.0,,1.0,1.0,Unknown
GALK1,0.0,,1.0,1.0,Unknown
GABRR1,0.0,,1.0,1.0,Unknown
GABRR2,0.0,,1.0,1.0,Unknown
GABRR3,0.0,,1.0,1.0,Unknown
GAD1,0.0,,1.0,1.0,Unknown
GAD2,0.0,,1.0,1.0,Unknown
GADD45A,0.0,,1.0,1.0,Unknown
GADD45B,0.0,,1.0,1.0,Unknown
GADD45G,0.0,,1.0,1.0,Unknown
GADD45GIP1,0.0,,1.0,1.0,Unknown
GADL1,0.0,,1.0,1.0,Unknown
GAGE1,0.0,,1.0,1.0,Unknown
GAGE10,0.0,,1.0,1.0,Unknown
GAGE12B,0.0,,1.0,1.0,Unknown
GAGE12C,0.0,,1.0,1.0,Unknown
GAGE12D,0.0,,1.0,1.0,Unknown
GAGE12E,0.0,,1.0,1.0,Unknown
GABRA1,0.0,,1.0,1.0,Unknown
GABRA2,0.0,,1.0,1.0,Unknown
GABRA3,0.0,,1.0,1.0,Unknown
GABRA4,0.0,,1.0,1.0,Unknown
GABRA5,0.0,,1.0,1.0,Unknown
GABRA6,0.0,,1.0,1.0,Unknown
GABRB1,0.0,,1.0,1.0,Unknown
GABRB2,0.0,,1.0,1.0,Unknown
GABRB3,0.0,,1.0,1.0,Unknown
GABRD,0.0,,1.0,1.0,Unknown
GABRE,0.0,,1.0,1.0,Unknown
GABRG1,0.0,,1.0,1.0,Unknown
GABRG2,0.0,,1.0,1.0,Unknown
GABRG3,0.0,,1.0,1.0,Unknown
GABRP,0.0,,1.0,1.0,Unknown
GABRQ,0.0,,1.0,1.0,Unknown
G6PD,0.0,,1.0,1.0,Unknown
GAA,0.0,,1.0,1.0,Unknown
GAB1,0.0,,1.0,1.0,Unknown
GAB2,0.0,,1.0,1.0,Unknown
GAB3,0.0,,1.0,1.0,Unknown
GAB4,0.0,,1.0,1.0,Unknown
GABARAP,0.0,,1.0,1.0,Unknown
GABARAPL1,0.0,,1.0,1.0,Unknown
GABARAPL2,0.0,,1.0,1.0,Unknown
GABARAPL3,0.0,,1.0,1.0,Unknown
GABBR1,0.0,,1.0,1.0,Unknown
GABBR2,0.0,,1.0,1.0,Unknown
GABPA,0.0,,1.0,1.0,Unknown
GABPB1,0.0,,1.0,1.0,Unknown
GABPB1-AS1,0.0,,1.0,1.0,Unknown
GABPB2,0.0,,1.0,1.0,Unknown
FZD2,0.0,,1.0,1.0,Unknown
FZD3,0.0,,1.0,1.0,Unknown
FZD4,0.0,,1.0,1.0,Unknown
FZD5,0.0,,1.0,1.0,Unknown
FZD6,0.0,,1.0,1.0,Unknown
FZD7,0.0,,1.0,1.0,Unknown
FZD8,0.0,,1.0,1.0,Unknown
FZD9,0.0,,1.0,1.0,Unknown
FZR1,0.0,,1.0,1.0,Unknown
G0S2,0.0,,1.0,1.0,Unknown
G2E3,0.0,,1.0,1.0,Unknown
G3BP1,0.0,,1.0,1.0,Unknown
G3BP2,0.0,,1.0,1.0,Unknown
G6PC,0.0,,1.0,1.0,Unknown
G6PC2,0.0,,1.0,1.0,Unknown
G6PC3,0.0,,1.0,1.0,Unknown
FXR2,0.0,,1.0,1.0,Unknown
FXYD1,0.0,,1.0,1.0,Unknown
FXYD2,0.0,,1.0,1.0,Unknown
FXYD3,0.0,,1.0,1.0,Unknown
FXYD4,0.0,,1.0,1.0,Unknown
FXYD5,0.0,,1.0,1.0,Unknown
FXYD6,0.0,,1.0,1.0,Unknown
FXYD6-FXYD2,0.0,,1.0,1.0,Unknown
FXYD7,0.0,,1.0,1.0,Unknown
FYB,0.0,,1.0,1.0,Unknown
FYCO1,0.0,,1.0,1.0,Unknown
FYN,0.0,,1.0,1.0,Unknown
FYTTD1,0.0,,1.0,1.0,Unknown
FZD1,0.0,,1.0,1.0,Unknown
FZD10,0.0,,1.0,1.0,Unknown
FZD10-AS1,0.0,,1.0,1.0,Unknown
FUS,0.0,,1.0,1.0,Unknown
FUT1,0.0,,1.0,1.0,Unknown
FUT10,0.0,,1.0,1.0,Unknown
FUT11,0.0,,1.0,1.0,Unknown
FUT2,0.0,,1.0,1.0,Unknown
FUT3,0.0,,1.0,1.0,Unknown
FUT4,0.0,,1.0,1.0,Unknown
FUT5,0.0,,1.0,1.0,Unknown
FUT6,0.0,,1.0,1.0,Unknown
FUT7,0.0,,1.0,1.0,Unknown
FUT8,0.0,,1.0,1.0,Unknown
FUT8-AS1,0.0,,1.0,1.0,Unknown
FUT9,0.0,,1.0,1.0,Unknown
FUZ,0.0,,1.0,1.0,Unknown
FXN,0.0,,1.0,1.0,Unknown
FXR1,0.0,,1.0,1.0,Unknown
FTLP10,0.0,,1.0,1.0,Unknown
FTMT,0.0,,1.0,1.0,Unknown
FTO,0.0,,1.0,1.0,Unknown
FTSJ1,0.0,,1.0,1.0,Unknown
FTSJ3,0.0,,1.0,1.0,Unknown
FTX,0.0,,1.0,1.0,Unknown
FUBP1,0.0,,1.0,1.0,Unknown
FUBP3,0.0,,1.0,1.0,Unknown
FUCA1,0.0,,1.0,1.0,Unknown
FUCA2,0.0,,1.0,1.0,Unknown
FUK,0.0,,1.0,1.0,Unknown
FUNDC1,0.0,,1.0,1.0,Unknown
FUNDC2,0.0,,1.0,1.0,Unknown
FUNDC2P2,0.0,,1.0,1.0,Unknown
FUOM,0.0,,1.0,1.0,Unknown
FURIN,0.0,,1.0,1.0,Unknown
FSHB,0.0,,1.0,1.0,Unknown
FSHR,0.0,,1.0,1.0,Unknown
FSIP1,0.0,,1.0,1.0,Unknown
FSIP2,0.0,,1.0,1.0,Unknown
FST,0.0,,1.0,1.0,Unknown
FSTL1,0.0,,1.0,1.0,Unknown
FSTL3,0.0,,1.0,1.0,Unknown
FSTL4,0.0,,1.0,1.0,Unknown
FSTL5,0.0,,1.0,1.0,Unknown
FTCD,0.0,,1.0,1.0,Unknown
FTCDNL1,0.0,,1.0,1.0,Unknown
FTH1,0.0,,1.0,1.0,Unknown
FTH1P18,0.0,,1.0,1.0,Unknown
FTH1P3,0.0,,1.0,1.0,Unknown
FTHL17,0.0,,1.0,1.0,Unknown
FTL,0.0,,1.0,1.0,Unknown
FRMPD4,0.0,,1.0,1.0,Unknown
FRRS1,0.0,,1.0,1.0,Unknown
FRRS1L,0.0,,1.0,1.0,Unknown
FRS2,0.0,,1.0,1.0,Unknown
FRS3,0.0,,1.0,1.0,Unknown
FRY,0.0,,1.0,1.0,Unknown
FRYL,0.0,,1.0,1.0,Unknown
FRZB,0.0,,1.0,1.0,Unknown
FSBP,0.0,,1.0,1.0,Unknown
FSCB,0.0,,1.0,1.0,Unknown
FSCN1,0.0,,1.0,1.0,Unknown
FSCN2,0.0,,1.0,1.0,Unknown
FSCN3,0.0,,1.0,1.0,Unknown
FSD1,0.0,,1.0,1.0,Unknown
FSD1L,0.0,,1.0,1.0,Unknown
FSD2,0.0,,1.0,1.0,Unknown
FRG2B,0.0,,1.0,1.0,Unknown
FRG2C,0.0,,1.0,1.0,Unknown
FRK,0.0,,1.0,1.0,Unknown
FRMD1,0.0,,1.0,1.0,Unknown
FRMD3,0.0,,1.0,1.0,Unknown
FRMD4A,0.0,,1.0,1.0,Unknown
FRMD4B,0.0,,1.0,1.0,Unknown
FRMD5,0.0,,1.0,1.0,Unknown
FRMD6,0.0,,1.0,1.0,Unknown
FRMD6-AS1,0.0,,1.0,1.0,Unknown
FRMD6-AS2,0.0,,1.0,1.0,Unknown
FRMD7,0.0,,1.0,1.0,Unknown
FRMD8,0.0,,1.0,1.0,Unknown
FRMD8P1,0.0,,1.0,1.0,Unknown
FRMPD1,0.0,,1.0,1.0,Unknown
FRMPD2,0.0,,1.0,1.0,Unknown
FOXS1,0.0,,1.0,1.0,Unknown
FPGS,0.0,,1.0,1.0,Unknown
FPGT,0.0,,1.0,1.0,Unknown
FPGT-TNNI3K,0.0,,1.0,1.0,Unknown
FPR1,0.0,,1.0,1.0,Unknown
FPR2,0.0,,1.0,1.0,Unknown
FPR3,0.0,,1.0,1.0,Unknown
FRA10AC1,0.0,,1.0,1.0,Unknown
FRAS1,0.0,,1.0,1.0,Unknown
FRAT1,0.0,,1.0,1.0,Unknown
FRAT2,0.0,,1.0,1.0,Unknown
FREM1,0.0,,1.0,1.0,Unknown
FREM2,0.0,,1.0,1.0,Unknown
FREM3,0.0,,1.0,1.0,Unknown
FRG1,0.0,,1.0,1.0,Unknown
FRG2,0.0,,1.0,1.0,Unknown
FOXN3-AS1,0.0,,1.0,1.0,Unknown
FOXN3-AS2,0.0,,1.0,1.0,Unknown
FOXN4,0.0,,1.0,1.0,Unknown
FOXO1,0.0,,1.0,1.0,Unknown
FOXO3,0.0,,1.0,1.0,Unknown
FOXO3B,0.0,,1.0,1.0,Unknown
FOXO4,0.0,,1.0,1.0,Unknown
FOXP1,0.0,,1.0,1.0,Unknown
FOXP2,0.0,,1.0,1.0,Unknown
FOXP3,0.0,,1.0,1.0,Unknown
FOXP4,0.0,,1.0,1.0,Unknown
FOXQ1,0.0,,1.0,1.0,Unknown
FOXR1,0.0,,1.0,1.0,Unknown
FOXR2,0.0,,1.0,1.0,Unknown
FOXRED1,0.0,,1.0,1.0,Unknown
FOXRED2,0.0,,1.0,1.0,Unknown
FOXG1,0.0,,1.0,1.0,Unknown
FOXH1,0.0,,1.0,1.0,Unknown
FOXI1,0.0,,1.0,1.0,Unknown
FOXI2,0.0,,1.0,1.0,Unknown
FOXI3,0.0,,1.0,1.0,Unknown
FOXJ1,0.0,,1.0,1.0,Unknown
FOXJ2,0.0,,1.0,1.0,Unknown
FOXJ3,0.0,,1.0,1.0,Unknown
FOXK1,0.0,,1.0,1.0,Unknown
FOXK2,0.0,,1.0,1.0,Unknown
FOXL1,0.0,,1.0,1.0,Unknown
FOXL2,0.0,,1.0,1.0,Unknown
FOXM1,0.0,,1.0,1.0,Unknown
FOXN1,0.0,,1.0,1.0,Unknown
FOXN2,0.0,,1.0,1.0,Unknown
FOXN3,0.0,,1.0,1.0,Unknown
FOXC1,0.0,,1.0,1.0,Unknown
FOXC2,0.0,,1.0,1.0,Unknown
FOXD1,0.0,,1.0,1.0,Unknown
FOXD2,0.0,,1.0,1.0,Unknown
FOXD2-AS1,0.0,,1.0,1.0,Unknown
FOXD3,0.0,,1.0,1.0,Unknown
FOXD4,0.0,,1.0,1.0,Unknown
FOXD4L1,0.0,,1.0,1.0,Unknown
FOXD4L3,0.0,,1.0,1.0,Unknown
FOXD4L4,0.0,,1.0,1.0,Unknown
FOXD4L5,0.0,,1.0,1.0,Unknown
FOXD4L6,0.0,,1.0,1.0,Unknown
FOXE1,0.0,,1.0,1.0,Unknown
FOXE3,0.0,,1.0,1.0,Unknown
FOXF1,0.0,,1.0,1.0,Unknown
FOXF2,0.0,,1.0,1.0,Unknown
FOCAD,0.0,,1.0,1.0,Unknown
FOLH1,0.0,,1.0,1.0,Unknown
FOLH1B,0.0,,1.0,1.0,Unknown
FOLR1,0.0,,1.0,1.0,Unknown
FOLR2,0.0,,1.0,1.0,Unknown
FOLR3,0.0,,1.0,1.0,Unknown
FOPNL,0.0,,1.0,1.0,Unknown
FOS,0.0,,1.0,1.0,Unknown
FOSB,0.0,,1.0,1.0,Unknown
FOSL1,0.0,,1.0,1.0,Unknown
FOSL2,0.0,,1.0,1.0,Unknown
FOXA1,0.0,,1.0,1.0,Unknown
FOXA2,0.0,,1.0,1.0,Unknown
FOXA3,0.0,,1.0,1.0,Unknown
FOXB1,0.0,,1.0,1.0,Unknown
FOXB2,0.0,,1.0,1.0,Unknown
FN3KRP,0.0,,1.0,1.0,Unknown
FNBP1,0.0,,1.0,1.0,Unknown
FNBP1L,0.0,,1.0,1.0,Unknown
FNBP4,0.0,,1.0,1.0,Unknown
FNDC1,0.0,,1.0,1.0,Unknown
FNDC3A,0.0,,1.0,1.0,Unknown
FNDC3B,0.0,,1.0,1.0,Unknown
FNDC4,0.0,,1.0,1.0,Unknown
FNDC5,0.0,,1.0,1.0,Unknown
FNDC7,0.0,,1.0,1.0,Unknown
FNDC8,0.0,,1.0,1.0,Unknown
FNDC9,0.0,,1.0,1.0,Unknown
FNIP1,0.0,,1.0,1.0,Unknown
FNIP2,0.0,,1.0,1.0,Unknown
FNTA,0.0,,1.0,1.0,Unknown
FNTB,0.0,,1.0,1.0,Unknown
FMNL1,0.0,,1.0,1.0,Unknown
FMNL2,0.0,,1.0,1.0,Unknown
FMNL3,0.0,,1.0,1.0,Unknown
FMO1,0.0,,1.0,1.0,Unknown
FMO2,0.0,,1.0,1.0,Unknown
FMO3,0.0,,1.0,1.0,Unknown
FMO4,0.0,,1.0,1.0,Unknown
FMO5,0.0,,1.0,1.0,Unknown
FMO6P,0.0,,1.0,1.0,Unknown
FMO9P,0.0,,1.0,1.0,Unknown
FMOD,0.0,,1.0,1.0,Unknown
FMR1,0.0,,1.0,1.0,Unknown
FMR1-AS1,0.0,,1.0,1.0,Unknown
FMR1NB,0.0,,1.0,1.0,Unknown
FN1,0.0,,1.0,1.0,Unknown
FN3K,0.0,,1.0,1.0,Unknown
FLOT1,0.0,,1.0,1.0,Unknown
FLOT2,0.0,,1.0,1.0,Unknown
FLRT1,0.0,,1.0,1.0,Unknown
FLRT2,0.0,,1.0,1.0,Unknown
FLRT3,0.0,,1.0,1.0,Unknown
FLT1,0.0,,1.0,1.0,Unknown
FLT3,0.0,,1.0,1.0,Unknown
FLT3LG,0.0,,1.0,1.0,Unknown
FLT4,0.0,,1.0,1.0,Unknown
FLVCR1,0.0,,1.0,1.0,Unknown
FLVCR1-AS1,0.0,,1.0,1.0,Unknown
FLVCR2,0.0,,1.0,1.0,Unknown
FLYWCH1,0.0,,1.0,1.0,Unknown
FLYWCH2,0.0,,1.0,1.0,Unknown
FMN1,0.0,,1.0,1.0,Unknown
FMN2,0.0,,1.0,1.0,Unknown
FKBP6,0.0,,1.0,1.0,Unknown
FKBP7,0.0,,1.0,1.0,Unknown
FKBP8,0.0,,1.0,1.0,Unknown
FKBP9,0.0,,1.0,1.0,Unknown
FKBPL,0.0,,1.0,1.0,Unknown
FKRP,0.0,,1.0,1.0,Unknown
FKTN,0.0,,1.0,1.0,Unknown
FLAD1,0.0,,1.0,1.0,Unknown
FLCN,0.0,,1.0,1.0,Unknown
FLG,0.0,,1.0,1.0,Unknown
FLG2,0.0,,1.0,1.0,Unknown
FLI1,0.0,,1.0,1.0,Unknown
FLII,0.0,,1.0,1.0,Unknown
FLNA,0.0,,1.0,1.0,Unknown
FLNB,0.0,,1.0,1.0,Unknown
FLNC,0.0,,1.0,1.0,Unknown
FIS1,0.0,,1.0,1.0,Unknown
FITM1,0.0,,1.0,1.0,Unknown
FITM2,0.0,,1.0,1.0,Unknown
FIZ1,0.0,,1.0,1.0,Unknown
FJX1,0.0,,1.0,1.0,Unknown
FKBP10,0.0,,1.0,1.0,Unknown
FKBP11,0.0,,1.0,1.0,Unknown
FKBP14,0.0,,1.0,1.0,Unknown
FKBP15,0.0,,1.0,1.0,Unknown
FKBP1A,0.0,,1.0,1.0,Unknown
FKBP1AP1,0.0,,1.0,1.0,Unknown
FKBP1B,0.0,,1.0,1.0,Unknown
FKBP2,0.0,,1.0,1.0,Unknown
FKBP3,0.0,,1.0,1.0,Unknown
FKBP4,0.0,,1.0,1.0,Unknown
FKBP5,0.0,,1.0,1.0,Unknown
FHL3,0.0,,1.0,1.0,Unknown
FHL5,0.0,,1.0,1.0,Unknown
FHOD1,0.0,,1.0,1.0,Unknown
FHOD3,0.0,,1.0,1.0,Unknown
FIBCD1,0.0,,1.0,1.0,Unknown
FIBIN,0.0,,1.0,1.0,Unknown
FIBP,0.0,,1.0,1.0,Unknown
FICD,0.0,,1.0,1.0,Unknown
FIG4,0.0,,1.0,1.0,Unknown
FIGLA,0.0,,1.0,1.0,Unknown
FIGN,0.0,,1.0,1.0,Unknown
FIGNL1,0.0,,1.0,1.0,Unknown
FIGNL2,0.0,,1.0,1.0,Unknown
FILIP1,0.0,,1.0,1.0,Unknown
FILIP1L,0.0,,1.0,1.0,Unknown
FIP1L1,0.0,,1.0,1.0,Unknown
FGFR1OP2,0.0,,1.0,1.0,Unknown
FGFR2,0.0,,1.0,1.0,Unknown
FGFR3,0.0,,1.0,1.0,Unknown
FGFR4,0.0,,1.0,1.0,Unknown
FGFRL1,0.0,,1.0,1.0,Unknown
FGG,0.0,,1.0,1.0,Unknown
FGGY,0.0,,1.0,1.0,Unknown
FGL1,0.0,,1.0,1.0,Unknown
FGL2,0.0,,1.0,1.0,Unknown
FGR,0.0,,1.0,1.0,Unknown
FH,0.0,,1.0,1.0,Unknown
FHAD1,0.0,,1.0,1.0,Unknown
FHDC1,0.0,,1.0,1.0,Unknown
FHIT,0.0,,1.0,1.0,Unknown
FHL1,0.0,,1.0,1.0,Unknown
FHL2,0.0,,1.0,1.0,Unknown
FGF20,0.0,,1.0,1.0,Unknown
FGF21,0.0,,1.0,1.0,Unknown
FGF22,0.0,,1.0,1.0,Unknown
FGF23,0.0,,1.0,1.0,Unknown
FGF3,0.0,,1.0,1.0,Unknown
FGF4,0.0,,1.0,1.0,Unknown
FGF5,0.0,,1.0,1.0,Unknown
FGF6,0.0,,1.0,1.0,Unknown
FGF7,0.0,,1.0,1.0,Unknown
FGF8,0.0,,1.0,1.0,Unknown
FGF9,0.0,,1.0,1.0,Unknown
FGFBP1,0.0,,1.0,1.0,Unknown
FGFBP2,0.0,,1.0,1.0,Unknown
FGFBP3,0.0,,1.0,1.0,Unknown
FGFR1,0.0,,1.0,1.0,Unknown
FGFR1OP,0.0,,1.0,1.0,Unknown
FGD5P1,0.0,,1.0,1.0,Unknown
FGD6,0.0,,1.0,1.0,Unknown
FGF1,0.0,,1.0,1.0,Unknown
FGF10,0.0,,1.0,1.0,Unknown
FGF11,0.0,,1.0,1.0,Unknown
FGF12,0.0,,1.0,1.0,Unknown
FGF13,0.0,,1.0,1.0,Unknown
FGF13-AS1,0.0,,1.0,1.0,Unknown
FGF14,0.0,,1.0,1.0,Unknown
FGF14-AS2,0.0,,1.0,1.0,Unknown
FGF14-IT1,0.0,,1.0,1.0,Unknown
FGF16,0.0,,1.0,1.0,Unknown
FGF17,0.0,,1.0,1.0,Unknown
FGF18,0.0,,1.0,1.0,Unknown
FGF19,0.0,,1.0,1.0,Unknown
FGF2,0.0,,1.0,1.0,Unknown
FEZ2,0.0,,1.0,1.0,Unknown
FEZF1,0.0,,1.0,1.0,Unknown
FEZF1-AS1,0.0,,1.0,1.0,Unknown
FEZF2,0.0,,1.0,1.0,Unknown
FFAR1,0.0,,1.0,1.0,Unknown
FFAR2,0.0,,1.0,1.0,Unknown
FFAR3,0.0,,1.0,1.0,Unknown
FFAR4,0.0,,1.0,1.0,Unknown
FGA,0.0,,1.0,1.0,Unknown
FGB,0.0,,1.0,1.0,Unknown
FGD1,0.0,,1.0,1.0,Unknown
FGD2,0.0,,1.0,1.0,Unknown
FGD3,0.0,,1.0,1.0,Unknown
FGD4,0.0,,1.0,1.0,Unknown
FGD5,0.0,,1.0,1.0,Unknown
FGD5-AS1,0.0,,1.0,1.0,Unknown
FEM1C,0.0,,1.0,1.0,Unknown
FEN1,0.0,,1.0,1.0,Unknown
FENDRR,0.0,,1.0,1.0,Unknown
FER,0.0,,1.0,1.0,Unknown
FER1L5,0.0,,1.0,1.0,Unknown
FER1L6,0.0,,1.0,1.0,Unknown
FER1L6-AS1,0.0,,1.0,1.0,Unknown
FER1L6-AS2,0.0,,1.0,1.0,Unknown
FERD3L,0.0,,1.0,1.0,Unknown
FERMT1,0.0,,1.0,1.0,Unknown
FERMT2,0.0,,1.0,1.0,Unknown
FERMT3,0.0,,1.0,1.0,Unknown
FES,0.0,,1.0,1.0,Unknown
FETUB,0.0,,1.0,1.0,Unknown
FEV,0.0,,1.0,1.0,Unknown
FEZ1,0.0,,1.0,1.0,Unknown
FCRL3,0.0,,1.0,1.0,Unknown
FCRL4,0.0,,1.0,1.0,Unknown
FCRL5,0.0,,1.0,1.0,Unknown
FCRL6,0.0,,1.0,1.0,Unknown
FCRLA,0.0,,1.0,1.0,Unknown
FCRLB,0.0,,1.0,1.0,Unknown
FDCSP,0.0,,1.0,1.0,Unknown
FDFT1,0.0,,1.0,1.0,Unknown
FDPS,0.0,,1.0,1.0,Unknown
FDPSP2,0.0,,1.0,1.0,Unknown
FDX1,0.0,,1.0,1.0,Unknown
FDXACB1,0.0,,1.0,1.0,Unknown
FDXR,0.0,,1.0,1.0,Unknown
FECH,0.0,,1.0,1.0,Unknown
FEM1A,0.0,,1.0,1.0,Unknown
FEM1B,0.0,,1.0,1.0,Unknown
FCGR1B,0.0,,1.0,1.0,Unknown
FCGR2A,0.0,,1.0,1.0,Unknown
FCGR2B,0.0,,1.0,1.0,Unknown
FCGR2C,0.0,,1.0,1.0,Unknown
FCGR3A,0.0,,1.0,1.0,Unknown
FCGR3B,0.0,,1.0,1.0,Unknown
FCGRT,0.0,,1.0,1.0,Unknown
FCHO1,0.0,,1.0,1.0,Unknown
FCHO2,0.0,,1.0,1.0,Unknown
FCHSD1,0.0,,1.0,1.0,Unknown
FCHSD2,0.0,,1.0,1.0,Unknown
FCN1,0.0,,1.0,1.0,Unknown
FCN2,0.0,,1.0,1.0,Unknown
FCN3,0.0,,1.0,1.0,Unknown
FCRL1,0.0,,1.0,1.0,Unknown
FCRL2,0.0,,1.0,1.0,Unknown
FBXW12,0.0,,1.0,1.0,Unknown
FBXW2,0.0,,1.0,1.0,Unknown
FBXW4,0.0,,1.0,1.0,Unknown
FBXW4P1,0.0,,1.0,1.0,Unknown
FBXW5,0.0,,1.0,1.0,Unknown
FBXW7,0.0,,1.0,1.0,Unknown
FBXW8,0.0,,1.0,1.0,Unknown
FBXW9,0.0,,1.0,1.0,Unknown
FCAMR,0.0,,1.0,1.0,Unknown
FCAR,0.0,,1.0,1.0,Unknown
FCER1A,0.0,,1.0,1.0,Unknown
FCER1G,0.0,,1.0,1.0,Unknown
FCER2,0.0,,1.0,1.0,Unknown
FCF1,0.0,,1.0,1.0,Unknown
FCGBP,0.0,,1.0,1.0,Unknown
FCGR1A,0.0,,1.0,1.0,Unknown
FBXO40,0.0,,1.0,1.0,Unknown
FBXO41,0.0,,1.0,1.0,Unknown
FBXO42,0.0,,1.0,1.0,Unknown
FBXO43,0.0,,1.0,1.0,Unknown
FBXO44,0.0,,1.0,1.0,Unknown
FBXO45,0.0,,1.0,1.0,Unknown
FBXO46,0.0,,1.0,1.0,Unknown
FBXO47,0.0,,1.0,1.0,Unknown
FBXO48,0.0,,1.0,1.0,Unknown
FBXO5,0.0,,1.0,1.0,Unknown
FBXO6,0.0,,1.0,1.0,Unknown
FBXO7,0.0,,1.0,1.0,Unknown
FBXO8,0.0,,1.0,1.0,Unknown
FBXO9,0.0,,1.0,1.0,Unknown
FBXW10,0.0,,1.0,1.0,Unknown
FBXW11,0.0,,1.0,1.0,Unknown
FBXO21,0.0,,1.0,1.0,Unknown
FBXO22,0.0,,1.0,1.0,Unknown
FBXO24,0.0,,1.0,1.0,Unknown
FBXO25,0.0,,1.0,1.0,Unknown
FBXO27,0.0,,1.0,1.0,Unknown
FBXO28,0.0,,1.0,1.0,Unknown
FBXO3,0.0,,1.0,1.0,Unknown
FBXO30,0.0,,1.0,1.0,Unknown
FBXO31,0.0,,1.0,1.0,Unknown
FBXO32,0.0,,1.0,1.0,Unknown
FBXO33,0.0,,1.0,1.0,Unknown
FBXO34,0.0,,1.0,1.0,Unknown
FBXO36,0.0,,1.0,1.0,Unknown
FBXO38,0.0,,1.0,1.0,Unknown
FBXO39,0.0,,1.0,1.0,Unknown
FBXO4,0.0,,1.0,1.0,Unknown
FBXL20,0.0,,1.0,1.0,Unknown
FBXL21,0.0,,1.0,1.0,Unknown
FBXL22,0.0,,1.0,1.0,Unknown
FBXL3,0.0,,1.0,1.0,Unknown
FBXL4,0.0,,1.0,1.0,Unknown
FBXL5,0.0,,1.0,1.0,Unknown
FBXL6,0.0,,1.0,1.0,Unknown
FBXL7,0.0,,1.0,1.0,Unknown
FBXL8,0.0,,1.0,1.0,Unknown
FBXO10,0.0,,1.0,1.0,Unknown
FBXO11,0.0,,1.0,1.0,Unknown
FBXO15,0.0,,1.0,1.0,Unknown
FBXO16,0.0,,1.0,1.0,Unknown
FBXO17,0.0,,1.0,1.0,Unknown
FBXO18,0.0,,1.0,1.0,Unknown
FBXO2,0.0,,1.0,1.0,Unknown
FBN2,0.0,,1.0,1.0,Unknown
FBN3,0.0,,1.0,1.0,Unknown
FBP1,0.0,,1.0,1.0,Unknown
FBP2,0.0,,1.0,1.0,Unknown
FBRS,0.0,,1.0,1.0,Unknown
FBRSL1,0.0,,1.0,1.0,Unknown
FBXL12,0.0,,1.0,1.0,Unknown
FBXL13,0.0,,1.0,1.0,Unknown
FBXL14,0.0,,1.0,1.0,Unknown
FBXL15,0.0,,1.0,1.0,Unknown
FBXL16,0.0,,1.0,1.0,Unknown
FBXL17,0.0,,1.0,1.0,Unknown
FBXL18,0.0,,1.0,1.0,Unknown
FBXL19,0.0,,1.0,1.0,Unknown
FBXL19-AS1,0.0,,1.0,1.0,Unknown
FBXL2,0.0,,1.0,1.0,Unknown
FAT2,0.0,,1.0,1.0,Unknown
FAT3,0.0,,1.0,1.0,Unknown
FAT4,0.0,,1.0,1.0,Unknown
FATE1,0.0,,1.0,1.0,Unknown
FAU,0.0,,1.0,1.0,Unknown
FAXC,0.0,,1.0,1.0,Unknown
FAXDC2,0.0,,1.0,1.0,Unknown
FBF1,0.0,,1.0,1.0,Unknown
FBL,0.0,,1.0,1.0,Unknown
FBLIM1,0.0,,1.0,1.0,Unknown
FBLL1,0.0,,1.0,1.0,Unknown
FBLN1,0.0,,1.0,1.0,Unknown
FBLN2,0.0,,1.0,1.0,Unknown
FBLN5,0.0,,1.0,1.0,Unknown
FBLN7,0.0,,1.0,1.0,Unknown
FBN1,0.0,,1.0,1.0,Unknown
FAR1,0.0,,1.0,1.0,Unknown
FAR2,0.0,,1.0,1.0,Unknown
FARP1,0.0,,1.0,1.0,Unknown
FARP2,0.0,,1.0,1.0,Unknown
FARS2,0.0,,1.0,1.0,Unknown
FARSA,0.0,,1.0,1.0,Unknown
FARSB,0.0,,1.0,1.0,Unknown
FAS,0.0,,1.0,1.0,Unknown
FASLG,0.0,,1.0,1.0,Unknown
FASN,0.0,,1.0,1.0,Unknown
FASTK,0.0,,1.0,1.0,Unknown
FASTKD1,0.0,,1.0,1.0,Unknown
FASTKD2,0.0,,1.0,1.0,Unknown
FASTKD3,0.0,,1.0,1.0,Unknown
FASTKD5,0.0,,1.0,1.0,Unknown
FAT1,0.0,,1.0,1.0,Unknown
FAM9C,0.0,,1.0,1.0,Unknown
FAN1,0.0,,1.0,1.0,Unknown
FANCA,0.0,,1.0,1.0,Unknown
FANCB,0.0,,1.0,1.0,Unknown
FANCC,0.0,,1.0,1.0,Unknown
FANCD2,0.0,,1.0,1.0,Unknown
FANCD2OS,0.0,,1.0,1.0,Unknown
FANCE,0.0,,1.0,1.0,Unknown
FANCF,0.0,,1.0,1.0,Unknown
FANCG,0.0,,1.0,1.0,Unknown
FANCI,0.0,,1.0,1.0,Unknown
FANCL,0.0,,1.0,1.0,Unknown
FANCM,0.0,,1.0,1.0,Unknown
FANK1,0.0,,1.0,1.0,Unknown
FANK1-AS1,0.0,,1.0,1.0,Unknown
FAP,0.0,,1.0,1.0,Unknown
FAM90A2P,0.0,,1.0,1.0,Unknown
FAM90A7P,0.0,,1.0,1.0,Unknown
FAM91A1,0.0,,1.0,1.0,Unknown
FAM92A1P2,0.0,,1.0,1.0,Unknown
FAM92B,0.0,,1.0,1.0,Unknown
FAM95B1,0.0,,1.0,1.0,Unknown
FAM95C,0.0,,1.0,1.0,Unknown
FAM96A,0.0,,1.0,1.0,Unknown
FAM96B,0.0,,1.0,1.0,Unknown
FAM98A,0.0,,1.0,1.0,Unknown
FAM98B,0.0,,1.0,1.0,Unknown
FAM98C,0.0,,1.0,1.0,Unknown
FAM99A,0.0,,1.0,1.0,Unknown
FAM99B,0.0,,1.0,1.0,Unknown
FAM9A,0.0,,1.0,1.0,Unknown
FAM9B,0.0,,1.0,1.0,Unknown
FAM86B3P,0.0,,1.0,1.0,Unknown
FAM86C1,0.0,,1.0,1.0,Unknown
FAM86C2P,0.0,,1.0,1.0,Unknown
FAM86DP,0.0,,1.0,1.0,Unknown
FAM86EP,0.0,,1.0,1.0,Unknown
FAM86FP,0.0,,1.0,1.0,Unknown
FAM86HP,0.0,,1.0,1.0,Unknown
FAM86JP,0.0,,1.0,1.0,Unknown
FAM87B,0.0,,1.0,1.0,Unknown
FAM89A,0.0,,1.0,1.0,Unknown
FAM89B,0.0,,1.0,1.0,Unknown
FAM8A1,0.0,,1.0,1.0,Unknown
FAM90A1,0.0,,1.0,1.0,Unknown
FAM90A10P,0.0,,1.0,1.0,Unknown
FAM90A25P,0.0,,1.0,1.0,Unknown
FAM90A27P,0.0,,1.0,1.0,Unknown
FAM81A,0.0,,1.0,1.0,Unknown
FAM81B,0.0,,1.0,1.0,Unknown
FAM83A,0.0,,1.0,1.0,Unknown
FAM83A-AS1,0.0,,1.0,1.0,Unknown
FAM83B,0.0,,1.0,1.0,Unknown
FAM83C,0.0,,1.0,1.0,Unknown
FAM83D,0.0,,1.0,1.0,Unknown
FAM83E,0.0,,1.0,1.0,Unknown
FAM83F,0.0,,1.0,1.0,Unknown
FAM83G,0.0,,1.0,1.0,Unknown
FAM83H,0.0,,1.0,1.0,Unknown
FAM83H-AS1,0.0,,1.0,1.0,Unknown
FAM84A,0.0,,1.0,1.0,Unknown
FAM84B,0.0,,1.0,1.0,Unknown
FAM86B1,0.0,,1.0,1.0,Unknown
FAM86B2,0.0,,1.0,1.0,Unknown
FAM71C,0.0,,1.0,1.0,Unknown
FAM71D,0.0,,1.0,1.0,Unknown
FAM71E1,0.0,,1.0,1.0,Unknown
FAM71E2,0.0,,1.0,1.0,Unknown
FAM71F1,0.0,,1.0,1.0,Unknown
FAM71F2,0.0,,1.0,1.0,Unknown
FAM72A,0.0,,1.0,1.0,Unknown
FAM72B,0.0,,1.0,1.0,Unknown
FAM72D,0.0,,1.0,1.0,Unknown
FAM74A1,0.0,,1.0,1.0,Unknown
FAM74A3,0.0,,1.0,1.0,Unknown
FAM74A4,0.0,,1.0,1.0,Unknown
FAM76A,0.0,,1.0,1.0,Unknown
FAM76B,0.0,,1.0,1.0,Unknown
FAM78A,0.0,,1.0,1.0,Unknown
FAM78B,0.0,,1.0,1.0,Unknown
FAM53B,0.0,,1.0,1.0,Unknown
FAM53C,0.0,,1.0,1.0,Unknown
FAM57A,0.0,,1.0,1.0,Unknown
FAM57B,0.0,,1.0,1.0,Unknown
FAM58A,0.0,,1.0,1.0,Unknown
FAM60A,0.0,,1.0,1.0,Unknown
FAM66A,0.0,,1.0,1.0,Unknown
FAM66B,0.0,,1.0,1.0,Unknown
FAM66C,0.0,,1.0,1.0,Unknown
FAM66D,0.0,,1.0,1.0,Unknown
FAM66E,0.0,,1.0,1.0,Unknown
FAM69A,0.0,,1.0,1.0,Unknown
FAM69B,0.0,,1.0,1.0,Unknown
FAM69C,0.0,,1.0,1.0,Unknown
FAM71A,0.0,,1.0,1.0,Unknown
FAM71B,0.0,,1.0,1.0,Unknown
FAM43B,0.0,,1.0,1.0,Unknown
FAM45A,0.0,,1.0,1.0,Unknown
FAM46A,0.0,,1.0,1.0,Unknown
FAM46B,0.0,,1.0,1.0,Unknown
FAM46C,0.0,,1.0,1.0,Unknown
FAM46D,0.0,,1.0,1.0,Unknown
FAM47A,0.0,,1.0,1.0,Unknown
FAM47B,0.0,,1.0,1.0,Unknown
FAM47C,0.0,,1.0,1.0,Unknown
FAM47E,0.0,,1.0,1.0,Unknown
FAM47E-STBD1,0.0,,1.0,1.0,Unknown
FAM49A,0.0,,1.0,1.0,Unknown
FAM49B,0.0,,1.0,1.0,Unknown
FAM50A,0.0,,1.0,1.0,Unknown
FAM50B,0.0,,1.0,1.0,Unknown
FAM53A,0.0,,1.0,1.0,Unknown
FAM26F,0.0,,1.0,1.0,Unknown
FAM27B,0.0,,1.0,1.0,Unknown
FAM27C,0.0,,1.0,1.0,Unknown
FAM27E2,0.0,,1.0,1.0,Unknown
FAM32A,0.0,,1.0,1.0,Unknown
FAM35A,0.0,,1.0,1.0,Unknown
FAM35BP,0.0,,1.0,1.0,Unknown
FAM35DP,0.0,,1.0,1.0,Unknown
FAM3A,0.0,,1.0,1.0,Unknown
FAM3B,0.0,,1.0,1.0,Unknown
FAM3C,0.0,,1.0,1.0,Unknown
FAM3D,0.0,,1.0,1.0,Unknown
FAM41AY1,0.0,,1.0,1.0,Unknown
FAM41AY2,0.0,,1.0,1.0,Unknown
FAM41C,0.0,,1.0,1.0,Unknown
FAM43A,0.0,,1.0,1.0,Unknown
FAM225A,0.0,,1.0,1.0,Unknown
FAM225B,0.0,,1.0,1.0,Unknown
FAM226B,0.0,,1.0,1.0,Unknown
FAM227A,0.0,,1.0,1.0,Unknown
FAM227B,0.0,,1.0,1.0,Unknown
FAM228A,0.0,,1.0,1.0,Unknown
FAM228B,0.0,,1.0,1.0,Unknown
FAM229A,0.0,,1.0,1.0,Unknown
FAM229B,0.0,,1.0,1.0,Unknown
FAM24A,0.0,,1.0,1.0,Unknown
FAM24B,0.0,,1.0,1.0,Unknown
FAM25A,0.0,,1.0,1.0,Unknown
FAM25C,0.0,,1.0,1.0,Unknown
FAM25G,0.0,,1.0,1.0,Unknown
FAM26D,0.0,,1.0,1.0,Unknown
FAM26E,0.0,,1.0,1.0,Unknown
FAM216B,0.0,,1.0,1.0,Unknown
FAM217A,0.0,,1.0,1.0,Unknown
FAM217B,0.0,,1.0,1.0,Unknown
FAM218A,0.0,,1.0,1.0,Unknown
FAM219A,0.0,,1.0,1.0,Unknown
FAM219B,0.0,,1.0,1.0,Unknown
FAM220A,0.0,,1.0,1.0,Unknown
FAM221A,0.0,,1.0,1.0,Unknown
FAM221B,0.0,,1.0,1.0,Unknown
FAM222A,0.0,,1.0,1.0,Unknown
FAM222A-AS1,0.0,,1.0,1.0,Unknown
FAM222B,0.0,,1.0,1.0,Unknown
FAM223A,0.0,,1.0,1.0,Unknown
FAM223B,0.0,,1.0,1.0,Unknown
FAM224A,0.0,,1.0,1.0,Unknown
FAM224B,0.0,,1.0,1.0,Unknown
FAM208B,0.0,,1.0,1.0,Unknown
FAM209A,0.0,,1.0,1.0,Unknown
FAM209B,0.0,,1.0,1.0,Unknown
FAM20A,0.0,,1.0,1.0,Unknown
FAM20B,0.0,,1.0,1.0,Unknown
FAM20C,0.0,,1.0,1.0,Unknown
FAM210A,0.0,,1.0,1.0,Unknown
FAM210B,0.0,,1.0,1.0,Unknown
FAM212A,0.0,,1.0,1.0,Unknown
FAM212B,0.0,,1.0,1.0,Unknown
FAM213A,0.0,,1.0,1.0,Unknown
FAM213B,0.0,,1.0,1.0,Unknown
FAM214A,0.0,,1.0,1.0,Unknown
FAM214B,0.0,,1.0,1.0,Unknown
FAM215A,0.0,,1.0,1.0,Unknown
FAM216A,0.0,,1.0,1.0,Unknown
FAM198A,0.0,,1.0,1.0,Unknown
FAM198B,0.0,,1.0,1.0,Unknown
FAM199X,0.0,,1.0,1.0,Unknown
FAM19A1,0.0,,1.0,1.0,Unknown
FAM19A2,0.0,,1.0,1.0,Unknown
FAM19A3,0.0,,1.0,1.0,Unknown
FAM19A4,0.0,,1.0,1.0,Unknown
FAM19A5,0.0,,1.0,1.0,Unknown
FAM200A,0.0,,1.0,1.0,Unknown
FAM200B,0.0,,1.0,1.0,Unknown
FAM201A,0.0,,1.0,1.0,Unknown
FAM204A,0.0,,1.0,1.0,Unknown
FAM205A,0.0,,1.0,1.0,Unknown
FAM206A,0.0,,1.0,1.0,Unknown
FAM207A,0.0,,1.0,1.0,Unknown
FAM208A,0.0,,1.0,1.0,Unknown
FAM184A,0.0,,1.0,1.0,Unknown
FAM184B,0.0,,1.0,1.0,Unknown
FAM185A,0.0,,1.0,1.0,Unknown
FAM186A,0.0,,1.0,1.0,Unknown
FAM186B,0.0,,1.0,1.0,Unknown
FAM187B,0.0,,1.0,1.0,Unknown
FAM189A1,0.0,,1.0,1.0,Unknown
FAM189A2,0.0,,1.0,1.0,Unknown
FAM189B,0.0,,1.0,1.0,Unknown
FAM192A,0.0,,1.0,1.0,Unknown
FAM193A,0.0,,1.0,1.0,Unknown
FAM193B,0.0,,1.0,1.0,Unknown
FAM196A,0.0,,1.0,1.0,Unknown
FAM196B,0.0,,1.0,1.0,Unknown
FAM197Y2,0.0,,1.0,1.0,Unknown
FAM197Y5,0.0,,1.0,1.0,Unknown
FAM173B,0.0,,1.0,1.0,Unknown
FAM174A,0.0,,1.0,1.0,Unknown
FAM174B,0.0,,1.0,1.0,Unknown
FAM175A,0.0,,1.0,1.0,Unknown
FAM175B,0.0,,1.0,1.0,Unknown
FAM177A1,0.0,,1.0,1.0,Unknown
FAM177B,0.0,,1.0,1.0,Unknown
FAM178B,0.0,,1.0,1.0,Unknown
FAM180A,0.0,,1.0,1.0,Unknown
FAM180B,0.0,,1.0,1.0,Unknown
FAM181A,0.0,,1.0,1.0,Unknown
FAM181A-AS1,0.0,,1.0,1.0,Unknown
FAM181B,0.0,,1.0,1.0,Unknown
FAM182A,0.0,,1.0,1.0,Unknown
FAM182B,0.0,,1.0,1.0,Unknown
FAM183A,0.0,,1.0,1.0,Unknown
FAM166B,0.0,,1.0,1.0,Unknown
FAM167A,0.0,,1.0,1.0,Unknown
FAM167B,0.0,,1.0,1.0,Unknown
FAM168A,0.0,,1.0,1.0,Unknown
FAM168B,0.0,,1.0,1.0,Unknown
FAM169A,0.0,,1.0,1.0,Unknown
FAM169B,0.0,,1.0,1.0,Unknown
FAM170A,0.0,,1.0,1.0,Unknown
FAM170B,0.0,,1.0,1.0,Unknown
FAM170B-AS1,0.0,,1.0,1.0,Unknown
FAM171A1,0.0,,1.0,1.0,Unknown
FAM171A2,0.0,,1.0,1.0,Unknown
FAM171B,0.0,,1.0,1.0,Unknown
FAM172A,0.0,,1.0,1.0,Unknown
FAM172BP,0.0,,1.0,1.0,Unknown
FAM173A,0.0,,1.0,1.0,Unknown
FAM156B,0.0,,1.0,1.0,Unknown
FAM157A,0.0,,1.0,1.0,Unknown
FAM157B,0.0,,1.0,1.0,Unknown
FAM159A,0.0,,1.0,1.0,Unknown
FAM159B,0.0,,1.0,1.0,Unknown
FAM160A1,0.0,,1.0,1.0,Unknown
FAM160A2,0.0,,1.0,1.0,Unknown
FAM160B1,0.0,,1.0,1.0,Unknown
FAM160B2,0.0,,1.0,1.0,Unknown
FAM161A,0.0,,1.0,1.0,Unknown
FAM161B,0.0,,1.0,1.0,Unknown
FAM162A,0.0,,1.0,1.0,Unknown
FAM162B,0.0,,1.0,1.0,Unknown
FAM163A,0.0,,1.0,1.0,Unknown
FAM163B,0.0,,1.0,1.0,Unknown
FAM166A,0.0,,1.0,1.0,Unknown
FAM138E,0.0,,1.0,1.0,Unknown
FAM138F,0.0,,1.0,1.0,Unknown
FAM13A,0.0,,1.0,1.0,Unknown
FAM13A-AS1,0.0,,1.0,1.0,Unknown
FAM13B,0.0,,1.0,1.0,Unknown
FAM13C,0.0,,1.0,1.0,Unknown
FAM149A,0.0,,1.0,1.0,Unknown
FAM149B1,0.0,,1.0,1.0,Unknown
FAM151A,0.0,,1.0,1.0,Unknown
FAM151B,0.0,,1.0,1.0,Unknown
FAM153A,0.0,,1.0,1.0,Unknown
FAM153B,0.0,,1.0,1.0,Unknown
FAM153C,0.0,,1.0,1.0,Unknown
FAM155A,0.0,,1.0,1.0,Unknown
FAM155B,0.0,,1.0,1.0,Unknown
FAM156A,0.0,,1.0,1.0,Unknown
FAM129B,0.0,,1.0,1.0,Unknown
FAM129C,0.0,,1.0,1.0,Unknown
FAM131A,0.0,,1.0,1.0,Unknown
FAM131B,0.0,,1.0,1.0,Unknown
FAM131C,0.0,,1.0,1.0,Unknown
FAM133A,0.0,,1.0,1.0,Unknown
FAM133B,0.0,,1.0,1.0,Unknown
FAM133CP,0.0,,1.0,1.0,Unknown
FAM133DP,0.0,,1.0,1.0,Unknown
FAM135A,0.0,,1.0,1.0,Unknown
FAM135B,0.0,,1.0,1.0,Unknown
FAM136A,0.0,,1.0,1.0,Unknown
FAM138A,0.0,,1.0,1.0,Unknown
FAM138B,0.0,,1.0,1.0,Unknown
FAM138C,0.0,,1.0,1.0,Unknown
FAM138D,0.0,,1.0,1.0,Unknown
FAM117A,0.0,,1.0,1.0,Unknown
FAM117B,0.0,,1.0,1.0,Unknown
FAM118A,0.0,,1.0,1.0,Unknown
FAM118B,0.0,,1.0,1.0,Unknown
FAM120A,0.0,,1.0,1.0,Unknown
FAM120AOS,0.0,,1.0,1.0,Unknown
FAM120B,0.0,,1.0,1.0,Unknown
FAM120C,0.0,,1.0,1.0,Unknown
FAM122A,0.0,,1.0,1.0,Unknown
FAM122B,0.0,,1.0,1.0,Unknown
FAM122C,0.0,,1.0,1.0,Unknown
FAM124A,0.0,,1.0,1.0,Unknown
FAM124B,0.0,,1.0,1.0,Unknown
FAM126A,0.0,,1.0,1.0,Unknown
FAM126B,0.0,,1.0,1.0,Unknown
FAM129A,0.0,,1.0,1.0,Unknown
FAM104B,0.0,,1.0,1.0,Unknown
FAM105A,0.0,,1.0,1.0,Unknown
FAM106A,0.0,,1.0,1.0,Unknown
FAM106CP,0.0,,1.0,1.0,Unknown
FAM107A,0.0,,1.0,1.0,Unknown
FAM107B,0.0,,1.0,1.0,Unknown
FAM109A,0.0,,1.0,1.0,Unknown
FAM109B,0.0,,1.0,1.0,Unknown
FAM110A,0.0,,1.0,1.0,Unknown
FAM110B,0.0,,1.0,1.0,Unknown
FAM110C,0.0,,1.0,1.0,Unknown
FAM110D,0.0,,1.0,1.0,Unknown
FAM111A,0.0,,1.0,1.0,Unknown
FAM111B,0.0,,1.0,1.0,Unknown
FAM114A1,0.0,,1.0,1.0,Unknown
FAM114A2,0.0,,1.0,1.0,Unknown
FADS2,0.0,,1.0,1.0,Unknown
FADS3,0.0,,1.0,1.0,Unknown
FADS6,0.0,,1.0,1.0,Unknown
FAF1,0.0,,1.0,1.0,Unknown
FAF2,0.0,,1.0,1.0,Unknown
FAH,0.0,,1.0,1.0,Unknown
FAHD1,0.0,,1.0,1.0,Unknown
FAHD2A,0.0,,1.0,1.0,Unknown
FAHD2B,0.0,,1.0,1.0,Unknown
FAHD2CP,0.0,,1.0,1.0,Unknown
FAIM,0.0,,1.0,1.0,Unknown
FAIM2,0.0,,1.0,1.0,Unknown
FAM102A,0.0,,1.0,1.0,Unknown
FAM102B,0.0,,1.0,1.0,Unknown
FAM103A1,0.0,,1.0,1.0,Unknown
FAM104A,0.0,,1.0,1.0,Unknown
F9,0.0,,1.0,1.0,Unknown
FA2H,0.0,,1.0,1.0,Unknown
FAAH,0.0,,1.0,1.0,Unknown
FAAH2,0.0,,1.0,1.0,Unknown
FABP1,0.0,,1.0,1.0,Unknown
FABP12,0.0,,1.0,1.0,Unknown
FABP2,0.0,,1.0,1.0,Unknown
FABP3,0.0,,1.0,1.0,Unknown
FABP4,0.0,,1.0,1.0,Unknown
FABP5,0.0,,1.0,1.0,Unknown
FABP5P3,0.0,,1.0,1.0,Unknown
FABP6,0.0,,1.0,1.0,Unknown
FABP7,0.0,,1.0,1.0,Unknown
FABP9,0.0,,1.0,1.0,Unknown
FADD,0.0,,1.0,1.0,Unknown
FADS1,0.0,,1.0,1.0,Unknown
F11R,0.0,,1.0,1.0,Unknown
F12,0.0,,1.0,1.0,Unknown
F13A1,0.0,,1.0,1.0,Unknown
F13B,0.0,,1.0,1.0,Unknown
F2,0.0,,1.0,1.0,Unknown
F2R,0.0,,1.0,1.0,Unknown
F2RL1,0.0,,1.0,1.0,Unknown
F2RL2,0.0,,1.0,1.0,Unknown
F2RL3,0.0,,1.0,1.0,Unknown
F3,0.0,,1.0,1.0,Unknown
F5,0.0,,1.0,1.0,Unknown
F7,0.0,,1.0,1.0,Unknown
F8,0.0,,1.0,1.0,Unknown
F8A1,0.0,,1.0,1.0,Unknown
F8A2,0.0,,1.0,1.0,Unknown
F8A3,0.0,,1.0,1.0,Unknown
EXT1,0.0,,1.0,1.0,Unknown
EXT2,0.0,,1.0,1.0,Unknown
EXTL1,0.0,,1.0,1.0,Unknown
EXTL2,0.0,,1.0,1.0,Unknown
EXTL3,0.0,,1.0,1.0,Unknown
EYA1,0.0,,1.0,1.0,Unknown
EYA2,0.0,,1.0,1.0,Unknown
EYA3,0.0,,1.0,1.0,Unknown
EYA4,0.0,,1.0,1.0,Unknown
EYS,0.0,,1.0,1.0,Unknown
EZH1,0.0,,1.0,1.0,Unknown
EZH2,0.0,,1.0,1.0,Unknown
EZR,0.0,,1.0,1.0,Unknown
EZR-AS1,0.0,,1.0,1.0,Unknown
F10,0.0,,1.0,1.0,Unknown
F11,0.0,,1.0,1.0,Unknown
EXOC6,0.0,,1.0,1.0,Unknown
EXOC6B,0.0,,1.0,1.0,Unknown
EXOC7,0.0,,1.0,1.0,Unknown
EXOC8,0.0,,1.0,1.0,Unknown
EXOG,0.0,,1.0,1.0,Unknown
EXOSC1,0.0,,1.0,1.0,Unknown
EXOSC10,0.0,,1.0,1.0,Unknown
EXOSC2,0.0,,1.0,1.0,Unknown
EXOSC3,0.0,,1.0,1.0,Unknown
EXOSC4,0.0,,1.0,1.0,Unknown
EXOSC5,0.0,,1.0,1.0,Unknown
EXOSC6,0.0,,1.0,1.0,Unknown
EXOSC7,0.0,,1.0,1.0,Unknown
EXOSC8,0.0,,1.0,1.0,Unknown
EXOSC9,0.0,,1.0,1.0,Unknown
EXPH5,0.0,,1.0,1.0,Unknown
EVX1,0.0,,1.0,1.0,Unknown
EVX2,0.0,,1.0,1.0,Unknown
EWSR1,0.0,,1.0,1.0,Unknown
EXD1,0.0,,1.0,1.0,Unknown
EXD2,0.0,,1.0,1.0,Unknown
EXD3,0.0,,1.0,1.0,Unknown
EXO1,0.0,,1.0,1.0,Unknown
EXO5,0.0,,1.0,1.0,Unknown
EXOC1,0.0,,1.0,1.0,Unknown
EXOC2,0.0,,1.0,1.0,Unknown
EXOC3,0.0,,1.0,1.0,Unknown
EXOC3L1,0.0,,1.0,1.0,Unknown
EXOC3L2,0.0,,1.0,1.0,Unknown
EXOC3L4,0.0,,1.0,1.0,Unknown
EXOC4,0.0,,1.0,1.0,Unknown
EXOC5,0.0,,1.0,1.0,Unknown
ETV4,0.0,,1.0,1.0,Unknown
ETV5,0.0,,1.0,1.0,Unknown
ETV6,0.0,,1.0,1.0,Unknown
ETV7,0.0,,1.0,1.0,Unknown
EVA1A,0.0,,1.0,1.0,Unknown
EVA1B,0.0,,1.0,1.0,Unknown
EVA1C,0.0,,1.0,1.0,Unknown
EVC,0.0,,1.0,1.0,Unknown
EVC2,0.0,,1.0,1.0,Unknown
EVI2A,0.0,,1.0,1.0,Unknown
EVI2B,0.0,,1.0,1.0,Unknown
EVI5,0.0,,1.0,1.0,Unknown
EVI5L,0.0,,1.0,1.0,Unknown
EVL,0.0,,1.0,1.0,Unknown
EVPL,0.0,,1.0,1.0,Unknown
EVPLL,0.0,,1.0,1.0,Unknown
ESYT3,0.0,,1.0,1.0,Unknown
ETAA1,0.0,,1.0,1.0,Unknown
ETF1,0.0,,1.0,1.0,Unknown
ETFA,0.0,,1.0,1.0,Unknown
ETFB,0.0,,1.0,1.0,Unknown
ETFDH,0.0,,1.0,1.0,Unknown
ETHE1,0.0,,1.0,1.0,Unknown
ETNK1,0.0,,1.0,1.0,Unknown
ETNK2,0.0,,1.0,1.0,Unknown
ETNPPL,0.0,,1.0,1.0,Unknown
ETS1,0.0,,1.0,1.0,Unknown
ETS2,0.0,,1.0,1.0,Unknown
ETV1,0.0,,1.0,1.0,Unknown
ETV2,0.0,,1.0,1.0,Unknown
ETV3,0.0,,1.0,1.0,Unknown
ETV3L,0.0,,1.0,1.0,Unknown
ESM1,0.0,,1.0,1.0,Unknown
ESPL1,0.0,,1.0,1.0,Unknown
ESPN,0.0,,1.0,1.0,Unknown
ESPNL,0.0,,1.0,1.0,Unknown
ESPNP,0.0,,1.0,1.0,Unknown
ESR1,0.0,,1.0,1.0,Unknown
ESR2,0.0,,1.0,1.0,Unknown
ESRG,0.0,,1.0,1.0,Unknown
ESRP1,0.0,,1.0,1.0,Unknown
ESRP2,0.0,,1.0,1.0,Unknown
ESRRA,0.0,,1.0,1.0,Unknown
ESRRB,0.0,,1.0,1.0,Unknown
ESRRG,0.0,,1.0,1.0,Unknown
ESX1,0.0,,1.0,1.0,Unknown
ESYT1,0.0,,1.0,1.0,Unknown
ESYT2,0.0,,1.0,1.0,Unknown
ERN2,0.0,,1.0,1.0,Unknown
ERP27,0.0,,1.0,1.0,Unknown
ERP29,0.0,,1.0,1.0,Unknown
ERP44,0.0,,1.0,1.0,Unknown
ERRFI1,0.0,,1.0,1.0,Unknown
ERV3-1,0.0,,1.0,1.0,Unknown
ERVFRD-1,0.0,,1.0,1.0,Unknown
ERVK13-1,0.0,,1.0,1.0,Unknown
ERVMER34-1,0.0,,1.0,1.0,Unknown
ERVV-1,0.0,,1.0,1.0,Unknown
ERVV-2,0.0,,1.0,1.0,Unknown
ESAM,0.0,,1.0,1.0,Unknown
ESCO1,0.0,,1.0,1.0,Unknown
ESCO2,0.0,,1.0,1.0,Unknown
ESD,0.0,,1.0,1.0,Unknown
ESF1,0.0,,1.0,1.0,Unknown
ERG,0.0,,1.0,1.0,Unknown
ERGIC1,0.0,,1.0,1.0,Unknown
ERGIC2,0.0,,1.0,1.0,Unknown
ERGIC3,0.0,,1.0,1.0,Unknown
ERH,0.0,,1.0,1.0,Unknown
ERI1,0.0,,1.0,1.0,Unknown
ERI2,0.0,,1.0,1.0,Unknown
ERI3,0.0,,1.0,1.0,Unknown
ERICH1,0.0,,1.0,1.0,Unknown
ERLEC1,0.0,,1.0,1.0,Unknown
ERLIN1,0.0,,1.0,1.0,Unknown
ERLIN2,0.0,,1.0,1.0,Unknown
ERMAP,0.0,,1.0,1.0,Unknown
ERMN,0.0,,1.0,1.0,Unknown
ERMP1,0.0,,1.0,1.0,Unknown
ERN1,0.0,,1.0,1.0,Unknown
ERBB3,0.0,,1.0,1.0,Unknown
ERBB4,0.0,,1.0,1.0,Unknown
ERC1,0.0,,1.0,1.0,Unknown
ERC2,0.0,,1.0,1.0,Unknown
ERC2-IT1,0.0,,1.0,1.0,Unknown
ERCC1,0.0,,1.0,1.0,Unknown
ERCC2,0.0,,1.0,1.0,Unknown
ERCC3,0.0,,1.0,1.0,Unknown
ERCC4,0.0,,1.0,1.0,Unknown
ERCC5,0.0,,1.0,1.0,Unknown
ERCC6,0.0,,1.0,1.0,Unknown
ERCC6L,0.0,,1.0,1.0,Unknown
ERCC6L2,0.0,,1.0,1.0,Unknown
ERCC8,0.0,,1.0,1.0,Unknown
EREG,0.0,,1.0,1.0,Unknown
ERF,0.0,,1.0,1.0,Unknown
EPRS,0.0,,1.0,1.0,Unknown
EPS15,0.0,,1.0,1.0,Unknown
EPS15L1,0.0,,1.0,1.0,Unknown
EPS8,0.0,,1.0,1.0,Unknown
EPS8L1,0.0,,1.0,1.0,Unknown
EPS8L2,0.0,,1.0,1.0,Unknown
EPS8L3,0.0,,1.0,1.0,Unknown
EPSTI1,0.0,,1.0,1.0,Unknown
EPX,0.0,,1.0,1.0,Unknown
EPYC,0.0,,1.0,1.0,Unknown
EQTN,0.0,,1.0,1.0,Unknown
ERAL1,0.0,,1.0,1.0,Unknown
ERAP1,0.0,,1.0,1.0,Unknown
ERAP2,0.0,,1.0,1.0,Unknown
ERAS,0.0,,1.0,1.0,Unknown
ERBB2,0.0,,1.0,1.0,Unknown
EPHB6,0.0,,1.0,1.0,Unknown
EPHX1,0.0,,1.0,1.0,Unknown
EPHX2,0.0,,1.0,1.0,Unknown
EPHX3,0.0,,1.0,1.0,Unknown
EPHX4,0.0,,1.0,1.0,Unknown
EPM2A,0.0,,1.0,1.0,Unknown
EPM2AIP1,0.0,,1.0,1.0,Unknown
EPN1,0.0,,1.0,1.0,Unknown
EPN2,0.0,,1.0,1.0,Unknown
EPN2-AS1,0.0,,1.0,1.0,Unknown
EPN3,0.0,,1.0,1.0,Unknown
EPO,0.0,,1.0,1.0,Unknown
EPOR,0.0,,1.0,1.0,Unknown
EPPIN,0.0,,1.0,1.0,Unknown
EPPIN-WFDC6,0.0,,1.0,1.0,Unknown
EPPK1,0.0,,1.0,1.0,Unknown
EPG5,0.0,,1.0,1.0,Unknown
EPGN,0.0,,1.0,1.0,Unknown
EPHA1,0.0,,1.0,1.0,Unknown
EPHA1-AS1,0.0,,1.0,1.0,Unknown
EPHA10,0.0,,1.0,1.0,Unknown
EPHA2,0.0,,1.0,1.0,Unknown
EPHA3,0.0,,1.0,1.0,Unknown
EPHA4,0.0,,1.0,1.0,Unknown
EPHA5,0.0,,1.0,1.0,Unknown
EPHA6,0.0,,1.0,1.0,Unknown
EPHA7,0.0,,1.0,1.0,Unknown
EPHA8,0.0,,1.0,1.0,Unknown
EPHB1,0.0,,1.0,1.0,Unknown
EPHB2,0.0,,1.0,1.0,Unknown
EPHB3,0.0,,1.0,1.0,Unknown
EPHB4,0.0,,1.0,1.0,Unknown
EP400,0.0,,1.0,1.0,Unknown
EP400NL,0.0,,1.0,1.0,Unknown
EPAS1,0.0,,1.0,1.0,Unknown
EPB41,0.0,,1.0,1.0,Unknown
EPB41L1,0.0,,1.0,1.0,Unknown
EPB41L2,0.0,,1.0,1.0,Unknown
EPB41L3,0.0,,1.0,1.0,Unknown
EPB41L4A,0.0,,1.0,1.0,Unknown
EPB41L4A-AS1,0.0,,1.0,1.0,Unknown
EPB41L4B,0.0,,1.0,1.0,Unknown
EPB41L5,0.0,,1.0,1.0,Unknown
EPB42,0.0,,1.0,1.0,Unknown
EPC1,0.0,,1.0,1.0,Unknown
EPC2,0.0,,1.0,1.0,Unknown
EPCAM,0.0,,1.0,1.0,Unknown
EPDR1,0.0,,1.0,1.0,Unknown
ENSA,0.0,,1.0,1.0,Unknown
ENTHD1,0.0,,1.0,1.0,Unknown
ENTPD1,0.0,,1.0,1.0,Unknown
ENTPD1-AS1,0.0,,1.0,1.0,Unknown
ENTPD2,0.0,,1.0,1.0,Unknown
ENTPD3,0.0,,1.0,1.0,Unknown
ENTPD3-AS1,0.0,,1.0,1.0,Unknown
ENTPD4,0.0,,1.0,1.0,Unknown
ENTPD5,0.0,,1.0,1.0,Unknown
ENTPD6,0.0,,1.0,1.0,Unknown
ENTPD7,0.0,,1.0,1.0,Unknown
ENTPD8,0.0,,1.0,1.0,Unknown
ENY2,0.0,,1.0,1.0,Unknown
EOGT,0.0,,1.0,1.0,Unknown
EOMES,0.0,,1.0,1.0,Unknown
EP300,0.0,,1.0,1.0,Unknown
ENO1-AS1,0.0,,1.0,1.0,Unknown
ENO2,0.0,,1.0,1.0,Unknown
ENO3,0.0,,1.0,1.0,Unknown
ENO4,0.0,,1.0,1.0,Unknown
ENOPH1,0.0,,1.0,1.0,Unknown
ENOSF1,0.0,,1.0,1.0,Unknown
ENOX1,0.0,,1.0,1.0,Unknown
ENOX2,0.0,,1.0,1.0,Unknown
ENPEP,0.0,,1.0,1.0,Unknown
ENPP1,0.0,,1.0,1.0,Unknown
ENPP2,0.0,,1.0,1.0,Unknown
ENPP3,0.0,,1.0,1.0,Unknown
ENPP4,0.0,,1.0,1.0,Unknown
ENPP5,0.0,,1.0,1.0,Unknown
ENPP6,0.0,,1.0,1.0,Unknown
ENPP7,0.0,,1.0,1.0,Unknown
EMX2OS,0.0,,1.0,1.0,Unknown
EN1,0.0,,1.0,1.0,Unknown
EN2,0.0,,1.0,1.0,Unknown
ENAH,0.0,,1.0,1.0,Unknown
ENAM,0.0,,1.0,1.0,Unknown
ENC1,0.0,,1.0,1.0,Unknown
ENDOD1,0.0,,1.0,1.0,Unknown
ENDOG,0.0,,1.0,1.0,Unknown
ENDOU,0.0,,1.0,1.0,Unknown
ENDOV,0.0,,1.0,1.0,Unknown
ENG,0.0,,1.0,1.0,Unknown
ENGASE,0.0,,1.0,1.0,Unknown
ENHO,0.0,,1.0,1.0,Unknown
ENKD1,0.0,,1.0,1.0,Unknown
ENKUR,0.0,,1.0,1.0,Unknown
ENO1,0.0,,1.0,1.0,Unknown
EMG1,0.0,,1.0,1.0,Unknown
EMID1,0.0,,1.0,1.0,Unknown
EMILIN1,0.0,,1.0,1.0,Unknown
EMILIN2,0.0,,1.0,1.0,Unknown
EMILIN3,0.0,,1.0,1.0,Unknown
EML1,0.0,,1.0,1.0,Unknown
EML2,0.0,,1.0,1.0,Unknown
EML3,0.0,,1.0,1.0,Unknown
EML4,0.0,,1.0,1.0,Unknown
EML5,0.0,,1.0,1.0,Unknown
EML6,0.0,,1.0,1.0,Unknown
EMP1,0.0,,1.0,1.0,Unknown
EMP2,0.0,,1.0,1.0,Unknown
EMP3,0.0,,1.0,1.0,Unknown
EMX1,0.0,,1.0,1.0,Unknown
EMX2,0.0,,1.0,1.0,Unknown
ELSPBP1,0.0,,1.0,1.0,Unknown
EMB,0.0,,1.0,1.0,Unknown
EMBP1,0.0,,1.0,1.0,Unknown
EMC1,0.0,,1.0,1.0,Unknown
EMC10,0.0,,1.0,1.0,Unknown
EMC2,0.0,,1.0,1.0,Unknown
EMC3,0.0,,1.0,1.0,Unknown
EMC4,0.0,,1.0,1.0,Unknown
EMC6,0.0,,1.0,1.0,Unknown
EMC7,0.0,,1.0,1.0,Unknown
EMC8,0.0,,1.0,1.0,Unknown
EMC9,0.0,,1.0,1.0,Unknown
EMCN,0.0,,1.0,1.0,Unknown
EMD,0.0,,1.0,1.0,Unknown
EME1,0.0,,1.0,1.0,Unknown
EME2,0.0,,1.0,1.0,Unknown
ELMSAN1,0.0,,1.0,1.0,Unknown
ELN,0.0,,1.0,1.0,Unknown
ELOF1,0.0,,1.0,1.0,Unknown
ELOVL1,0.0,,1.0,1.0,Unknown
ELOVL2,0.0,,1.0,1.0,Unknown
ELOVL2-AS1,0.0,,1.0,1.0,Unknown
ELOVL3,0.0,,1.0,1.0,Unknown
ELOVL4,0.0,,1.0,1.0,Unknown
ELOVL5,0.0,,1.0,1.0,Unknown
ELOVL6,0.0,,1.0,1.0,Unknown
ELOVL7,0.0,,1.0,1.0,Unknown
ELP2,0.0,,1.0,1.0,Unknown
ELP3,0.0,,1.0,1.0,Unknown
ELP4,0.0,,1.0,1.0,Unknown
ELP5,0.0,,1.0,1.0,Unknown
ELP6,0.0,,1.0,1.0,Unknown
ELF5,0.0,,1.0,1.0,Unknown
ELFN1,0.0,,1.0,1.0,Unknown
ELFN2,0.0,,1.0,1.0,Unknown
ELK1,0.0,,1.0,1.0,Unknown
ELK2AP,0.0,,1.0,1.0,Unknown
ELK3,0.0,,1.0,1.0,Unknown
ELK4,0.0,,1.0,1.0,Unknown
ELL,0.0,,1.0,1.0,Unknown
ELL2,0.0,,1.0,1.0,Unknown
ELL3,0.0,,1.0,1.0,Unknown
ELMO1,0.0,,1.0,1.0,Unknown
ELMO2,0.0,,1.0,1.0,Unknown
ELMO3,0.0,,1.0,1.0,Unknown
ELMOD1,0.0,,1.0,1.0,Unknown
ELMOD2,0.0,,1.0,1.0,Unknown
ELMOD3,0.0,,1.0,1.0,Unknown
EIF5A,0.0,,1.0,1.0,Unknown
EIF5A2,0.0,,1.0,1.0,Unknown
EIF5AL1,0.0,,1.0,1.0,Unknown
EIF5B,0.0,,1.0,1.0,Unknown
EIF6,0.0,,1.0,1.0,Unknown
ELAC1,0.0,,1.0,1.0,Unknown
ELAC2,0.0,,1.0,1.0,Unknown
ELANE,0.0,,1.0,1.0,Unknown
ELAVL1,0.0,,1.0,1.0,Unknown
ELAVL2,0.0,,1.0,1.0,Unknown
ELAVL3,0.0,,1.0,1.0,Unknown
ELAVL4,0.0,,1.0,1.0,Unknown
ELF1,0.0,,1.0,1.0,Unknown
ELF2,0.0,,1.0,1.0,Unknown
ELF3,0.0,,1.0,1.0,Unknown
ELF4,0.0,,1.0,1.0,Unknown
EIF4A2,0.0,,1.0,1.0,Unknown
EIF4A3,0.0,,1.0,1.0,Unknown
EIF4B,0.0,,1.0,1.0,Unknown
EIF4E,0.0,,1.0,1.0,Unknown
EIF4E1B,0.0,,1.0,1.0,Unknown
EIF4E2,0.0,,1.0,1.0,Unknown
EIF4E3,0.0,,1.0,1.0,Unknown
EIF4EBP1,0.0,,1.0,1.0,Unknown
EIF4EBP2,0.0,,1.0,1.0,Unknown
EIF4EBP3,0.0,,1.0,1.0,Unknown
EIF4ENIF1,0.0,,1.0,1.0,Unknown
EIF4G1,0.0,,1.0,1.0,Unknown
EIF4G2,0.0,,1.0,1.0,Unknown
EIF4G3,0.0,,1.0,1.0,Unknown
EIF4H,0.0,,1.0,1.0,Unknown
EIF5,0.0,,1.0,1.0,Unknown
EIF3B,0.0,,1.0,1.0,Unknown
EIF3C,0.0,,1.0,1.0,Unknown
EIF3CL,0.0,,1.0,1.0,Unknown
EIF3D,0.0,,1.0,1.0,Unknown
EIF3E,0.0,,1.0,1.0,Unknown
EIF3F,0.0,,1.0,1.0,Unknown
EIF3G,0.0,,1.0,1.0,Unknown
EIF3H,0.0,,1.0,1.0,Unknown
EIF3I,0.0,,1.0,1.0,Unknown
EIF3IP1,0.0,,1.0,1.0,Unknown
EIF3J,0.0,,1.0,1.0,Unknown
EIF3J-AS1,0.0,,1.0,1.0,Unknown
EIF3K,0.0,,1.0,1.0,Unknown
EIF3L,0.0,,1.0,1.0,Unknown
EIF3M,0.0,,1.0,1.0,Unknown
EIF4A1,0.0,,1.0,1.0,Unknown
EIF1B-AS1,0.0,,1.0,1.0,Unknown
EIF2A,0.0,,1.0,1.0,Unknown
EIF2AK1,0.0,,1.0,1.0,Unknown
EIF2AK2,0.0,,1.0,1.0,Unknown
EIF2AK3,0.0,,1.0,1.0,Unknown
EIF2AK4,0.0,,1.0,1.0,Unknown
EIF2B1,0.0,,1.0,1.0,Unknown
EIF2B2,0.0,,1.0,1.0,Unknown
EIF2B3,0.0,,1.0,1.0,Unknown
EIF2B4,0.0,,1.0,1.0,Unknown
EIF2B5,0.0,,1.0,1.0,Unknown
EIF2D,0.0,,1.0,1.0,Unknown
EIF2S1,0.0,,1.0,1.0,Unknown
EIF2S2,0.0,,1.0,1.0,Unknown
EIF2S3,0.0,,1.0,1.0,Unknown
EIF3A,0.0,,1.0,1.0,Unknown
EHD4,0.0,,1.0,1.0,Unknown
EHF,0.0,,1.0,1.0,Unknown
EHHADH,0.0,,1.0,1.0,Unknown
EHHADH-AS1,0.0,,1.0,1.0,Unknown
EHMT1,0.0,,1.0,1.0,Unknown
EHMT2,0.0,,1.0,1.0,Unknown
EI24,0.0,,1.0,1.0,Unknown
EID1,0.0,,1.0,1.0,Unknown
EID2,0.0,,1.0,1.0,Unknown
EID2B,0.0,,1.0,1.0,Unknown
EID3,0.0,,1.0,1.0,Unknown
EIF1,0.0,,1.0,1.0,Unknown
EIF1AD,0.0,,1.0,1.0,Unknown
EIF1AX,0.0,,1.0,1.0,Unknown
EIF1AY,0.0,,1.0,1.0,Unknown
EIF1B,0.0,,1.0,1.0,Unknown
EGFLAM-AS4,0.0,,1.0,1.0,Unknown
EGFR,0.0,,1.0,1.0,Unknown
EGFR-AS1,0.0,,1.0,1.0,Unknown
EGLN1,0.0,,1.0,1.0,Unknown
EGLN2,0.0,,1.0,1.0,Unknown
EGLN3,0.0,,1.0,1.0,Unknown
EGOT,0.0,,1.0,1.0,Unknown
EGR1,0.0,,1.0,1.0,Unknown
EGR2,0.0,,1.0,1.0,Unknown
EGR3,0.0,,1.0,1.0,Unknown
EGR4,0.0,,1.0,1.0,Unknown
EHBP1,0.0,,1.0,1.0,Unknown
EHBP1L1,0.0,,1.0,1.0,Unknown
EHD1,0.0,,1.0,1.0,Unknown
EHD2,0.0,,1.0,1.0,Unknown
EHD3,0.0,,1.0,1.0,Unknown
EFNA5,0.0,,1.0,1.0,Unknown
EFNB1,0.0,,1.0,1.0,Unknown
EFNB2,0.0,,1.0,1.0,Unknown
EFNB3,0.0,,1.0,1.0,Unknown
EFR3A,0.0,,1.0,1.0,Unknown
EFR3B,0.0,,1.0,1.0,Unknown
EFS,0.0,,1.0,1.0,Unknown
EFTUD1P1,0.0,,1.0,1.0,Unknown
EFTUD2,0.0,,1.0,1.0,Unknown
EGF,0.0,,1.0,1.0,Unknown
EGFEM1P,0.0,,1.0,1.0,Unknown
EGFL6,0.0,,1.0,1.0,Unknown
EGFL7,0.0,,1.0,1.0,Unknown
EGFL8,0.0,,1.0,1.0,Unknown
EGFLAM,0.0,,1.0,1.0,Unknown
EGFLAM-AS2,0.0,,1.0,1.0,Unknown
EFCAB6,0.0,,1.0,1.0,Unknown
EFCAB6-AS1,0.0,,1.0,1.0,Unknown
EFCAB7,0.0,,1.0,1.0,Unknown
EFCAB9,0.0,,1.0,1.0,Unknown
EFCC1,0.0,,1.0,1.0,Unknown
EFEMP1,0.0,,1.0,1.0,Unknown
EFEMP2,0.0,,1.0,1.0,Unknown
EFHB,0.0,,1.0,1.0,Unknown
EFHC1,0.0,,1.0,1.0,Unknown
EFHC2,0.0,,1.0,1.0,Unknown
EFHD1,0.0,,1.0,1.0,Unknown
EFHD2,0.0,,1.0,1.0,Unknown
EFNA1,0.0,,1.0,1.0,Unknown
EFNA2,0.0,,1.0,1.0,Unknown
EFNA3,0.0,,1.0,1.0,Unknown
EFNA4,0.0,,1.0,1.0,Unknown
EEF1E1,0.0,,1.0,1.0,Unknown
EEF1G,0.0,,1.0,1.0,Unknown
EEF2,0.0,,1.0,1.0,Unknown
EEF2K,0.0,,1.0,1.0,Unknown
EEFSEC,0.0,,1.0,1.0,Unknown
EEPD1,0.0,,1.0,1.0,Unknown
EFCAB1,0.0,,1.0,1.0,Unknown
EFCAB10,0.0,,1.0,1.0,Unknown
EFCAB11,0.0,,1.0,1.0,Unknown
EFCAB12,0.0,,1.0,1.0,Unknown
EFCAB13,0.0,,1.0,1.0,Unknown
EFCAB14,0.0,,1.0,1.0,Unknown
EFCAB14-AS1,0.0,,1.0,1.0,Unknown
EFCAB2,0.0,,1.0,1.0,Unknown
EFCAB3,0.0,,1.0,1.0,Unknown
EFCAB5,0.0,,1.0,1.0,Unknown
EDEM2,0.0,,1.0,1.0,Unknown
EDEM3,0.0,,1.0,1.0,Unknown
EDF1,0.0,,1.0,1.0,Unknown
EDIL3,0.0,,1.0,1.0,Unknown
EDN1,0.0,,1.0,1.0,Unknown
EDN2,0.0,,1.0,1.0,Unknown
EDN3,0.0,,1.0,1.0,Unknown
EDNRA,0.0,,1.0,1.0,Unknown
EDNRB,0.0,,1.0,1.0,Unknown
EEA1,0.0,,1.0,1.0,Unknown
EED,0.0,,1.0,1.0,Unknown
EEF1A1,0.0,,1.0,1.0,Unknown
EEF1A2,0.0,,1.0,1.0,Unknown
EEF1B2,0.0,,1.0,1.0,Unknown
EEF1D,0.0,,1.0,1.0,Unknown
EEF1DP3,0.0,,1.0,1.0,Unknown
ECI2,0.0,,1.0,1.0,Unknown
ECM1,0.0,,1.0,1.0,Unknown
ECM2,0.0,,1.0,1.0,Unknown
ECSCR,0.0,,1.0,1.0,Unknown
ECSIT,0.0,,1.0,1.0,Unknown
ECT2,0.0,,1.0,1.0,Unknown
ECT2L,0.0,,1.0,1.0,Unknown
EDA,0.0,,1.0,1.0,Unknown
EDA2R,0.0,,1.0,1.0,Unknown
EDAR,0.0,,1.0,1.0,Unknown
EDARADD,0.0,,1.0,1.0,Unknown
EDC3,0.0,,1.0,1.0,Unknown
EDC4,0.0,,1.0,1.0,Unknown
EDDM3A,0.0,,1.0,1.0,Unknown
EDDM3B,0.0,,1.0,1.0,Unknown
EDEM1,0.0,,1.0,1.0,Unknown
EBLN1,0.0,,1.0,1.0,Unknown
EBLN2,0.0,,1.0,1.0,Unknown
EBNA1BP2,0.0,,1.0,1.0,Unknown
EBP,0.0,,1.0,1.0,Unknown
EBPL,0.0,,1.0,1.0,Unknown
ECD,0.0,,1.0,1.0,Unknown
ECE1,0.0,,1.0,1.0,Unknown
ECE2,0.0,,1.0,1.0,Unknown
ECEL1,0.0,,1.0,1.0,Unknown
ECEL1P2,0.0,,1.0,1.0,Unknown
ECH1,0.0,,1.0,1.0,Unknown
ECHDC1,0.0,,1.0,1.0,Unknown
ECHDC2,0.0,,1.0,1.0,Unknown
ECHDC3,0.0,,1.0,1.0,Unknown
ECHS1,0.0,,1.0,1.0,Unknown
ECI1,0.0,,1.0,1.0,Unknown
E2F4,0.0,,1.0,1.0,Unknown
E2F5,0.0,,1.0,1.0,Unknown
E2F6,0.0,,1.0,1.0,Unknown
E2F7,0.0,,1.0,1.0,Unknown
E2F8,0.0,,1.0,1.0,Unknown
E4F1,0.0,,1.0,1.0,Unknown
EAF1,0.0,,1.0,1.0,Unknown
EAF2,0.0,,1.0,1.0,Unknown
EAPP,0.0,,1.0,1.0,Unknown
EARS2,0.0,,1.0,1.0,Unknown
EBAG9,0.0,,1.0,1.0,Unknown
EBF1,0.0,,1.0,1.0,Unknown
EBF2,0.0,,1.0,1.0,Unknown
EBF3,0.0,,1.0,1.0,Unknown
EBF4,0.0,,1.0,1.0,Unknown
EBI3,0.0,,1.0,1.0,Unknown
DYNLT1,0.0,,1.0,1.0,Unknown
DYNLT3,0.0,,1.0,1.0,Unknown
DYRK1A,0.0,,1.0,1.0,Unknown
DYRK1B,0.0,,1.0,1.0,Unknown
DYRK2,0.0,,1.0,1.0,Unknown
DYRK3,0.0,,1.0,1.0,Unknown
DYRK4,0.0,,1.0,1.0,Unknown
DYSF,0.0,,1.0,1.0,Unknown
DYTN,0.0,,1.0,1.0,Unknown
DZANK1,0.0,,1.0,1.0,Unknown
DZIP1,0.0,,1.0,1.0,Unknown
DZIP1L,0.0,,1.0,1.0,Unknown
DZIP3,0.0,,1.0,1.0,Unknown
E2F1,0.0,,1.0,1.0,Unknown
E2F2,0.0,,1.0,1.0,Unknown
E2F3,0.0,,1.0,1.0,Unknown
DVL3,0.0,,1.0,1.0,Unknown
DYDC1,0.0,,1.0,1.0,Unknown
DYDC2,0.0,,1.0,1.0,Unknown
DYM,0.0,,1.0,1.0,Unknown
DYNAP,0.0,,1.0,1.0,Unknown
DYNC1H1,0.0,,1.0,1.0,Unknown
DYNC1I1,0.0,,1.0,1.0,Unknown
DYNC1I2,0.0,,1.0,1.0,Unknown
DYNC1LI1,0.0,,1.0,1.0,Unknown
DYNC1LI2,0.0,,1.0,1.0,Unknown
DYNC2H1,0.0,,1.0,1.0,Unknown
DYNC2LI1,0.0,,1.0,1.0,Unknown
DYNLL1,0.0,,1.0,1.0,Unknown
DYNLL2,0.0,,1.0,1.0,Unknown
DYNLRB1,0.0,,1.0,1.0,Unknown
DYNLRB2,0.0,,1.0,1.0,Unknown
DUSP5P1,0.0,,1.0,1.0,Unknown
DUSP6,0.0,,1.0,1.0,Unknown
DUSP7,0.0,,1.0,1.0,Unknown
DUSP8,0.0,,1.0,1.0,Unknown
DUSP9,0.0,,1.0,1.0,Unknown
DUT,0.0,,1.0,1.0,Unknown
DUX4,0.0,,1.0,1.0,Unknown
DUX4L2,0.0,,1.0,1.0,Unknown
DUX4L3,0.0,,1.0,1.0,Unknown
DUX4L4,0.0,,1.0,1.0,Unknown
DUX4L5,0.0,,1.0,1.0,Unknown
DUX4L6,0.0,,1.0,1.0,Unknown
DUX4L7,0.0,,1.0,1.0,Unknown
DUXA,0.0,,1.0,1.0,Unknown
DVL1,0.0,,1.0,1.0,Unknown
DVL2,0.0,,1.0,1.0,Unknown
DUSP13,0.0,,1.0,1.0,Unknown
DUSP14,0.0,,1.0,1.0,Unknown
DUSP15,0.0,,1.0,1.0,Unknown
DUSP16,0.0,,1.0,1.0,Unknown
DUSP18,0.0,,1.0,1.0,Unknown
DUSP19,0.0,,1.0,1.0,Unknown
DUSP2,0.0,,1.0,1.0,Unknown
DUSP21,0.0,,1.0,1.0,Unknown
DUSP22,0.0,,1.0,1.0,Unknown
DUSP23,0.0,,1.0,1.0,Unknown
DUSP26,0.0,,1.0,1.0,Unknown
DUSP27,0.0,,1.0,1.0,Unknown
DUSP28,0.0,,1.0,1.0,Unknown
DUSP3,0.0,,1.0,1.0,Unknown
DUSP4,0.0,,1.0,1.0,Unknown
DUSP5,0.0,,1.0,1.0,Unknown
DTX3,0.0,,1.0,1.0,Unknown
DTX3L,0.0,,1.0,1.0,Unknown
DTX4,0.0,,1.0,1.0,Unknown
DTYMK,0.0,,1.0,1.0,Unknown
DUOX1,0.0,,1.0,1.0,Unknown
DUOX2,0.0,,1.0,1.0,Unknown
DUOXA1,0.0,,1.0,1.0,Unknown
DUOXA2,0.0,,1.0,1.0,Unknown
DUPD1,0.0,,1.0,1.0,Unknown
DUS1L,0.0,,1.0,1.0,Unknown
DUS3L,0.0,,1.0,1.0,Unknown
DUS4L,0.0,,1.0,1.0,Unknown
DUSP1,0.0,,1.0,1.0,Unknown
DUSP10,0.0,,1.0,1.0,Unknown
DUSP11,0.0,,1.0,1.0,Unknown
DUSP12,0.0,,1.0,1.0,Unknown
DST,0.0,,1.0,1.0,Unknown
DSTN,0.0,,1.0,1.0,Unknown
DSTNP2,0.0,,1.0,1.0,Unknown
DSTYK,0.0,,1.0,1.0,Unknown
DTD1,0.0,,1.0,1.0,Unknown
DTD2,0.0,,1.0,1.0,Unknown
DTHD1,0.0,,1.0,1.0,Unknown
DTL,0.0,,1.0,1.0,Unknown
DTNA,0.0,,1.0,1.0,Unknown
DTNB,0.0,,1.0,1.0,Unknown
DTNBP1,0.0,,1.0,1.0,Unknown
DTWD1,0.0,,1.0,1.0,Unknown
DTWD2,0.0,,1.0,1.0,Unknown
DTX1,0.0,,1.0,1.0,Unknown
DTX2,0.0,,1.0,1.0,Unknown
DTX2P1-UPK3BP1-PMS2P11,0.0,,1.0,1.0,Unknown
DSCAML1,0.0,,1.0,1.0,Unknown
DSCC1,0.0,,1.0,1.0,Unknown
DSCR10,0.0,,1.0,1.0,Unknown
DSCR3,0.0,,1.0,1.0,Unknown
DSCR4,0.0,,1.0,1.0,Unknown
DSCR8,0.0,,1.0,1.0,Unknown
DSCR9,0.0,,1.0,1.0,Unknown
DSE,0.0,,1.0,1.0,Unknown
DSEL,0.0,,1.0,1.0,Unknown
DSG1,0.0,,1.0,1.0,Unknown
DSG2,0.0,,1.0,1.0,Unknown
DSG3,0.0,,1.0,1.0,Unknown
DSG4,0.0,,1.0,1.0,Unknown
DSN1,0.0,,1.0,1.0,Unknown
DSP,0.0,,1.0,1.0,Unknown
DSPP,0.0,,1.0,1.0,Unknown
DRD1,0.0,,1.0,1.0,Unknown
DRD2,0.0,,1.0,1.0,Unknown
DRD3,0.0,,1.0,1.0,Unknown
DRD4,0.0,,1.0,1.0,Unknown
DRD5,0.0,,1.0,1.0,Unknown
DRG1,0.0,,1.0,1.0,Unknown
DRG2,0.0,,1.0,1.0,Unknown
DRGX,0.0,,1.0,1.0,Unknown
DROSHA,0.0,,1.0,1.0,Unknown
DRP2,0.0,,1.0,1.0,Unknown
DSC1,0.0,,1.0,1.0,Unknown
DSC2,0.0,,1.0,1.0,Unknown
DSC3,0.0,,1.0,1.0,Unknown
DSCAM,0.0,,1.0,1.0,Unknown
DSCAM-AS1,0.0,,1.0,1.0,Unknown
DSCAM-IT1,0.0,,1.0,1.0,Unknown
DPY19L4,0.0,,1.0,1.0,Unknown
DPY30,0.0,,1.0,1.0,Unknown
DPYD,0.0,,1.0,1.0,Unknown
DPYD-AS1,0.0,,1.0,1.0,Unknown
DPYS,0.0,,1.0,1.0,Unknown
DPYSL2,0.0,,1.0,1.0,Unknown
DPYSL3,0.0,,1.0,1.0,Unknown
DPYSL4,0.0,,1.0,1.0,Unknown
DPYSL5,0.0,,1.0,1.0,Unknown
DQX1,0.0,,1.0,1.0,Unknown
DR1,0.0,,1.0,1.0,Unknown
DRAM1,0.0,,1.0,1.0,Unknown
DRAM2,0.0,,1.0,1.0,Unknown
DRAP1,0.0,,1.0,1.0,Unknown
DRAXIN,0.0,,1.0,1.0,Unknown
DRC1,0.0,,1.0,1.0,Unknown
DPPA2,0.0,,1.0,1.0,Unknown
DPPA2P3,0.0,,1.0,1.0,Unknown
DPPA3,0.0,,1.0,1.0,Unknown
DPPA4,0.0,,1.0,1.0,Unknown
DPPA5,0.0,,1.0,1.0,Unknown
DPRX,0.0,,1.0,1.0,Unknown
DPRXP4,0.0,,1.0,1.0,Unknown
DPT,0.0,,1.0,1.0,Unknown
DPY19L1,0.0,,1.0,1.0,Unknown
DPY19L1P1,0.0,,1.0,1.0,Unknown
DPY19L2,0.0,,1.0,1.0,Unknown
DPY19L2P1,0.0,,1.0,1.0,Unknown
DPY19L2P2,0.0,,1.0,1.0,Unknown
DPY19L2P3,0.0,,1.0,1.0,Unknown
DPY19L2P4,0.0,,1.0,1.0,Unknown
DPY19L3,0.0,,1.0,1.0,Unknown
DPH3,0.0,,1.0,1.0,Unknown
DPH3P1,0.0,,1.0,1.0,Unknown
DPH5,0.0,,1.0,1.0,Unknown
DPH6,0.0,,1.0,1.0,Unknown
DPH6-AS1,0.0,,1.0,1.0,Unknown
DPH7,0.0,,1.0,1.0,Unknown
DPM1,0.0,,1.0,1.0,Unknown
DPM2,0.0,,1.0,1.0,Unknown
DPM3,0.0,,1.0,1.0,Unknown
DPP10,0.0,,1.0,1.0,Unknown
DPP3,0.0,,1.0,1.0,Unknown
DPP4,0.0,,1.0,1.0,Unknown
DPP6,0.0,,1.0,1.0,Unknown
DPP7,0.0,,1.0,1.0,Unknown
DPP8,0.0,,1.0,1.0,Unknown
DPP9,0.0,,1.0,1.0,Unknown
DOLPP1,0.0,,1.0,1.0,Unknown
DONSON,0.0,,1.0,1.0,Unknown
DOPEY1,0.0,,1.0,1.0,Unknown
DOPEY2,0.0,,1.0,1.0,Unknown
DOT1L,0.0,,1.0,1.0,Unknown
DPAGT1,0.0,,1.0,1.0,Unknown
DPCD,0.0,,1.0,1.0,Unknown
DPCR1,0.0,,1.0,1.0,Unknown
DPEP1,0.0,,1.0,1.0,Unknown
DPEP2,0.0,,1.0,1.0,Unknown
DPEP3,0.0,,1.0,1.0,Unknown
DPF1,0.0,,1.0,1.0,Unknown
DPF2,0.0,,1.0,1.0,Unknown
DPF3,0.0,,1.0,1.0,Unknown
DPH1,0.0,,1.0,1.0,Unknown
DPH2,0.0,,1.0,1.0,Unknown
DOCK3,0.0,,1.0,1.0,Unknown
DOCK4,0.0,,1.0,1.0,Unknown
DOCK5,0.0,,1.0,1.0,Unknown
DOCK6,0.0,,1.0,1.0,Unknown
DOCK7,0.0,,1.0,1.0,Unknown
DOCK8,0.0,,1.0,1.0,Unknown
DOCK9,0.0,,1.0,1.0,Unknown
DOHH,0.0,,1.0,1.0,Unknown
DOK1,0.0,,1.0,1.0,Unknown
DOK2,0.0,,1.0,1.0,Unknown
DOK3,0.0,,1.0,1.0,Unknown
DOK4,0.0,,1.0,1.0,Unknown
DOK5,0.0,,1.0,1.0,Unknown
DOK6,0.0,,1.0,1.0,Unknown
DOK7,0.0,,1.0,1.0,Unknown
DOLK,0.0,,1.0,1.0,Unknown
DNMT1,0.0,,1.0,1.0,Unknown
DNMT3A,0.0,,1.0,1.0,Unknown
DNMT3B,0.0,,1.0,1.0,Unknown
DNMT3L,0.0,,1.0,1.0,Unknown
DNPEP,0.0,,1.0,1.0,Unknown
DNPH1,0.0,,1.0,1.0,Unknown
DNTT,0.0,,1.0,1.0,Unknown
DNTTIP1,0.0,,1.0,1.0,Unknown
DNTTIP2,0.0,,1.0,1.0,Unknown
DOC2A,0.0,,1.0,1.0,Unknown
DOC2B,0.0,,1.0,1.0,Unknown
DOC2GP,0.0,,1.0,1.0,Unknown
DOCK1,0.0,,1.0,1.0,Unknown
DOCK10,0.0,,1.0,1.0,Unknown
DOCK11,0.0,,1.0,1.0,Unknown
DOCK2,0.0,,1.0,1.0,Unknown
DNASE2,0.0,,1.0,1.0,Unknown
DNASE2B,0.0,,1.0,1.0,Unknown
DND1,0.0,,1.0,1.0,Unknown
DNER,0.0,,1.0,1.0,Unknown
DNHD1,0.0,,1.0,1.0,Unknown
DNLZ,0.0,,1.0,1.0,Unknown
DNM1,0.0,,1.0,1.0,Unknown
DNM1L,0.0,,1.0,1.0,Unknown
DNM1P35,0.0,,1.0,1.0,Unknown
DNM1P41,0.0,,1.0,1.0,Unknown
DNM1P46,0.0,,1.0,1.0,Unknown
DNM2,0.0,,1.0,1.0,Unknown
DNM3,0.0,,1.0,1.0,Unknown
DNM3OS,0.0,,1.0,1.0,Unknown
DNMBP,0.0,,1.0,1.0,Unknown
DNMBP-AS1,0.0,,1.0,1.0,Unknown
DNAJC4,0.0,,1.0,1.0,Unknown
DNAJC5,0.0,,1.0,1.0,Unknown
DNAJC5B,0.0,,1.0,1.0,Unknown
DNAJC5G,0.0,,1.0,1.0,Unknown
DNAJC6,0.0,,1.0,1.0,Unknown
DNAJC7,0.0,,1.0,1.0,Unknown
DNAJC8,0.0,,1.0,1.0,Unknown
DNAJC9,0.0,,1.0,1.0,Unknown
DNAJC9-AS1,0.0,,1.0,1.0,Unknown
DNAL1,0.0,,1.0,1.0,Unknown
DNAL4,0.0,,1.0,1.0,Unknown
DNALI1,0.0,,1.0,1.0,Unknown
DNASE1,0.0,,1.0,1.0,Unknown
DNASE1L1,0.0,,1.0,1.0,Unknown
DNASE1L2,0.0,,1.0,1.0,Unknown
DNASE1L3,0.0,,1.0,1.0,Unknown
DNAJC15,0.0,,1.0,1.0,Unknown
DNAJC16,0.0,,1.0,1.0,Unknown
DNAJC17,0.0,,1.0,1.0,Unknown
DNAJC18,0.0,,1.0,1.0,Unknown
DNAJC19,0.0,,1.0,1.0,Unknown
DNAJC2,0.0,,1.0,1.0,Unknown
DNAJC21,0.0,,1.0,1.0,Unknown
DNAJC22,0.0,,1.0,1.0,Unknown
DNAJC24,0.0,,1.0,1.0,Unknown
DNAJC25,0.0,,1.0,1.0,Unknown
DNAJC25-GNG10,0.0,,1.0,1.0,Unknown
DNAJC27,0.0,,1.0,1.0,Unknown
DNAJC27-AS1,0.0,,1.0,1.0,Unknown
DNAJC28,0.0,,1.0,1.0,Unknown
DNAJC3,0.0,,1.0,1.0,Unknown
DNAJC30,0.0,,1.0,1.0,Unknown
DNAJB14,0.0,,1.0,1.0,Unknown
DNAJB2,0.0,,1.0,1.0,Unknown
DNAJB3,0.0,,1.0,1.0,Unknown
DNAJB4,0.0,,1.0,1.0,Unknown
DNAJB5,0.0,,1.0,1.0,Unknown
DNAJB6,0.0,,1.0,1.0,Unknown
DNAJB7,0.0,,1.0,1.0,Unknown
DNAJB8,0.0,,1.0,1.0,Unknown
DNAJB8-AS1,0.0,,1.0,1.0,Unknown
DNAJB9,0.0,,1.0,1.0,Unknown
DNAJC1,0.0,,1.0,1.0,Unknown
DNAJC10,0.0,,1.0,1.0,Unknown
DNAJC11,0.0,,1.0,1.0,Unknown
DNAJC12,0.0,,1.0,1.0,Unknown
DNAJC13,0.0,,1.0,1.0,Unknown
DNAJC14,0.0,,1.0,1.0,Unknown
DNAH5,0.0,,1.0,1.0,Unknown
DNAH6,0.0,,1.0,1.0,Unknown
DNAH7,0.0,,1.0,1.0,Unknown
DNAH8,0.0,,1.0,1.0,Unknown
DNAH9,0.0,,1.0,1.0,Unknown
DNAI1,0.0,,1.0,1.0,Unknown
DNAI2,0.0,,1.0,1.0,Unknown
DNAJA1,0.0,,1.0,1.0,Unknown
DNAJA1P5,0.0,,1.0,1.0,Unknown
DNAJA2,0.0,,1.0,1.0,Unknown
DNAJA3,0.0,,1.0,1.0,Unknown
DNAJA4,0.0,,1.0,1.0,Unknown
DNAJB1,0.0,,1.0,1.0,Unknown
DNAJB11,0.0,,1.0,1.0,Unknown
DNAJB12,0.0,,1.0,1.0,Unknown
DNAJB13,0.0,,1.0,1.0,Unknown
DMWD,0.0,,1.0,1.0,Unknown
DMXL1,0.0,,1.0,1.0,Unknown
DMXL2,0.0,,1.0,1.0,Unknown
DNA2,0.0,,1.0,1.0,Unknown
DNAAF1,0.0,,1.0,1.0,Unknown
DNAAF2,0.0,,1.0,1.0,Unknown
DNAAF3,0.0,,1.0,1.0,Unknown
DNAH1,0.0,,1.0,1.0,Unknown
DNAH10,0.0,,1.0,1.0,Unknown
DNAH11,0.0,,1.0,1.0,Unknown
DNAH12,0.0,,1.0,1.0,Unknown
DNAH14,0.0,,1.0,1.0,Unknown
DNAH17,0.0,,1.0,1.0,Unknown
DNAH17-AS1,0.0,,1.0,1.0,Unknown
DNAH2,0.0,,1.0,1.0,Unknown
DNAH3,0.0,,1.0,1.0,Unknown
DMD,0.0,,1.0,1.0,Unknown
DMGDH,0.0,,1.0,1.0,Unknown
DMKN,0.0,,1.0,1.0,Unknown
DMP1,0.0,,1.0,1.0,Unknown
DMPK,0.0,,1.0,1.0,Unknown
DMRT1,0.0,,1.0,1.0,Unknown
DMRT2,0.0,,1.0,1.0,Unknown
DMRT3,0.0,,1.0,1.0,Unknown
DMRTA1,0.0,,1.0,1.0,Unknown
DMRTA2,0.0,,1.0,1.0,Unknown
DMRTB1,0.0,,1.0,1.0,Unknown
DMRTC1,0.0,,1.0,1.0,Unknown
DMRTC1B,0.0,,1.0,1.0,Unknown
DMRTC2,0.0,,1.0,1.0,Unknown
DMTF1,0.0,,1.0,1.0,Unknown
DMTN,0.0,,1.0,1.0,Unknown
DLK2,0.0,,1.0,1.0,Unknown
DLL1,0.0,,1.0,1.0,Unknown
DLL3,0.0,,1.0,1.0,Unknown
DLL4,0.0,,1.0,1.0,Unknown
DLST,0.0,,1.0,1.0,Unknown
DLX1,0.0,,1.0,1.0,Unknown
DLX2,0.0,,1.0,1.0,Unknown
DLX3,0.0,,1.0,1.0,Unknown
DLX4,0.0,,1.0,1.0,Unknown
DLX5,0.0,,1.0,1.0,Unknown
DLX6,0.0,,1.0,1.0,Unknown
DLX6-AS1,0.0,,1.0,1.0,Unknown
DMAP1,0.0,,1.0,1.0,Unknown
DMBT1,0.0,,1.0,1.0,Unknown
DMBX1,0.0,,1.0,1.0,Unknown
DMC1,0.0,,1.0,1.0,Unknown
DLG1-AS1,0.0,,1.0,1.0,Unknown
DLG2,0.0,,1.0,1.0,Unknown
DLG3,0.0,,1.0,1.0,Unknown
DLG4,0.0,,1.0,1.0,Unknown
DLG5,0.0,,1.0,1.0,Unknown
DLG5-AS1,0.0,,1.0,1.0,Unknown
DLGAP1,0.0,,1.0,1.0,Unknown
DLGAP1-AS1,0.0,,1.0,1.0,Unknown
DLGAP1-AS3,0.0,,1.0,1.0,Unknown
DLGAP1-AS4,0.0,,1.0,1.0,Unknown
DLGAP1-AS5,0.0,,1.0,1.0,Unknown
DLGAP2,0.0,,1.0,1.0,Unknown
DLGAP3,0.0,,1.0,1.0,Unknown
DLGAP4,0.0,,1.0,1.0,Unknown
DLGAP5,0.0,,1.0,1.0,Unknown
DLK1,0.0,,1.0,1.0,Unknown
DKC1,0.0,,1.0,1.0,Unknown
DKK1,0.0,,1.0,1.0,Unknown
DKK2,0.0,,1.0,1.0,Unknown
DKK3,0.0,,1.0,1.0,Unknown
DKK4,0.0,,1.0,1.0,Unknown
DKKL1,0.0,,1.0,1.0,Unknown
DLAT,0.0,,1.0,1.0,Unknown
DLC1,0.0,,1.0,1.0,Unknown
DLD,0.0,,1.0,1.0,Unknown
DLEC1,0.0,,1.0,1.0,Unknown
DLEU1,0.0,,1.0,1.0,Unknown
DLEU2,0.0,,1.0,1.0,Unknown
DLEU2L,0.0,,1.0,1.0,Unknown
DLEU7,0.0,,1.0,1.0,Unknown
DLEU7-AS1,0.0,,1.0,1.0,Unknown
DLG1,0.0,,1.0,1.0,Unknown
DIP2A-IT1,0.0,,1.0,1.0,Unknown
DIP2B,0.0,,1.0,1.0,Unknown
DIP2C,0.0,,1.0,1.0,Unknown
DIRAS1,0.0,,1.0,1.0,Unknown
DIRAS2,0.0,,1.0,1.0,Unknown
DIRAS3,0.0,,1.0,1.0,Unknown
DIRC1,0.0,,1.0,1.0,Unknown
DIRC2,0.0,,1.0,1.0,Unknown
DIRC3,0.0,,1.0,1.0,Unknown
DIS3,0.0,,1.0,1.0,Unknown
DIS3L,0.0,,1.0,1.0,Unknown
DIS3L2,0.0,,1.0,1.0,Unknown
DISC1,0.0,,1.0,1.0,Unknown
DISP1,0.0,,1.0,1.0,Unknown
DISP2,0.0,,1.0,1.0,Unknown
DIXDC1,0.0,,1.0,1.0,Unknown
DIAPH1,0.0,,1.0,1.0,Unknown
DIAPH2,0.0,,1.0,1.0,Unknown
DIAPH3,0.0,,1.0,1.0,Unknown
DIAPH3-AS1,0.0,,1.0,1.0,Unknown
DIAPH3-AS2,0.0,,1.0,1.0,Unknown
DICER1,0.0,,1.0,1.0,Unknown
DICER1-AS1,0.0,,1.0,1.0,Unknown
DIDO1,0.0,,1.0,1.0,Unknown
DIEXF,0.0,,1.0,1.0,Unknown
DIMT1,0.0,,1.0,1.0,Unknown
DIO1,0.0,,1.0,1.0,Unknown
DIO2,0.0,,1.0,1.0,Unknown
DIO2-AS1,0.0,,1.0,1.0,Unknown
DIO3,0.0,,1.0,1.0,Unknown
DIO3OS,0.0,,1.0,1.0,Unknown
DIP2A,0.0,,1.0,1.0,Unknown
DHX16,0.0,,1.0,1.0,Unknown
DHX29,0.0,,1.0,1.0,Unknown
DHX30,0.0,,1.0,1.0,Unknown
DHX32,0.0,,1.0,1.0,Unknown
DHX33,0.0,,1.0,1.0,Unknown
DHX34,0.0,,1.0,1.0,Unknown
DHX35,0.0,,1.0,1.0,Unknown
DHX36,0.0,,1.0,1.0,Unknown
DHX37,0.0,,1.0,1.0,Unknown
DHX38,0.0,,1.0,1.0,Unknown
DHX40,0.0,,1.0,1.0,Unknown
DHX57,0.0,,1.0,1.0,Unknown
DHX58,0.0,,1.0,1.0,Unknown
DHX8,0.0,,1.0,1.0,Unknown
DHX9,0.0,,1.0,1.0,Unknown
DIABLO,0.0,,1.0,1.0,Unknown
DHRS11,0.0,,1.0,1.0,Unknown
DHRS12,0.0,,1.0,1.0,Unknown
DHRS13,0.0,,1.0,1.0,Unknown
DHRS2,0.0,,1.0,1.0,Unknown
DHRS3,0.0,,1.0,1.0,Unknown
DHRS4,0.0,,1.0,1.0,Unknown
DHRS4-AS1,0.0,,1.0,1.0,Unknown
DHRS4L1,0.0,,1.0,1.0,Unknown
DHRS4L2,0.0,,1.0,1.0,Unknown
DHRS7,0.0,,1.0,1.0,Unknown
DHRS7B,0.0,,1.0,1.0,Unknown
DHRS7C,0.0,,1.0,1.0,Unknown
DHRS9,0.0,,1.0,1.0,Unknown
DHRSX,0.0,,1.0,1.0,Unknown
DHTKD1,0.0,,1.0,1.0,Unknown
DHX15,0.0,,1.0,1.0,Unknown
DGKG,0.0,,1.0,1.0,Unknown
DGKH,0.0,,1.0,1.0,Unknown
DGKI,0.0,,1.0,1.0,Unknown
DGKK,0.0,,1.0,1.0,Unknown
DGKQ,0.0,,1.0,1.0,Unknown
DGKZ,0.0,,1.0,1.0,Unknown
DGUOK,0.0,,1.0,1.0,Unknown
DHCR24,0.0,,1.0,1.0,Unknown
DHCR7,0.0,,1.0,1.0,Unknown
DHDDS,0.0,,1.0,1.0,Unknown
DHDH,0.0,,1.0,1.0,Unknown
DHFR,0.0,,1.0,1.0,Unknown
DHH,0.0,,1.0,1.0,Unknown
DHODH,0.0,,1.0,1.0,Unknown
DHPS,0.0,,1.0,1.0,Unknown
DHRS1,0.0,,1.0,1.0,Unknown
DFNB59,0.0,,1.0,1.0,Unknown
DGAT1,0.0,,1.0,1.0,Unknown
DGAT2,0.0,,1.0,1.0,Unknown
DGAT2L6,0.0,,1.0,1.0,Unknown
DGCR10,0.0,,1.0,1.0,Unknown
DGCR14,0.0,,1.0,1.0,Unknown
DGCR2,0.0,,1.0,1.0,Unknown
DGCR5,0.0,,1.0,1.0,Unknown
DGCR6,0.0,,1.0,1.0,Unknown
DGCR6L,0.0,,1.0,1.0,Unknown
DGCR8,0.0,,1.0,1.0,Unknown
DGCR9,0.0,,1.0,1.0,Unknown
DGKA,0.0,,1.0,1.0,Unknown
DGKB,0.0,,1.0,1.0,Unknown
DGKD,0.0,,1.0,1.0,Unknown
DGKE,0.0,,1.0,1.0,Unknown
DEPDC4,0.0,,1.0,1.0,Unknown
DEPDC5,0.0,,1.0,1.0,Unknown
DEPDC7,0.0,,1.0,1.0,Unknown
DEPTOR,0.0,,1.0,1.0,Unknown
DERA,0.0,,1.0,1.0,Unknown
DERL1,0.0,,1.0,1.0,Unknown
DERL2,0.0,,1.0,1.0,Unknown
DERL3,0.0,,1.0,1.0,Unknown
DES,0.0,,1.0,1.0,Unknown
DESI1,0.0,,1.0,1.0,Unknown
DESI2,0.0,,1.0,1.0,Unknown
DET1,0.0,,1.0,1.0,Unknown
DEXI,0.0,,1.0,1.0,Unknown
DFFA,0.0,,1.0,1.0,Unknown
DFFB,0.0,,1.0,1.0,Unknown
DFNA5,0.0,,1.0,1.0,Unknown
DENND1C,0.0,,1.0,1.0,Unknown
DENND2A,0.0,,1.0,1.0,Unknown
DENND2C,0.0,,1.0,1.0,Unknown
DENND2D,0.0,,1.0,1.0,Unknown
DENND3,0.0,,1.0,1.0,Unknown
DENND4A,0.0,,1.0,1.0,Unknown
DENND4B,0.0,,1.0,1.0,Unknown
DENND4C,0.0,,1.0,1.0,Unknown
DENND5A,0.0,,1.0,1.0,Unknown
DENND5B,0.0,,1.0,1.0,Unknown
DENND5B-AS1,0.0,,1.0,1.0,Unknown
DENND6A,0.0,,1.0,1.0,Unknown
DENND6B,0.0,,1.0,1.0,Unknown
DENR,0.0,,1.0,1.0,Unknown
DEPDC1,0.0,,1.0,1.0,Unknown
DEPDC1B,0.0,,1.0,1.0,Unknown
DEFB130,0.0,,1.0,1.0,Unknown
DEFB131,0.0,,1.0,1.0,Unknown
DEFB132,0.0,,1.0,1.0,Unknown
DEFB133,0.0,,1.0,1.0,Unknown
DEFB134,0.0,,1.0,1.0,Unknown
DEFB135,0.0,,1.0,1.0,Unknown
DEFB136,0.0,,1.0,1.0,Unknown
DEFB4A,0.0,,1.0,1.0,Unknown
DEFB4B,0.0,,1.0,1.0,Unknown
DEFT1P,0.0,,1.0,1.0,Unknown
DEFT1P2,0.0,,1.0,1.0,Unknown
DEGS1,0.0,,1.0,1.0,Unknown
DEGS2,0.0,,1.0,1.0,Unknown
DEK,0.0,,1.0,1.0,Unknown
DENND1A,0.0,,1.0,1.0,Unknown
DENND1B,0.0,,1.0,1.0,Unknown
DEFB112,0.0,,1.0,1.0,Unknown
DEFB113,0.0,,1.0,1.0,Unknown
DEFB114,0.0,,1.0,1.0,Unknown
DEFB115,0.0,,1.0,1.0,Unknown
DEFB116,0.0,,1.0,1.0,Unknown
DEFB118,0.0,,1.0,1.0,Unknown
DEFB119,0.0,,1.0,1.0,Unknown
DEFB121,0.0,,1.0,1.0,Unknown
DEFB122,0.0,,1.0,1.0,Unknown
DEFB123,0.0,,1.0,1.0,Unknown
DEFB124,0.0,,1.0,1.0,Unknown
DEFB125,0.0,,1.0,1.0,Unknown
DEFB126,0.0,,1.0,1.0,Unknown
DEFB127,0.0,,1.0,1.0,Unknown
DEFB128,0.0,,1.0,1.0,Unknown
DEFB129,0.0,,1.0,1.0,Unknown
DEFA9P,0.0,,1.0,1.0,Unknown
DEFB1,0.0,,1.0,1.0,Unknown
DEFB103A,0.0,,1.0,1.0,Unknown
DEFB103B,0.0,,1.0,1.0,Unknown
DEFB104A,0.0,,1.0,1.0,Unknown
DEFB104B,0.0,,1.0,1.0,Unknown
DEFB105A,0.0,,1.0,1.0,Unknown
DEFB105B,0.0,,1.0,1.0,Unknown
DEFB106A,0.0,,1.0,1.0,Unknown
DEFB106B,0.0,,1.0,1.0,Unknown
DEFB107A,0.0,,1.0,1.0,Unknown
DEFB107B,0.0,,1.0,1.0,Unknown
DEFB108B,0.0,,1.0,1.0,Unknown
DEFB109P1,0.0,,1.0,1.0,Unknown
DEFB109P1B,0.0,,1.0,1.0,Unknown
DEFB110,0.0,,1.0,1.0,Unknown
DEC1,0.0,,1.0,1.0,Unknown
DECR1,0.0,,1.0,1.0,Unknown
DECR2,0.0,,1.0,1.0,Unknown
DEDD,0.0,,1.0,1.0,Unknown
DEDD2,0.0,,1.0,1.0,Unknown
DEF6,0.0,,1.0,1.0,Unknown
DEF8,0.0,,1.0,1.0,Unknown
DEFA1,0.0,,1.0,1.0,Unknown
DEFA10P,0.0,,1.0,1.0,Unknown
DEFA11P,0.0,,1.0,1.0,Unknown
DEFA1B,0.0,,1.0,1.0,Unknown
DEFA3,0.0,,1.0,1.0,Unknown
DEFA4,0.0,,1.0,1.0,Unknown
DEFA5,0.0,,1.0,1.0,Unknown
DEFA6,0.0,,1.0,1.0,Unknown
DEFA8P,0.0,,1.0,1.0,Unknown
DDX47,0.0,,1.0,1.0,Unknown
DDX49,0.0,,1.0,1.0,Unknown
DDX5,0.0,,1.0,1.0,Unknown
DDX50,0.0,,1.0,1.0,Unknown
DDX51,0.0,,1.0,1.0,Unknown
DDX52,0.0,,1.0,1.0,Unknown
DDX53,0.0,,1.0,1.0,Unknown
DDX54,0.0,,1.0,1.0,Unknown
DDX55,0.0,,1.0,1.0,Unknown
DDX56,0.0,,1.0,1.0,Unknown
DDX58,0.0,,1.0,1.0,Unknown
DDX59,0.0,,1.0,1.0,Unknown
DDX6,0.0,,1.0,1.0,Unknown
DDX60,0.0,,1.0,1.0,Unknown
DDX60L,0.0,,1.0,1.0,Unknown
DEAF1,0.0,,1.0,1.0,Unknown
DDX21,0.0,,1.0,1.0,Unknown
DDX23,0.0,,1.0,1.0,Unknown
DDX24,0.0,,1.0,1.0,Unknown
DDX25,0.0,,1.0,1.0,Unknown
DDX27,0.0,,1.0,1.0,Unknown
DDX28,0.0,,1.0,1.0,Unknown
DDX31,0.0,,1.0,1.0,Unknown
DDX39A,0.0,,1.0,1.0,Unknown
DDX39B,0.0,,1.0,1.0,Unknown
DDX3X,0.0,,1.0,1.0,Unknown
DDX3Y,0.0,,1.0,1.0,Unknown
DDX4,0.0,,1.0,1.0,Unknown
DDX41,0.0,,1.0,1.0,Unknown
DDX42,0.0,,1.0,1.0,Unknown
DDX43,0.0,,1.0,1.0,Unknown
DDX46,0.0,,1.0,1.0,Unknown
DDTL,0.0,,1.0,1.0,Unknown
DDX1,0.0,,1.0,1.0,Unknown
DDX10,0.0,,1.0,1.0,Unknown
DDX11,0.0,,1.0,1.0,Unknown
DDX11-AS1,0.0,,1.0,1.0,Unknown
DDX11L1,0.0,,1.0,1.0,Unknown
DDX11L10,0.0,,1.0,1.0,Unknown
DDX11L2,0.0,,1.0,1.0,Unknown
DDX11L5,0.0,,1.0,1.0,Unknown
DDX11L9,0.0,,1.0,1.0,Unknown
DDX12P,0.0,,1.0,1.0,Unknown
DDX17,0.0,,1.0,1.0,Unknown
DDX18,0.0,,1.0,1.0,Unknown
DDX19A,0.0,,1.0,1.0,Unknown
DDX19B,0.0,,1.0,1.0,Unknown
DDX20,0.0,,1.0,1.0,Unknown
DDB2,0.0,,1.0,1.0,Unknown
DDC,0.0,,1.0,1.0,Unknown
DDHD1,0.0,,1.0,1.0,Unknown
DDHD2,0.0,,1.0,1.0,Unknown
DDI1,0.0,,1.0,1.0,Unknown
DDI2,0.0,,1.0,1.0,Unknown
DDIT3,0.0,,1.0,1.0,Unknown
DDIT4,0.0,,1.0,1.0,Unknown
DDIT4L,0.0,,1.0,1.0,Unknown
DDN,0.0,,1.0,1.0,Unknown
DDO,0.0,,1.0,1.0,Unknown
DDOST,0.0,,1.0,1.0,Unknown
DDR1,0.0,,1.0,1.0,Unknown
DDR2,0.0,,1.0,1.0,Unknown
DDRGK1,0.0,,1.0,1.0,Unknown
DDT,0.0,,1.0,1.0,Unknown
DCTN3,0.0,,1.0,1.0,Unknown
DCTN4,0.0,,1.0,1.0,Unknown
DCTN5,0.0,,1.0,1.0,Unknown
DCTN6,0.0,,1.0,1.0,Unknown
DCTPP1,0.0,,1.0,1.0,Unknown
DCUN1D1,0.0,,1.0,1.0,Unknown
DCUN1D2,0.0,,1.0,1.0,Unknown
DCUN1D3,0.0,,1.0,1.0,Unknown
DCUN1D4,0.0,,1.0,1.0,Unknown
DCUN1D5,0.0,,1.0,1.0,Unknown
DCX,0.0,,1.0,1.0,Unknown
DCXR,0.0,,1.0,1.0,Unknown
DDA1,0.0,,1.0,1.0,Unknown
DDAH1,0.0,,1.0,1.0,Unknown
DDAH2,0.0,,1.0,1.0,Unknown
DDB1,0.0,,1.0,1.0,Unknown
DCLRE1A,0.0,,1.0,1.0,Unknown
DCLRE1B,0.0,,1.0,1.0,Unknown
DCLRE1C,0.0,,1.0,1.0,Unknown
DCN,0.0,,1.0,1.0,Unknown
DCP1A,0.0,,1.0,1.0,Unknown
DCP1B,0.0,,1.0,1.0,Unknown
DCP2,0.0,,1.0,1.0,Unknown
DCPS,0.0,,1.0,1.0,Unknown
DCST1,0.0,,1.0,1.0,Unknown
DCST2,0.0,,1.0,1.0,Unknown
DCSTAMP,0.0,,1.0,1.0,Unknown
DCT,0.0,,1.0,1.0,Unknown
DCTD,0.0,,1.0,1.0,Unknown
DCTN1,0.0,,1.0,1.0,Unknown
DCTN1-AS1,0.0,,1.0,1.0,Unknown
DCTN2,0.0,,1.0,1.0,Unknown
DCAF8L1,0.0,,1.0,1.0,Unknown
DCAF8L2,0.0,,1.0,1.0,Unknown
DCAKD,0.0,,1.0,1.0,Unknown
DCBLD1,0.0,,1.0,1.0,Unknown
DCBLD2,0.0,,1.0,1.0,Unknown
DCC,0.0,,1.0,1.0,Unknown
DCD,0.0,,1.0,1.0,Unknown
DCDC1,0.0,,1.0,1.0,Unknown
DCDC2,0.0,,1.0,1.0,Unknown
DCDC2B,0.0,,1.0,1.0,Unknown
DCHS1,0.0,,1.0,1.0,Unknown
DCHS2,0.0,,1.0,1.0,Unknown
DCK,0.0,,1.0,1.0,Unknown
DCLK1,0.0,,1.0,1.0,Unknown
DCLK2,0.0,,1.0,1.0,Unknown
DCLK3,0.0,,1.0,1.0,Unknown
DCAF11,0.0,,1.0,1.0,Unknown
DCAF12,0.0,,1.0,1.0,Unknown
DCAF12L1,0.0,,1.0,1.0,Unknown
DCAF12L2,0.0,,1.0,1.0,Unknown
DCAF13,0.0,,1.0,1.0,Unknown
DCAF13P3,0.0,,1.0,1.0,Unknown
DCAF15,0.0,,1.0,1.0,Unknown
DCAF16,0.0,,1.0,1.0,Unknown
DCAF17,0.0,,1.0,1.0,Unknown
DCAF4,0.0,,1.0,1.0,Unknown
DCAF4L1,0.0,,1.0,1.0,Unknown
DCAF4L2,0.0,,1.0,1.0,Unknown
DCAF5,0.0,,1.0,1.0,Unknown
DCAF6,0.0,,1.0,1.0,Unknown
DCAF7,0.0,,1.0,1.0,Unknown
DCAF8,0.0,,1.0,1.0,Unknown
DBF4B,0.0,,1.0,1.0,Unknown
DBH,0.0,,1.0,1.0,Unknown
DBH-AS1,0.0,,1.0,1.0,Unknown
DBI,0.0,,1.0,1.0,Unknown
DBIL5P,0.0,,1.0,1.0,Unknown
DBIL5P2,0.0,,1.0,1.0,Unknown
DBN1,0.0,,1.0,1.0,Unknown
DBNDD1,0.0,,1.0,1.0,Unknown
DBNDD2,0.0,,1.0,1.0,Unknown
DBNL,0.0,,1.0,1.0,Unknown
DBP,0.0,,1.0,1.0,Unknown
DBR1,0.0,,1.0,1.0,Unknown
DBT,0.0,,1.0,1.0,Unknown
DBX1,0.0,,1.0,1.0,Unknown
DBX2,0.0,,1.0,1.0,Unknown
DCAF10,0.0,,1.0,1.0,Unknown
DAPK2,0.0,,1.0,1.0,Unknown
DAPK3,0.0,,1.0,1.0,Unknown
DAPL1,0.0,,1.0,1.0,Unknown
DAPP1,0.0,,1.0,1.0,Unknown
DARS,0.0,,1.0,1.0,Unknown
DARS2,0.0,,1.0,1.0,Unknown
DAW1,0.0,,1.0,1.0,Unknown
DAXX,0.0,,1.0,1.0,Unknown
DAZ1,0.0,,1.0,1.0,Unknown
DAZ2,0.0,,1.0,1.0,Unknown
DAZ3,0.0,,1.0,1.0,Unknown
DAZ4,0.0,,1.0,1.0,Unknown
DAZAP1,0.0,,1.0,1.0,Unknown
DAZAP2,0.0,,1.0,1.0,Unknown
DAZL,0.0,,1.0,1.0,Unknown
DBF4,0.0,,1.0,1.0,Unknown
DACT2,0.0,,1.0,1.0,Unknown
DACT3,0.0,,1.0,1.0,Unknown
DACT3-AS1,0.0,,1.0,1.0,Unknown
DAD1,0.0,,1.0,1.0,Unknown
DAG1,0.0,,1.0,1.0,Unknown
DAGLA,0.0,,1.0,1.0,Unknown
DAGLB,0.0,,1.0,1.0,Unknown
DALRD3,0.0,,1.0,1.0,Unknown
DANCR,0.0,,1.0,1.0,Unknown
DAND5,0.0,,1.0,1.0,Unknown
DAO,0.0,,1.0,1.0,Unknown
DAOA,0.0,,1.0,1.0,Unknown
DAOA-AS1,0.0,,1.0,1.0,Unknown
DAP,0.0,,1.0,1.0,Unknown
DAP3,0.0,,1.0,1.0,Unknown
DAPK1,0.0,,1.0,1.0,Unknown
CYTH1,0.0,,1.0,1.0,Unknown
CYTH2,0.0,,1.0,1.0,Unknown
CYTH3,0.0,,1.0,1.0,Unknown
CYTH4,0.0,,1.0,1.0,Unknown
CYTIP,0.0,,1.0,1.0,Unknown
CYTL1,0.0,,1.0,1.0,Unknown
CYYR1,0.0,,1.0,1.0,Unknown
D2HGDH,0.0,,1.0,1.0,Unknown
DAAM1,0.0,,1.0,1.0,Unknown
DAAM2,0.0,,1.0,1.0,Unknown
DAB1,0.0,,1.0,1.0,Unknown
DAB2,0.0,,1.0,1.0,Unknown
DAB2IP,0.0,,1.0,1.0,Unknown
DACH1,0.0,,1.0,1.0,Unknown
DACH2,0.0,,1.0,1.0,Unknown
DACT1,0.0,,1.0,1.0,Unknown
CYP4F30P,0.0,,1.0,1.0,Unknown
CYP4F35P,0.0,,1.0,1.0,Unknown
CYP4F8,0.0,,1.0,1.0,Unknown
CYP4V2,0.0,,1.0,1.0,Unknown
CYP4X1,0.0,,1.0,1.0,Unknown
CYP4Z1,0.0,,1.0,1.0,Unknown
CYP4Z2P,0.0,,1.0,1.0,Unknown
CYP51A1,0.0,,1.0,1.0,Unknown
CYP7A1,0.0,,1.0,1.0,Unknown
CYP7B1,0.0,,1.0,1.0,Unknown
CYP8B1,0.0,,1.0,1.0,Unknown
CYR61,0.0,,1.0,1.0,Unknown
CYS1,0.0,,1.0,1.0,Unknown
CYSLTR1,0.0,,1.0,1.0,Unknown
CYSLTR2,0.0,,1.0,1.0,Unknown
CYSTM1,0.0,,1.0,1.0,Unknown
CYP2W1,0.0,,1.0,1.0,Unknown
CYP39A1,0.0,,1.0,1.0,Unknown
CYP3A4,0.0,,1.0,1.0,Unknown
CYP3A43,0.0,,1.0,1.0,Unknown
CYP3A5,0.0,,1.0,1.0,Unknown
CYP3A7,0.0,,1.0,1.0,Unknown
CYP46A1,0.0,,1.0,1.0,Unknown
CYP4A11,0.0,,1.0,1.0,Unknown
CYP4A22,0.0,,1.0,1.0,Unknown
CYP4B1,0.0,,1.0,1.0,Unknown
CYP4F11,0.0,,1.0,1.0,Unknown
CYP4F12,0.0,,1.0,1.0,Unknown
CYP4F2,0.0,,1.0,1.0,Unknown
CYP4F22,0.0,,1.0,1.0,Unknown
CYP4F24P,0.0,,1.0,1.0,Unknown
CYP4F3,0.0,,1.0,1.0,Unknown
CYP2A13,0.0,,1.0,1.0,Unknown
CYP2A6,0.0,,1.0,1.0,Unknown
CYP2A7,0.0,,1.0,1.0,Unknown
CYP2B6,0.0,,1.0,1.0,Unknown
CYP2C18,0.0,,1.0,1.0,Unknown
CYP2C19,0.0,,1.0,1.0,Unknown
CYP2C8,0.0,,1.0,1.0,Unknown
CYP2C9,0.0,,1.0,1.0,Unknown
CYP2D6,0.0,,1.0,1.0,Unknown
CYP2E1,0.0,,1.0,1.0,Unknown
CYP2F1,0.0,,1.0,1.0,Unknown
CYP2G1P,0.0,,1.0,1.0,Unknown
CYP2J2,0.0,,1.0,1.0,Unknown
CYP2R1,0.0,,1.0,1.0,Unknown
CYP2S1,0.0,,1.0,1.0,Unknown
CYP2U1,0.0,,1.0,1.0,Unknown
CYP17A1,0.0,,1.0,1.0,Unknown
CYP19A1,0.0,,1.0,1.0,Unknown
CYP1A1,0.0,,1.0,1.0,Unknown
CYP1A2,0.0,,1.0,1.0,Unknown
CYP1B1,0.0,,1.0,1.0,Unknown
CYP1B1-AS1,0.0,,1.0,1.0,Unknown
CYP20A1,0.0,,1.0,1.0,Unknown
CYP21A1P,0.0,,1.0,1.0,Unknown
CYP21A2,0.0,,1.0,1.0,Unknown
CYP24A1,0.0,,1.0,1.0,Unknown
CYP26A1,0.0,,1.0,1.0,Unknown
CYP26B1,0.0,,1.0,1.0,Unknown
CYP26C1,0.0,,1.0,1.0,Unknown
CYP27A1,0.0,,1.0,1.0,Unknown
CYP27B1,0.0,,1.0,1.0,Unknown
CYP27C1,0.0,,1.0,1.0,Unknown
CYBB,0.0,,1.0,1.0,Unknown
CYBRD1,0.0,,1.0,1.0,Unknown
CYC1,0.0,,1.0,1.0,Unknown
CYCS,0.0,,1.0,1.0,Unknown
CYCSP52,0.0,,1.0,1.0,Unknown
CYFIP1,0.0,,1.0,1.0,Unknown
CYFIP2,0.0,,1.0,1.0,Unknown
CYGB,0.0,,1.0,1.0,Unknown
CYHR1,0.0,,1.0,1.0,Unknown
CYLC1,0.0,,1.0,1.0,Unknown
CYLC2,0.0,,1.0,1.0,Unknown
CYLD,0.0,,1.0,1.0,Unknown
CYMP,0.0,,1.0,1.0,Unknown
CYP11A1,0.0,,1.0,1.0,Unknown
CYP11B1,0.0,,1.0,1.0,Unknown
CYP11B2,0.0,,1.0,1.0,Unknown
CXorf65,0.0,,1.0,1.0,Unknown
CXorf66,0.0,,1.0,1.0,Unknown
CYB561,0.0,,1.0,1.0,Unknown
CYB561A3,0.0,,1.0,1.0,Unknown
CYB561D1,0.0,,1.0,1.0,Unknown
CYB561D2,0.0,,1.0,1.0,Unknown
CYB5A,0.0,,1.0,1.0,Unknown
CYB5B,0.0,,1.0,1.0,Unknown
CYB5D1,0.0,,1.0,1.0,Unknown
CYB5D2,0.0,,1.0,1.0,Unknown
CYB5R1,0.0,,1.0,1.0,Unknown
CYB5R2,0.0,,1.0,1.0,Unknown
CYB5R3,0.0,,1.0,1.0,Unknown
CYB5R4,0.0,,1.0,1.0,Unknown
CYB5RL,0.0,,1.0,1.0,Unknown
CYBA,0.0,,1.0,1.0,Unknown
CXXC1P1,0.0,,1.0,1.0,Unknown
CXXC4,0.0,,1.0,1.0,Unknown
CXXC5,0.0,,1.0,1.0,Unknown
CXorf21,0.0,,1.0,1.0,Unknown
CXorf23,0.0,,1.0,1.0,Unknown
CXorf36,0.0,,1.0,1.0,Unknown
CXorf38,0.0,,1.0,1.0,Unknown
CXorf40A,0.0,,1.0,1.0,Unknown
CXorf40B,0.0,,1.0,1.0,Unknown
CXorf49,0.0,,1.0,1.0,Unknown
CXorf49B,0.0,,1.0,1.0,Unknown
CXorf51A,0.0,,1.0,1.0,Unknown
CXorf51B,0.0,,1.0,1.0,Unknown
CXorf56,0.0,,1.0,1.0,Unknown
CXorf57,0.0,,1.0,1.0,Unknown
CXorf58,0.0,,1.0,1.0,Unknown
CXCL14,0.0,,1.0,1.0,Unknown
CXCL16,0.0,,1.0,1.0,Unknown
CXCL17,0.0,,1.0,1.0,Unknown
CXCL2,0.0,,1.0,1.0,Unknown
CXCL3,0.0,,1.0,1.0,Unknown
CXCL5,0.0,,1.0,1.0,Unknown
CXCL6,0.0,,1.0,1.0,Unknown
CXCL9,0.0,,1.0,1.0,Unknown
CXCR1,0.0,,1.0,1.0,Unknown
CXCR2,0.0,,1.0,1.0,Unknown
CXCR2P1,0.0,,1.0,1.0,Unknown
CXCR3,0.0,,1.0,1.0,Unknown
CXCR4,0.0,,1.0,1.0,Unknown
CXCR5,0.0,,1.0,1.0,Unknown
CXCR6,0.0,,1.0,1.0,Unknown
CXXC1,0.0,,1.0,1.0,Unknown
CWC15,0.0,,1.0,1.0,Unknown
CWC22,0.0,,1.0,1.0,Unknown
CWC25,0.0,,1.0,1.0,Unknown
CWC27,0.0,,1.0,1.0,Unknown
CWF19L1,0.0,,1.0,1.0,Unknown
CWF19L2,0.0,,1.0,1.0,Unknown
CWH43,0.0,,1.0,1.0,Unknown
CX3CL1,0.0,,1.0,1.0,Unknown
CX3CR1,0.0,,1.0,1.0,Unknown
CXADR,0.0,,1.0,1.0,Unknown
CXADRP3,0.0,,1.0,1.0,Unknown
CXCL1,0.0,,1.0,1.0,Unknown
CXCL10,0.0,,1.0,1.0,Unknown
CXCL11,0.0,,1.0,1.0,Unknown
CXCL12,0.0,,1.0,1.0,Unknown
CXCL13,0.0,,1.0,1.0,Unknown
CUBN,0.0,,1.0,1.0,Unknown
CUEDC1,0.0,,1.0,1.0,Unknown
CUEDC2,0.0,,1.0,1.0,Unknown
CUL1,0.0,,1.0,1.0,Unknown
CUL2,0.0,,1.0,1.0,Unknown
CUL3,0.0,,1.0,1.0,Unknown
CUL4A,0.0,,1.0,1.0,Unknown
CUL4B,0.0,,1.0,1.0,Unknown
CUL5,0.0,,1.0,1.0,Unknown
CUL7,0.0,,1.0,1.0,Unknown
CUL9,0.0,,1.0,1.0,Unknown
CUTA,0.0,,1.0,1.0,Unknown
CUTC,0.0,,1.0,1.0,Unknown
CUX1,0.0,,1.0,1.0,Unknown
CUX2,0.0,,1.0,1.0,Unknown
CUZD1,0.0,,1.0,1.0,Unknown
CTSG,0.0,,1.0,1.0,Unknown
CTSH,0.0,,1.0,1.0,Unknown
CTSK,0.0,,1.0,1.0,Unknown
CTSL3P,0.0,,1.0,1.0,Unknown
CTSO,0.0,,1.0,1.0,Unknown
CTSS,0.0,,1.0,1.0,Unknown
CTSW,0.0,,1.0,1.0,Unknown
CTSZ,0.0,,1.0,1.0,Unknown
CTTN,0.0,,1.0,1.0,Unknown
CTTNBP2,0.0,,1.0,1.0,Unknown
CTTNBP2NL,0.0,,1.0,1.0,Unknown
CTU1,0.0,,1.0,1.0,Unknown
CTU2,0.0,,1.0,1.0,Unknown
CTXN1,0.0,,1.0,1.0,Unknown
CTXN2,0.0,,1.0,1.0,Unknown
CTXN3,0.0,,1.0,1.0,Unknown
CTNND1,0.0,,1.0,1.0,Unknown
CTNND2,0.0,,1.0,1.0,Unknown
CTNS,0.0,,1.0,1.0,Unknown
CTPS1,0.0,,1.0,1.0,Unknown
CTPS2,0.0,,1.0,1.0,Unknown
CTR9,0.0,,1.0,1.0,Unknown
CTRB1,0.0,,1.0,1.0,Unknown
CTRB2,0.0,,1.0,1.0,Unknown
CTRC,0.0,,1.0,1.0,Unknown
CTRL,0.0,,1.0,1.0,Unknown
CTSA,0.0,,1.0,1.0,Unknown
CTSB,0.0,,1.0,1.0,Unknown
CTSC,0.0,,1.0,1.0,Unknown
CTSD,0.0,,1.0,1.0,Unknown
CTSE,0.0,,1.0,1.0,Unknown
CTSF,0.0,,1.0,1.0,Unknown
CTDSP2,0.0,,1.0,1.0,Unknown
CTDSPL,0.0,,1.0,1.0,Unknown
CTDSPL2,0.0,,1.0,1.0,Unknown
CTF1,0.0,,1.0,1.0,Unknown
CTGF,0.0,,1.0,1.0,Unknown
CTH,0.0,,1.0,1.0,Unknown
CTHRC1,0.0,,1.0,1.0,Unknown
CTIF,0.0,,1.0,1.0,Unknown
CTLA4,0.0,,1.0,1.0,Unknown
CTNNA1,0.0,,1.0,1.0,Unknown
CTNNA2,0.0,,1.0,1.0,Unknown
CTNNA3,0.0,,1.0,1.0,Unknown
CTNNAL1,0.0,,1.0,1.0,Unknown
CTNNB1,0.0,,1.0,1.0,Unknown
CTNNBIP1,0.0,,1.0,1.0,Unknown
CTNNBL1,0.0,,1.0,1.0,Unknown
CTAGE4,0.0,,1.0,1.0,Unknown
CTAGE5,0.0,,1.0,1.0,Unknown
CTAGE6,0.0,,1.0,1.0,Unknown
CTAGE7P,0.0,,1.0,1.0,Unknown
CTAGE8,0.0,,1.0,1.0,Unknown
CTAGE9,0.0,,1.0,1.0,Unknown
CTBP1,0.0,,1.0,1.0,Unknown
CTBP1-AS2,0.0,,1.0,1.0,Unknown
CTBP2,0.0,,1.0,1.0,Unknown
CTBS,0.0,,1.0,1.0,Unknown
CTC1,0.0,,1.0,1.0,Unknown
CTCF,0.0,,1.0,1.0,Unknown
CTCFL,0.0,,1.0,1.0,Unknown
CTDNEP1,0.0,,1.0,1.0,Unknown
CTDP1,0.0,,1.0,1.0,Unknown
CTDSP1,0.0,,1.0,1.0,Unknown
CT47A3,0.0,,1.0,1.0,Unknown
CT47A4,0.0,,1.0,1.0,Unknown
CT47A5,0.0,,1.0,1.0,Unknown
CT47A6,0.0,,1.0,1.0,Unknown
CT47A7,0.0,,1.0,1.0,Unknown
CT47A8,0.0,,1.0,1.0,Unknown
CT47A9,0.0,,1.0,1.0,Unknown
CT47B1,0.0,,1.0,1.0,Unknown
CT62,0.0,,1.0,1.0,Unknown
CTAG1A,0.0,,1.0,1.0,Unknown
CTAG1B,0.0,,1.0,1.0,Unknown
CTAG2,0.0,,1.0,1.0,Unknown
CTAGE1,0.0,,1.0,1.0,Unknown
CTAGE10P,0.0,,1.0,1.0,Unknown
CTAGE11P,0.0,,1.0,1.0,Unknown
CTAGE15,0.0,,1.0,1.0,Unknown
CSTF1,0.0,,1.0,1.0,Unknown
CSTF2,0.0,,1.0,1.0,Unknown
CSTF2T,0.0,,1.0,1.0,Unknown
CSTF3,0.0,,1.0,1.0,Unknown
CSTF3-AS1,0.0,,1.0,1.0,Unknown
CSTL1,0.0,,1.0,1.0,Unknown
CT45A1,0.0,,1.0,1.0,Unknown
CT45A2,0.0,,1.0,1.0,Unknown
CT45A3,0.0,,1.0,1.0,Unknown
CT45A5,0.0,,1.0,1.0,Unknown
CT45A6,0.0,,1.0,1.0,Unknown
CT47A1,0.0,,1.0,1.0,Unknown
CT47A10,0.0,,1.0,1.0,Unknown
CT47A11,0.0,,1.0,1.0,Unknown
CT47A12,0.0,,1.0,1.0,Unknown
CT47A2,0.0,,1.0,1.0,Unknown
CSRP2,0.0,,1.0,1.0,Unknown
CSRP3,0.0,,1.0,1.0,Unknown
CST1,0.0,,1.0,1.0,Unknown
CST11,0.0,,1.0,1.0,Unknown
CST13P,0.0,,1.0,1.0,Unknown
CST2,0.0,,1.0,1.0,Unknown
CST3,0.0,,1.0,1.0,Unknown
CST4,0.0,,1.0,1.0,Unknown
CST5,0.0,,1.0,1.0,Unknown
CST6,0.0,,1.0,1.0,Unknown
CST7,0.0,,1.0,1.0,Unknown
CST8,0.0,,1.0,1.0,Unknown
CST9,0.0,,1.0,1.0,Unknown
CST9L,0.0,,1.0,1.0,Unknown
CSTA,0.0,,1.0,1.0,Unknown
CSTB,0.0,,1.0,1.0,Unknown
CSNK1G1,0.0,,1.0,1.0,Unknown
CSNK1G2,0.0,,1.0,1.0,Unknown
CSNK1G2-AS1,0.0,,1.0,1.0,Unknown
CSNK1G3,0.0,,1.0,1.0,Unknown
CSNK2A1,0.0,,1.0,1.0,Unknown
CSNK2A2,0.0,,1.0,1.0,Unknown
CSNK2A3,0.0,,1.0,1.0,Unknown
CSNK2B,0.0,,1.0,1.0,Unknown
CSPG4,0.0,,1.0,1.0,Unknown
CSPG4P1Y,0.0,,1.0,1.0,Unknown
CSPG5,0.0,,1.0,1.0,Unknown
CSPP1,0.0,,1.0,1.0,Unknown
CSRNP1,0.0,,1.0,1.0,Unknown
CSRNP2,0.0,,1.0,1.0,Unknown
CSRNP3,0.0,,1.0,1.0,Unknown
CSRP1,0.0,,1.0,1.0,Unknown
CSH1,0.0,,1.0,1.0,Unknown
CSH2,0.0,,1.0,1.0,Unknown
CSHL1,0.0,,1.0,1.0,Unknown
CSK,0.0,,1.0,1.0,Unknown
CSMD1,0.0,,1.0,1.0,Unknown
CSMD2,0.0,,1.0,1.0,Unknown
CSMD3,0.0,,1.0,1.0,Unknown
CSN1S1,0.0,,1.0,1.0,Unknown
CSN1S2AP,0.0,,1.0,1.0,Unknown
CSN2,0.0,,1.0,1.0,Unknown
CSN3,0.0,,1.0,1.0,Unknown
CSNK1A1,0.0,,1.0,1.0,Unknown
CSNK1A1L,0.0,,1.0,1.0,Unknown
CSNK1A1P1,0.0,,1.0,1.0,Unknown
CSNK1D,0.0,,1.0,1.0,Unknown
CSNK1E,0.0,,1.0,1.0,Unknown
CSAG1,0.0,,1.0,1.0,Unknown
CSAG2,0.0,,1.0,1.0,Unknown
CSAG3,0.0,,1.0,1.0,Unknown
CSAG4,0.0,,1.0,1.0,Unknown
CSDC2,0.0,,1.0,1.0,Unknown
CSDE1,0.0,,1.0,1.0,Unknown
CSE1L,0.0,,1.0,1.0,Unknown
CSF1,0.0,,1.0,1.0,Unknown
CSF1R,0.0,,1.0,1.0,Unknown
CSF2,0.0,,1.0,1.0,Unknown
CSF2RA,0.0,,1.0,1.0,Unknown
CSF2RB,0.0,,1.0,1.0,Unknown
CSF3,0.0,,1.0,1.0,Unknown
CSF3R,0.0,,1.0,1.0,Unknown
CSGALNACT1,0.0,,1.0,1.0,Unknown
CSGALNACT2,0.0,,1.0,1.0,Unknown
CRYBB2P1,0.0,,1.0,1.0,Unknown
CRYBB3,0.0,,1.0,1.0,Unknown
CRYBG3,0.0,,1.0,1.0,Unknown
CRYGA,0.0,,1.0,1.0,Unknown
CRYGB,0.0,,1.0,1.0,Unknown
CRYGC,0.0,,1.0,1.0,Unknown
CRYGD,0.0,,1.0,1.0,Unknown
CRYGN,0.0,,1.0,1.0,Unknown
CRYGS,0.0,,1.0,1.0,Unknown
CRYL1,0.0,,1.0,1.0,Unknown
CRYM,0.0,,1.0,1.0,Unknown
CRYM-AS1,0.0,,1.0,1.0,Unknown
CRYZ,0.0,,1.0,1.0,Unknown
CRYZL1,0.0,,1.0,1.0,Unknown
CS,0.0,,1.0,1.0,Unknown
CSAD,0.0,,1.0,1.0,Unknown
CRTAC1,0.0,,1.0,1.0,Unknown
CRTAM,0.0,,1.0,1.0,Unknown
CRTAP,0.0,,1.0,1.0,Unknown
CRTC1,0.0,,1.0,1.0,Unknown
CRTC2,0.0,,1.0,1.0,Unknown
CRTC3,0.0,,1.0,1.0,Unknown
CRX,0.0,,1.0,1.0,Unknown
CRY1,0.0,,1.0,1.0,Unknown
CRY2,0.0,,1.0,1.0,Unknown
CRYAA,0.0,,1.0,1.0,Unknown
CRYAB,0.0,,1.0,1.0,Unknown
CRYBA1,0.0,,1.0,1.0,Unknown
CRYBA2,0.0,,1.0,1.0,Unknown
CRYBA4,0.0,,1.0,1.0,Unknown
CRYBB1,0.0,,1.0,1.0,Unknown
CRYBB2,0.0,,1.0,1.0,Unknown
CRISPLD2,0.0,,1.0,1.0,Unknown
CRK,0.0,,1.0,1.0,Unknown
CRKL,0.0,,1.0,1.0,Unknown
CRLF1,0.0,,1.0,1.0,Unknown
CRLF2,0.0,,1.0,1.0,Unknown
CRLF3,0.0,,1.0,1.0,Unknown
CRLS1,0.0,,1.0,1.0,Unknown
CRMP1,0.0,,1.0,1.0,Unknown
CRNDE,0.0,,1.0,1.0,Unknown
CRNKL1,0.0,,1.0,1.0,Unknown
CRNN,0.0,,1.0,1.0,Unknown
CROCC,0.0,,1.0,1.0,Unknown
CROCCP2,0.0,,1.0,1.0,Unknown
CROCCP3,0.0,,1.0,1.0,Unknown
CROT,0.0,,1.0,1.0,Unknown
CRP,0.0,,1.0,1.0,Unknown
CRELD2,0.0,,1.0,1.0,Unknown
CREM,0.0,,1.0,1.0,Unknown
CRH,0.0,,1.0,1.0,Unknown
CRHBP,0.0,,1.0,1.0,Unknown
CRHR1,0.0,,1.0,1.0,Unknown
CRHR2,0.0,,1.0,1.0,Unknown
CRIM1,0.0,,1.0,1.0,Unknown
CRIP1,0.0,,1.0,1.0,Unknown
CRIP2,0.0,,1.0,1.0,Unknown
CRIP3,0.0,,1.0,1.0,Unknown
CRIPAK,0.0,,1.0,1.0,Unknown
CRIPT,0.0,,1.0,1.0,Unknown
CRISP1,0.0,,1.0,1.0,Unknown
CRISP2,0.0,,1.0,1.0,Unknown
CRISP3,0.0,,1.0,1.0,Unknown
CRISPLD1,0.0,,1.0,1.0,Unknown
CRCP,0.0,,1.0,1.0,Unknown
CRCT1,0.0,,1.0,1.0,Unknown
CREB1,0.0,,1.0,1.0,Unknown
CREB3,0.0,,1.0,1.0,Unknown
CREB3L1,0.0,,1.0,1.0,Unknown
CREB3L2,0.0,,1.0,1.0,Unknown
CREB3L3,0.0,,1.0,1.0,Unknown
CREB3L4,0.0,,1.0,1.0,Unknown
CREB5,0.0,,1.0,1.0,Unknown
CREBBP,0.0,,1.0,1.0,Unknown
CREBL2,0.0,,1.0,1.0,Unknown
CREBRF,0.0,,1.0,1.0,Unknown
CREBZF,0.0,,1.0,1.0,Unknown
CREG1,0.0,,1.0,1.0,Unknown
CREG2,0.0,,1.0,1.0,Unknown
CRELD1,0.0,,1.0,1.0,Unknown
CPVL,0.0,,1.0,1.0,Unknown
CPXCR1,0.0,,1.0,1.0,Unknown
CPXM1,0.0,,1.0,1.0,Unknown
CPXM2,0.0,,1.0,1.0,Unknown
CPZ,0.0,,1.0,1.0,Unknown
CR1,0.0,,1.0,1.0,Unknown
CR1L,0.0,,1.0,1.0,Unknown
CR2,0.0,,1.0,1.0,Unknown
CRABP1,0.0,,1.0,1.0,Unknown
CRABP2,0.0,,1.0,1.0,Unknown
CRADD,0.0,,1.0,1.0,Unknown
CRAT,0.0,,1.0,1.0,Unknown
CRB1,0.0,,1.0,1.0,Unknown
CRB2,0.0,,1.0,1.0,Unknown
CRB3,0.0,,1.0,1.0,Unknown
CRBN,0.0,,1.0,1.0,Unknown
CPOX,0.0,,1.0,1.0,Unknown
CPPED1,0.0,,1.0,1.0,Unknown
CPQ,0.0,,1.0,1.0,Unknown
CPS1,0.0,,1.0,1.0,Unknown
CPS1-IT1,0.0,,1.0,1.0,Unknown
CPSF1,0.0,,1.0,1.0,Unknown
CPSF2,0.0,,1.0,1.0,Unknown
CPSF3,0.0,,1.0,1.0,Unknown
CPSF4,0.0,,1.0,1.0,Unknown
CPSF4L,0.0,,1.0,1.0,Unknown
CPSF6,0.0,,1.0,1.0,Unknown
CPSF7,0.0,,1.0,1.0,Unknown
CPT1A,0.0,,1.0,1.0,Unknown
CPT1B,0.0,,1.0,1.0,Unknown
CPT1C,0.0,,1.0,1.0,Unknown
CPT2,0.0,,1.0,1.0,Unknown
CPLX2,0.0,,1.0,1.0,Unknown
CPLX3,0.0,,1.0,1.0,Unknown
CPLX4,0.0,,1.0,1.0,Unknown
CPM,0.0,,1.0,1.0,Unknown
CPN1,0.0,,1.0,1.0,Unknown
CPN2,0.0,,1.0,1.0,Unknown
CPNE1,0.0,,1.0,1.0,Unknown
CPNE2,0.0,,1.0,1.0,Unknown
CPNE3,0.0,,1.0,1.0,Unknown
CPNE4,0.0,,1.0,1.0,Unknown
CPNE5,0.0,,1.0,1.0,Unknown
CPNE6,0.0,,1.0,1.0,Unknown
CPNE7,0.0,,1.0,1.0,Unknown
CPNE8,0.0,,1.0,1.0,Unknown
CPNE9,0.0,,1.0,1.0,Unknown
CPO,0.0,,1.0,1.0,Unknown
CPA3,0.0,,1.0,1.0,Unknown
CPA4,0.0,,1.0,1.0,Unknown
CPA5,0.0,,1.0,1.0,Unknown
CPA6,0.0,,1.0,1.0,Unknown
CPAMD8,0.0,,1.0,1.0,Unknown
CPB1,0.0,,1.0,1.0,Unknown
CPB2,0.0,,1.0,1.0,Unknown
CPB2-AS1,0.0,,1.0,1.0,Unknown
CPD,0.0,,1.0,1.0,Unknown
CPE,0.0,,1.0,1.0,Unknown
CPEB1,0.0,,1.0,1.0,Unknown
CPEB2,0.0,,1.0,1.0,Unknown
CPEB3,0.0,,1.0,1.0,Unknown
CPEB4,0.0,,1.0,1.0,Unknown
CPED1,0.0,,1.0,1.0,Unknown
CPLX1,0.0,,1.0,1.0,Unknown
COX6A1,0.0,,1.0,1.0,Unknown
COX6A2,0.0,,1.0,1.0,Unknown
COX6B1,0.0,,1.0,1.0,Unknown
COX6B2,0.0,,1.0,1.0,Unknown
COX6C,0.0,,1.0,1.0,Unknown
COX7A1,0.0,,1.0,1.0,Unknown
COX7A2,0.0,,1.0,1.0,Unknown
COX7A2L,0.0,,1.0,1.0,Unknown
COX7B,0.0,,1.0,1.0,Unknown
COX7B2,0.0,,1.0,1.0,Unknown
COX7C,0.0,,1.0,1.0,Unknown
COX8A,0.0,,1.0,1.0,Unknown
COX8C,0.0,,1.0,1.0,Unknown
CP,0.0,,1.0,1.0,Unknown
CPA1,0.0,,1.0,1.0,Unknown
CPA2,0.0,,1.0,1.0,Unknown
CORT,0.0,,1.0,1.0,Unknown
COTL1,0.0,,1.0,1.0,Unknown
COX10,0.0,,1.0,1.0,Unknown
COX10-AS1,0.0,,1.0,1.0,Unknown
COX11,0.0,,1.0,1.0,Unknown
COX14,0.0,,1.0,1.0,Unknown
COX15,0.0,,1.0,1.0,Unknown
COX16,0.0,,1.0,1.0,Unknown
COX17,0.0,,1.0,1.0,Unknown
COX18,0.0,,1.0,1.0,Unknown
COX19,0.0,,1.0,1.0,Unknown
COX20,0.0,,1.0,1.0,Unknown
COX4I1,0.0,,1.0,1.0,Unknown
COX4I2,0.0,,1.0,1.0,Unknown
COX5A,0.0,,1.0,1.0,Unknown
COX5B,0.0,,1.0,1.0,Unknown
COQ2,0.0,,1.0,1.0,Unknown
COQ3,0.0,,1.0,1.0,Unknown
COQ4,0.0,,1.0,1.0,Unknown
COQ5,0.0,,1.0,1.0,Unknown
COQ6,0.0,,1.0,1.0,Unknown
COQ7,0.0,,1.0,1.0,Unknown
COQ9,0.0,,1.0,1.0,Unknown
CORIN,0.0,,1.0,1.0,Unknown
CORO1A,0.0,,1.0,1.0,Unknown
CORO1B,0.0,,1.0,1.0,Unknown
CORO1C,0.0,,1.0,1.0,Unknown
CORO2A,0.0,,1.0,1.0,Unknown
CORO2B,0.0,,1.0,1.0,Unknown
CORO6,0.0,,1.0,1.0,Unknown
CORO7,0.0,,1.0,1.0,Unknown
CORO7-PAM16,0.0,,1.0,1.0,Unknown
COPE,0.0,,1.0,1.0,Unknown
COPG1,0.0,,1.0,1.0,Unknown
COPG2,0.0,,1.0,1.0,Unknown
COPRS,0.0,,1.0,1.0,Unknown
COPS2,0.0,,1.0,1.0,Unknown
COPS3,0.0,,1.0,1.0,Unknown
COPS4,0.0,,1.0,1.0,Unknown
COPS5,0.0,,1.0,1.0,Unknown
COPS6,0.0,,1.0,1.0,Unknown
COPS7A,0.0,,1.0,1.0,Unknown
COPS7B,0.0,,1.0,1.0,Unknown
COPS8,0.0,,1.0,1.0,Unknown
COPZ1,0.0,,1.0,1.0,Unknown
COPZ2,0.0,,1.0,1.0,Unknown
COQ10A,0.0,,1.0,1.0,Unknown
COQ10B,0.0,,1.0,1.0,Unknown
COMMD10,0.0,,1.0,1.0,Unknown
COMMD2,0.0,,1.0,1.0,Unknown
COMMD3,0.0,,1.0,1.0,Unknown
COMMD3-BMI1,0.0,,1.0,1.0,Unknown
COMMD4,0.0,,1.0,1.0,Unknown
COMMD5,0.0,,1.0,1.0,Unknown
COMMD6,0.0,,1.0,1.0,Unknown
COMMD7,0.0,,1.0,1.0,Unknown
COMMD8,0.0,,1.0,1.0,Unknown
COMMD9,0.0,,1.0,1.0,Unknown
COMP,0.0,,1.0,1.0,Unknown
COMT,0.0,,1.0,1.0,Unknown
COMTD1,0.0,,1.0,1.0,Unknown
COPA,0.0,,1.0,1.0,Unknown
COPB1,0.0,,1.0,1.0,Unknown
COPB2,0.0,,1.0,1.0,Unknown
COL6A4P2,0.0,,1.0,1.0,Unknown
COL6A5,0.0,,1.0,1.0,Unknown
COL6A6,0.0,,1.0,1.0,Unknown
COL7A1,0.0,,1.0,1.0,Unknown
COL8A1,0.0,,1.0,1.0,Unknown
COL8A2,0.0,,1.0,1.0,Unknown
COL9A1,0.0,,1.0,1.0,Unknown
COL9A2,0.0,,1.0,1.0,Unknown
COL9A3,0.0,,1.0,1.0,Unknown
COLEC10,0.0,,1.0,1.0,Unknown
COLEC11,0.0,,1.0,1.0,Unknown
COLEC12,0.0,,1.0,1.0,Unknown
COLGALT1,0.0,,1.0,1.0,Unknown
COLGALT2,0.0,,1.0,1.0,Unknown
COLQ,0.0,,1.0,1.0,Unknown
COMMD1,0.0,,1.0,1.0,Unknown
COL3A1,0.0,,1.0,1.0,Unknown
COL4A1,0.0,,1.0,1.0,Unknown
COL4A2,0.0,,1.0,1.0,Unknown
COL4A2-AS1,0.0,,1.0,1.0,Unknown
COL4A3,0.0,,1.0,1.0,Unknown
COL4A3BP,0.0,,1.0,1.0,Unknown
COL4A4,0.0,,1.0,1.0,Unknown
COL4A5,0.0,,1.0,1.0,Unknown
COL4A6,0.0,,1.0,1.0,Unknown
COL5A1,0.0,,1.0,1.0,Unknown
COL5A2,0.0,,1.0,1.0,Unknown
COL5A3,0.0,,1.0,1.0,Unknown
COL6A1,0.0,,1.0,1.0,Unknown
COL6A2,0.0,,1.0,1.0,Unknown
COL6A3,0.0,,1.0,1.0,Unknown
COL6A4P1,0.0,,1.0,1.0,Unknown
COL18A1,0.0,,1.0,1.0,Unknown
COL18A1-AS1,0.0,,1.0,1.0,Unknown
COL18A1-AS2,0.0,,1.0,1.0,Unknown
COL19A1,0.0,,1.0,1.0,Unknown
COL1A1,0.0,,1.0,1.0,Unknown
COL1A2,0.0,,1.0,1.0,Unknown
COL20A1,0.0,,1.0,1.0,Unknown
COL21A1,0.0,,1.0,1.0,Unknown
COL22A1,0.0,,1.0,1.0,Unknown
COL23A1,0.0,,1.0,1.0,Unknown
COL24A1,0.0,,1.0,1.0,Unknown
COL25A1,0.0,,1.0,1.0,Unknown
COL26A1,0.0,,1.0,1.0,Unknown
COL27A1,0.0,,1.0,1.0,Unknown
COL28A1,0.0,,1.0,1.0,Unknown
COL2A1,0.0,,1.0,1.0,Unknown
COG3,0.0,,1.0,1.0,Unknown
COG4,0.0,,1.0,1.0,Unknown
COG5,0.0,,1.0,1.0,Unknown
COG6,0.0,,1.0,1.0,Unknown
COG7,0.0,,1.0,1.0,Unknown
COG8,0.0,,1.0,1.0,Unknown
COIL,0.0,,1.0,1.0,Unknown
COL10A1,0.0,,1.0,1.0,Unknown
COL11A1,0.0,,1.0,1.0,Unknown
COL11A2,0.0,,1.0,1.0,Unknown
COL12A1,0.0,,1.0,1.0,Unknown
COL13A1,0.0,,1.0,1.0,Unknown
COL14A1,0.0,,1.0,1.0,Unknown
COL15A1,0.0,,1.0,1.0,Unknown
COL16A1,0.0,,1.0,1.0,Unknown
COL17A1,0.0,,1.0,1.0,Unknown
CNTNAP3B,0.0,,1.0,1.0,Unknown
CNTNAP4,0.0,,1.0,1.0,Unknown
CNTNAP5,0.0,,1.0,1.0,Unknown
CNTRL,0.0,,1.0,1.0,Unknown
CNTROB,0.0,,1.0,1.0,Unknown
COA1,0.0,,1.0,1.0,Unknown
COA3,0.0,,1.0,1.0,Unknown
COA4,0.0,,1.0,1.0,Unknown
COA5,0.0,,1.0,1.0,Unknown
COA6,0.0,,1.0,1.0,Unknown
COASY,0.0,,1.0,1.0,Unknown
COBL,0.0,,1.0,1.0,Unknown
COBLL1,0.0,,1.0,1.0,Unknown
COCH,0.0,,1.0,1.0,Unknown
COG1,0.0,,1.0,1.0,Unknown
COG2,0.0,,1.0,1.0,Unknown
CNTD1,0.0,,1.0,1.0,Unknown
CNTD2,0.0,,1.0,1.0,Unknown
CNTF,0.0,,1.0,1.0,Unknown
CNTFR,0.0,,1.0,1.0,Unknown
CNTFR-AS1,0.0,,1.0,1.0,Unknown
CNTLN,0.0,,1.0,1.0,Unknown
CNTN1,0.0,,1.0,1.0,Unknown
CNTN2,0.0,,1.0,1.0,Unknown
CNTN3,0.0,,1.0,1.0,Unknown
CNTN4,0.0,,1.0,1.0,Unknown
CNTN4-AS2,0.0,,1.0,1.0,Unknown
CNTN5,0.0,,1.0,1.0,Unknown
CNTN6,0.0,,1.0,1.0,Unknown
CNTNAP1,0.0,,1.0,1.0,Unknown
CNTNAP2,0.0,,1.0,1.0,Unknown
CNTNAP3,0.0,,1.0,1.0,Unknown
CNOT3,0.0,,1.0,1.0,Unknown
CNOT4,0.0,,1.0,1.0,Unknown
CNOT6,0.0,,1.0,1.0,Unknown
CNOT6L,0.0,,1.0,1.0,Unknown
CNOT7,0.0,,1.0,1.0,Unknown
CNOT8,0.0,,1.0,1.0,Unknown
CNP,0.0,,1.0,1.0,Unknown
CNPPD1,0.0,,1.0,1.0,Unknown
CNPY1,0.0,,1.0,1.0,Unknown
CNPY2,0.0,,1.0,1.0,Unknown
CNPY3,0.0,,1.0,1.0,Unknown
CNPY4,0.0,,1.0,1.0,Unknown
CNR1,0.0,,1.0,1.0,Unknown
CNR2,0.0,,1.0,1.0,Unknown
CNRIP1,0.0,,1.0,1.0,Unknown
CNST,0.0,,1.0,1.0,Unknown
CNIH3,0.0,,1.0,1.0,Unknown
CNIH4,0.0,,1.0,1.0,Unknown
CNKSR1,0.0,,1.0,1.0,Unknown
CNKSR2,0.0,,1.0,1.0,Unknown
CNKSR3,0.0,,1.0,1.0,Unknown
CNN1,0.0,,1.0,1.0,Unknown
CNN2,0.0,,1.0,1.0,Unknown
CNN3,0.0,,1.0,1.0,Unknown
CNNM1,0.0,,1.0,1.0,Unknown
CNNM2,0.0,,1.0,1.0,Unknown
CNNM3,0.0,,1.0,1.0,Unknown
CNNM4,0.0,,1.0,1.0,Unknown
CNOT1,0.0,,1.0,1.0,Unknown
CNOT10,0.0,,1.0,1.0,Unknown
CNOT11,0.0,,1.0,1.0,Unknown
CNOT2,0.0,,1.0,1.0,Unknown
CMTM8,0.0,,1.0,1.0,Unknown
CMYA5,0.0,,1.0,1.0,Unknown
CNBD1,0.0,,1.0,1.0,Unknown
CNBD2,0.0,,1.0,1.0,Unknown
CNBP,0.0,,1.0,1.0,Unknown
CNDP1,0.0,,1.0,1.0,Unknown
CNDP2,0.0,,1.0,1.0,Unknown
CNEP1R1,0.0,,1.0,1.0,Unknown
CNFN,0.0,,1.0,1.0,Unknown
CNGA1,0.0,,1.0,1.0,Unknown
CNGA2,0.0,,1.0,1.0,Unknown
CNGA3,0.0,,1.0,1.0,Unknown
CNGA4,0.0,,1.0,1.0,Unknown
CNGB1,0.0,,1.0,1.0,Unknown
CNGB3,0.0,,1.0,1.0,Unknown
CNIH2,0.0,,1.0,1.0,Unknown
CMBL,0.0,,1.0,1.0,Unknown
CMC1,0.0,,1.0,1.0,Unknown
CMC2,0.0,,1.0,1.0,Unknown
CMC4,0.0,,1.0,1.0,Unknown
CMIP,0.0,,1.0,1.0,Unknown
CMKLR1,0.0,,1.0,1.0,Unknown
CMPK1,0.0,,1.0,1.0,Unknown
CMPK2,0.0,,1.0,1.0,Unknown
CMSS1,0.0,,1.0,1.0,Unknown
CMTM1,0.0,,1.0,1.0,Unknown
CMTM2,0.0,,1.0,1.0,Unknown
CMTM3,0.0,,1.0,1.0,Unknown
CMTM4,0.0,,1.0,1.0,Unknown
CMTM5,0.0,,1.0,1.0,Unknown
CMTM6,0.0,,1.0,1.0,Unknown
CMTM7,0.0,,1.0,1.0,Unknown
CLSTN3,0.0,,1.0,1.0,Unknown
CLTA,0.0,,1.0,1.0,Unknown
CLTB,0.0,,1.0,1.0,Unknown
CLTC,0.0,,1.0,1.0,Unknown
CLTCL1,0.0,,1.0,1.0,Unknown
CLU,0.0,,1.0,1.0,Unknown
CLUAP1,0.0,,1.0,1.0,Unknown
CLUH,0.0,,1.0,1.0,Unknown
CLUHP3,0.0,,1.0,1.0,Unknown
CLUL1,0.0,,1.0,1.0,Unknown
CLVS1,0.0,,1.0,1.0,Unknown
CLVS2,0.0,,1.0,1.0,Unknown
CLYBL,0.0,,1.0,1.0,Unknown
CMA1,0.0,,1.0,1.0,Unknown
CMAHP,0.0,,1.0,1.0,Unknown
CMAS,0.0,,1.0,1.0,Unknown
CLP1,0.0,,1.0,1.0,Unknown
CLPB,0.0,,1.0,1.0,Unknown
CLPP,0.0,,1.0,1.0,Unknown
CLPS,0.0,,1.0,1.0,Unknown
CLPSL1,0.0,,1.0,1.0,Unknown
CLPSL2,0.0,,1.0,1.0,Unknown
CLPTM1,0.0,,1.0,1.0,Unknown
CLPTM1L,0.0,,1.0,1.0,Unknown
CLPX,0.0,,1.0,1.0,Unknown
CLRN1,0.0,,1.0,1.0,Unknown
CLRN1-AS1,0.0,,1.0,1.0,Unknown
CLRN2,0.0,,1.0,1.0,Unknown
CLRN3,0.0,,1.0,1.0,Unknown
CLSPN,0.0,,1.0,1.0,Unknown
CLSTN1,0.0,,1.0,1.0,Unknown
CLSTN2,0.0,,1.0,1.0,Unknown
CLIP4,0.0,,1.0,1.0,Unknown
CLK1,0.0,,1.0,1.0,Unknown
CLK2,0.0,,1.0,1.0,Unknown
CLK3,0.0,,1.0,1.0,Unknown
CLK4,0.0,,1.0,1.0,Unknown
CLLU1,0.0,,1.0,1.0,Unknown
CLLU1OS,0.0,,1.0,1.0,Unknown
CLMN,0.0,,1.0,1.0,Unknown
CLMP,0.0,,1.0,1.0,Unknown
CLN3,0.0,,1.0,1.0,Unknown
CLN5,0.0,,1.0,1.0,Unknown
CLN6,0.0,,1.0,1.0,Unknown
CLN8,0.0,,1.0,1.0,Unknown
CLNK,0.0,,1.0,1.0,Unknown
CLNS1A,0.0,,1.0,1.0,Unknown
CLOCK,0.0,,1.0,1.0,Unknown
CLEC6A,0.0,,1.0,1.0,Unknown
CLEC7A,0.0,,1.0,1.0,Unknown
CLEC9A,0.0,,1.0,1.0,Unknown
CLECL1,0.0,,1.0,1.0,Unknown
CLGN,0.0,,1.0,1.0,Unknown
CLHC1,0.0,,1.0,1.0,Unknown
CLIC1,0.0,,1.0,1.0,Unknown
CLIC2,0.0,,1.0,1.0,Unknown
CLIC3,0.0,,1.0,1.0,Unknown
CLIC4,0.0,,1.0,1.0,Unknown
CLIC5,0.0,,1.0,1.0,Unknown
CLIC6,0.0,,1.0,1.0,Unknown
CLINT1,0.0,,1.0,1.0,Unknown
CLIP1,0.0,,1.0,1.0,Unknown
CLIP2,0.0,,1.0,1.0,Unknown
CLIP3,0.0,,1.0,1.0,Unknown
CLEC1B,0.0,,1.0,1.0,Unknown
CLEC2A,0.0,,1.0,1.0,Unknown
CLEC2B,0.0,,1.0,1.0,Unknown
CLEC2D,0.0,,1.0,1.0,Unknown
CLEC2L,0.0,,1.0,1.0,Unknown
CLEC3A,0.0,,1.0,1.0,Unknown
CLEC3B,0.0,,1.0,1.0,Unknown
CLEC4A,0.0,,1.0,1.0,Unknown
CLEC4C,0.0,,1.0,1.0,Unknown
CLEC4D,0.0,,1.0,1.0,Unknown
CLEC4E,0.0,,1.0,1.0,Unknown
CLEC4F,0.0,,1.0,1.0,Unknown
CLEC4G,0.0,,1.0,1.0,Unknown
CLEC4GP1,0.0,,1.0,1.0,Unknown
CLEC4M,0.0,,1.0,1.0,Unknown
CLEC5A,0.0,,1.0,1.0,Unknown
CLDN8,0.0,,1.0,1.0,Unknown
CLDN9,0.0,,1.0,1.0,Unknown
CLDND1,0.0,,1.0,1.0,Unknown
CLDND2,0.0,,1.0,1.0,Unknown
CLEC10A,0.0,,1.0,1.0,Unknown
CLEC11A,0.0,,1.0,1.0,Unknown
CLEC12A,0.0,,1.0,1.0,Unknown
CLEC12B,0.0,,1.0,1.0,Unknown
CLEC14A,0.0,,1.0,1.0,Unknown
CLEC16A,0.0,,1.0,1.0,Unknown
CLEC17A,0.0,,1.0,1.0,Unknown
CLEC18A,0.0,,1.0,1.0,Unknown
CLEC18B,0.0,,1.0,1.0,Unknown
CLEC18C,0.0,,1.0,1.0,Unknown
CLEC19A,0.0,,1.0,1.0,Unknown
CLEC1A,0.0,,1.0,1.0,Unknown
CLDN15,0.0,,1.0,1.0,Unknown
CLDN16,0.0,,1.0,1.0,Unknown
CLDN17,0.0,,1.0,1.0,Unknown
CLDN18,0.0,,1.0,1.0,Unknown
CLDN19,0.0,,1.0,1.0,Unknown
CLDN2,0.0,,1.0,1.0,Unknown
CLDN20,0.0,,1.0,1.0,Unknown
CLDN22,0.0,,1.0,1.0,Unknown
CLDN23,0.0,,1.0,1.0,Unknown
CLDN24,0.0,,1.0,1.0,Unknown
CLDN25,0.0,,1.0,1.0,Unknown
CLDN3,0.0,,1.0,1.0,Unknown
CLDN4,0.0,,1.0,1.0,Unknown
CLDN5,0.0,,1.0,1.0,Unknown
CLDN6,0.0,,1.0,1.0,Unknown
CLDN7,0.0,,1.0,1.0,Unknown
CLCF1,0.0,,1.0,1.0,Unknown
CLCN1,0.0,,1.0,1.0,Unknown
CLCN2,0.0,,1.0,1.0,Unknown
CLCN3,0.0,,1.0,1.0,Unknown
CLCN4,0.0,,1.0,1.0,Unknown
CLCN5,0.0,,1.0,1.0,Unknown
CLCN6,0.0,,1.0,1.0,Unknown
CLCN7,0.0,,1.0,1.0,Unknown
CLCNKA,0.0,,1.0,1.0,Unknown
CLCNKB,0.0,,1.0,1.0,Unknown
CLDN1,0.0,,1.0,1.0,Unknown
CLDN10,0.0,,1.0,1.0,Unknown
CLDN10-AS1,0.0,,1.0,1.0,Unknown
CLDN11,0.0,,1.0,1.0,Unknown
CLDN12,0.0,,1.0,1.0,Unknown
CLDN14,0.0,,1.0,1.0,Unknown
CKLF-CMTM1,0.0,,1.0,1.0,Unknown
CKM,0.0,,1.0,1.0,Unknown
CKMT1A,0.0,,1.0,1.0,Unknown
CKMT1B,0.0,,1.0,1.0,Unknown
CKMT2,0.0,,1.0,1.0,Unknown
CKS1B,0.0,,1.0,1.0,Unknown
CKS2,0.0,,1.0,1.0,Unknown
CLASP1,0.0,,1.0,1.0,Unknown
CLASP2,0.0,,1.0,1.0,Unknown
CLASRP,0.0,,1.0,1.0,Unknown
CLC,0.0,,1.0,1.0,Unknown
CLCA1,0.0,,1.0,1.0,Unknown
CLCA2,0.0,,1.0,1.0,Unknown
CLCA3P,0.0,,1.0,1.0,Unknown
CLCA4,0.0,,1.0,1.0,Unknown
CLCC1,0.0,,1.0,1.0,Unknown
CIRBP-AS1,0.0,,1.0,1.0,Unknown
CISD1,0.0,,1.0,1.0,Unknown
CISD2,0.0,,1.0,1.0,Unknown
CISD3,0.0,,1.0,1.0,Unknown
CISH,0.0,,1.0,1.0,Unknown
CIT,0.0,,1.0,1.0,Unknown
CITED1,0.0,,1.0,1.0,Unknown
CITED2,0.0,,1.0,1.0,Unknown
CITED4,0.0,,1.0,1.0,Unknown
CIZ1,0.0,,1.0,1.0,Unknown
CKAP2,0.0,,1.0,1.0,Unknown
CKAP2L,0.0,,1.0,1.0,Unknown
CKAP4,0.0,,1.0,1.0,Unknown
CKAP5,0.0,,1.0,1.0,Unknown
CKB,0.0,,1.0,1.0,Unknown
CKLF,0.0,,1.0,1.0,Unknown
CIAPIN1,0.0,,1.0,1.0,Unknown
CIB1,0.0,,1.0,1.0,Unknown
CIB2,0.0,,1.0,1.0,Unknown
CIB3,0.0,,1.0,1.0,Unknown
CIB4,0.0,,1.0,1.0,Unknown
CIC,0.0,,1.0,1.0,Unknown
CIDEA,0.0,,1.0,1.0,Unknown
CIDEB,0.0,,1.0,1.0,Unknown
CIDEC,0.0,,1.0,1.0,Unknown
CIDECP,0.0,,1.0,1.0,Unknown
CIITA,0.0,,1.0,1.0,Unknown
CILP,0.0,,1.0,1.0,Unknown
CILP2,0.0,,1.0,1.0,Unknown
CINP,0.0,,1.0,1.0,Unknown
CIR1,0.0,,1.0,1.0,Unknown
CIRBP,0.0,,1.0,1.0,Unknown
CHST3,0.0,,1.0,1.0,Unknown
CHST4,0.0,,1.0,1.0,Unknown
CHST5,0.0,,1.0,1.0,Unknown
CHST6,0.0,,1.0,1.0,Unknown
CHST7,0.0,,1.0,1.0,Unknown
CHST8,0.0,,1.0,1.0,Unknown
CHST9,0.0,,1.0,1.0,Unknown
CHSY1,0.0,,1.0,1.0,Unknown
CHSY3,0.0,,1.0,1.0,Unknown
CHTF18,0.0,,1.0,1.0,Unknown
CHTF8,0.0,,1.0,1.0,Unknown
CHTOP,0.0,,1.0,1.0,Unknown
CHUK,0.0,,1.0,1.0,Unknown
CHURC1,0.0,,1.0,1.0,Unknown
CHURC1-FNTB,0.0,,1.0,1.0,Unknown
CIAO1,0.0,,1.0,1.0,Unknown
CHRNA9,0.0,,1.0,1.0,Unknown
CHRNB1,0.0,,1.0,1.0,Unknown
CHRNB2,0.0,,1.0,1.0,Unknown
CHRNB3,0.0,,1.0,1.0,Unknown
CHRNB4,0.0,,1.0,1.0,Unknown
CHRND,0.0,,1.0,1.0,Unknown
CHRNE,0.0,,1.0,1.0,Unknown
CHRNG,0.0,,1.0,1.0,Unknown
CHST1,0.0,,1.0,1.0,Unknown
CHST10,0.0,,1.0,1.0,Unknown
CHST11,0.0,,1.0,1.0,Unknown
CHST12,0.0,,1.0,1.0,Unknown
CHST13,0.0,,1.0,1.0,Unknown
CHST14,0.0,,1.0,1.0,Unknown
CHST15,0.0,,1.0,1.0,Unknown
CHST2,0.0,,1.0,1.0,Unknown
CHRDL1,0.0,,1.0,1.0,Unknown
CHRDL2,0.0,,1.0,1.0,Unknown
CHRFAM7A,0.0,,1.0,1.0,Unknown
CHRM1,0.0,,1.0,1.0,Unknown
CHRM2,0.0,,1.0,1.0,Unknown
CHRM3,0.0,,1.0,1.0,Unknown
CHRM4,0.0,,1.0,1.0,Unknown
CHRM5,0.0,,1.0,1.0,Unknown
CHRNA1,0.0,,1.0,1.0,Unknown
CHRNA10,0.0,,1.0,1.0,Unknown
CHRNA2,0.0,,1.0,1.0,Unknown
CHRNA3,0.0,,1.0,1.0,Unknown
CHRNA4,0.0,,1.0,1.0,Unknown
CHRNA5,0.0,,1.0,1.0,Unknown
CHRNA6,0.0,,1.0,1.0,Unknown
CHRNA7,0.0,,1.0,1.0,Unknown
CHMP4C,0.0,,1.0,1.0,Unknown
CHMP5,0.0,,1.0,1.0,Unknown
CHMP6,0.0,,1.0,1.0,Unknown
CHMP7,0.0,,1.0,1.0,Unknown
CHN1,0.0,,1.0,1.0,Unknown
CHN2,0.0,,1.0,1.0,Unknown
CHODL,0.0,,1.0,1.0,Unknown
CHODL-AS1,0.0,,1.0,1.0,Unknown
CHORDC1,0.0,,1.0,1.0,Unknown
CHP1,0.0,,1.0,1.0,Unknown
CHP2,0.0,,1.0,1.0,Unknown
CHPF,0.0,,1.0,1.0,Unknown
CHPF2,0.0,,1.0,1.0,Unknown
CHPT1,0.0,,1.0,1.0,Unknown
CHRAC1,0.0,,1.0,1.0,Unknown
CHRD,0.0,,1.0,1.0,Unknown
CHID1,0.0,,1.0,1.0,Unknown
CHIT1,0.0,,1.0,1.0,Unknown
CHKA,0.0,,1.0,1.0,Unknown
CHKB,0.0,,1.0,1.0,Unknown
CHKB-AS1,0.0,,1.0,1.0,Unknown
CHKB-CPT1B,0.0,,1.0,1.0,Unknown
CHL1,0.0,,1.0,1.0,Unknown
CHM,0.0,,1.0,1.0,Unknown
CHML,0.0,,1.0,1.0,Unknown
CHMP1A,0.0,,1.0,1.0,Unknown
CHMP1B,0.0,,1.0,1.0,Unknown
CHMP2A,0.0,,1.0,1.0,Unknown
CHMP2B,0.0,,1.0,1.0,Unknown
CHMP3,0.0,,1.0,1.0,Unknown
CHMP4A,0.0,,1.0,1.0,Unknown
CHMP4B,0.0,,1.0,1.0,Unknown
CHD8,0.0,,1.0,1.0,Unknown
CHD9,0.0,,1.0,1.0,Unknown
CHDH,0.0,,1.0,1.0,Unknown
CHEK1,0.0,,1.0,1.0,Unknown
CHEK2,0.0,,1.0,1.0,Unknown
CHEK2P2,0.0,,1.0,1.0,Unknown
CHERP,0.0,,1.0,1.0,Unknown
CHFR,0.0,,1.0,1.0,Unknown
CHGA,0.0,,1.0,1.0,Unknown
CHGB,0.0,,1.0,1.0,Unknown
CHI3L1,0.0,,1.0,1.0,Unknown
CHI3L2,0.0,,1.0,1.0,Unknown
CHIA,0.0,,1.0,1.0,Unknown
CHIAP2,0.0,,1.0,1.0,Unknown
CHIC1,0.0,,1.0,1.0,Unknown
CHIC2,0.0,,1.0,1.0,Unknown
CHCHD1,0.0,,1.0,1.0,Unknown
CHCHD10,0.0,,1.0,1.0,Unknown
CHCHD2,0.0,,1.0,1.0,Unknown
CHCHD3,0.0,,1.0,1.0,Unknown
CHCHD4,0.0,,1.0,1.0,Unknown
CHCHD5,0.0,,1.0,1.0,Unknown
CHCHD6,0.0,,1.0,1.0,Unknown
CHCHD7,0.0,,1.0,1.0,Unknown
CHD1,0.0,,1.0,1.0,Unknown
CHD1L,0.0,,1.0,1.0,Unknown
CHD2,0.0,,1.0,1.0,Unknown
CHD3,0.0,,1.0,1.0,Unknown
CHD4,0.0,,1.0,1.0,Unknown
CHD5,0.0,,1.0,1.0,Unknown
CHD6,0.0,,1.0,1.0,Unknown
CHD7,0.0,,1.0,1.0,Unknown
CGB7,0.0,,1.0,1.0,Unknown
CGB8,0.0,,1.0,1.0,Unknown
CGGBP1,0.0,,1.0,1.0,Unknown
CGN,0.0,,1.0,1.0,Unknown
CGNL1,0.0,,1.0,1.0,Unknown
CGREF1,0.0,,1.0,1.0,Unknown
CGRRF1,0.0,,1.0,1.0,Unknown
CH25H,0.0,,1.0,1.0,Unknown
CHAC1,0.0,,1.0,1.0,Unknown
CHAC2,0.0,,1.0,1.0,Unknown
CHAD,0.0,,1.0,1.0,Unknown
CHADL,0.0,,1.0,1.0,Unknown
CHAF1A,0.0,,1.0,1.0,Unknown
CHAF1B,0.0,,1.0,1.0,Unknown
CHAMP1,0.0,,1.0,1.0,Unknown
CHAT,0.0,,1.0,1.0,Unknown
CFHR2,0.0,,1.0,1.0,Unknown
CFHR3,0.0,,1.0,1.0,Unknown
CFHR4,0.0,,1.0,1.0,Unknown
CFHR5,0.0,,1.0,1.0,Unknown
CFI,0.0,,1.0,1.0,Unknown
CFL1,0.0,,1.0,1.0,Unknown
CFL1P1,0.0,,1.0,1.0,Unknown
CFL2,0.0,,1.0,1.0,Unknown
CFLAR,0.0,,1.0,1.0,Unknown
CFLAR-AS1,0.0,,1.0,1.0,Unknown
CFP,0.0,,1.0,1.0,Unknown
CFTR,0.0,,1.0,1.0,Unknown
CGA,0.0,,1.0,1.0,Unknown
CGB1,0.0,,1.0,1.0,Unknown
CGB2,0.0,,1.0,1.0,Unknown
CGB5,0.0,,1.0,1.0,Unknown
CES3,0.0,,1.0,1.0,Unknown
CES4A,0.0,,1.0,1.0,Unknown
CES5A,0.0,,1.0,1.0,Unknown
CES5AP1,0.0,,1.0,1.0,Unknown
CETN1,0.0,,1.0,1.0,Unknown
CETN2,0.0,,1.0,1.0,Unknown
CETN3,0.0,,1.0,1.0,Unknown
CETN4P,0.0,,1.0,1.0,Unknown
CETP,0.0,,1.0,1.0,Unknown
CFB,0.0,,1.0,1.0,Unknown
CFC1,0.0,,1.0,1.0,Unknown
CFC1B,0.0,,1.0,1.0,Unknown
CFD,0.0,,1.0,1.0,Unknown
CFDP1,0.0,,1.0,1.0,Unknown
CFH,0.0,,1.0,1.0,Unknown
CFHR1,0.0,,1.0,1.0,Unknown
CEPT1,0.0,,1.0,1.0,Unknown
CER1,0.0,,1.0,1.0,Unknown
CERCAM,0.0,,1.0,1.0,Unknown
CERK,0.0,,1.0,1.0,Unknown
CERKL,0.0,,1.0,1.0,Unknown
CERS1,0.0,,1.0,1.0,Unknown
CERS2,0.0,,1.0,1.0,Unknown
CERS3,0.0,,1.0,1.0,Unknown
CERS4,0.0,,1.0,1.0,Unknown
CERS5,0.0,,1.0,1.0,Unknown
CERS6,0.0,,1.0,1.0,Unknown
CERS6-AS1,0.0,,1.0,1.0,Unknown
CES1,0.0,,1.0,1.0,Unknown
CES1P1,0.0,,1.0,1.0,Unknown
CES1P2,0.0,,1.0,1.0,Unknown
CES2,0.0,,1.0,1.0,Unknown
CEP41,0.0,,1.0,1.0,Unknown
CEP44,0.0,,1.0,1.0,Unknown
CEP55,0.0,,1.0,1.0,Unknown
CEP57,0.0,,1.0,1.0,Unknown
CEP57L1,0.0,,1.0,1.0,Unknown
CEP63,0.0,,1.0,1.0,Unknown
CEP68,0.0,,1.0,1.0,Unknown
CEP70,0.0,,1.0,1.0,Unknown
CEP72,0.0,,1.0,1.0,Unknown
CEP76,0.0,,1.0,1.0,Unknown
CEP78,0.0,,1.0,1.0,Unknown
CEP85,0.0,,1.0,1.0,Unknown
CEP85L,0.0,,1.0,1.0,Unknown
CEP89,0.0,,1.0,1.0,Unknown
CEP95,0.0,,1.0,1.0,Unknown
CEP97,0.0,,1.0,1.0,Unknown
CENPW,0.0,,1.0,1.0,Unknown
CEP104,0.0,,1.0,1.0,Unknown
CEP112,0.0,,1.0,1.0,Unknown
CEP120,0.0,,1.0,1.0,Unknown
CEP128,0.0,,1.0,1.0,Unknown
CEP135,0.0,,1.0,1.0,Unknown
CEP152,0.0,,1.0,1.0,Unknown
CEP164,0.0,,1.0,1.0,Unknown
CEP170,0.0,,1.0,1.0,Unknown
CEP170B,0.0,,1.0,1.0,Unknown
CEP170P1,0.0,,1.0,1.0,Unknown
CEP19,0.0,,1.0,1.0,Unknown
CEP192,0.0,,1.0,1.0,Unknown
CEP250,0.0,,1.0,1.0,Unknown
CEP290,0.0,,1.0,1.0,Unknown
CEP350,0.0,,1.0,1.0,Unknown
CENPB,0.0,,1.0,1.0,Unknown
CENPBD1,0.0,,1.0,1.0,Unknown
CENPE,0.0,,1.0,1.0,Unknown
CENPF,0.0,,1.0,1.0,Unknown
CENPH,0.0,,1.0,1.0,Unknown
CENPI,0.0,,1.0,1.0,Unknown
CENPJ,0.0,,1.0,1.0,Unknown
CENPK,0.0,,1.0,1.0,Unknown
CENPL,0.0,,1.0,1.0,Unknown
CENPM,0.0,,1.0,1.0,Unknown
CENPN,0.0,,1.0,1.0,Unknown
CENPO,0.0,,1.0,1.0,Unknown
CENPP,0.0,,1.0,1.0,Unknown
CENPQ,0.0,,1.0,1.0,Unknown
CENPT,0.0,,1.0,1.0,Unknown
CENPV,0.0,,1.0,1.0,Unknown
CELA3A,0.0,,1.0,1.0,Unknown
CELA3B,0.0,,1.0,1.0,Unknown
CELF1,0.0,,1.0,1.0,Unknown
CELF2,0.0,,1.0,1.0,Unknown
CELF2-AS2,0.0,,1.0,1.0,Unknown
CELF3,0.0,,1.0,1.0,Unknown
CELF4,0.0,,1.0,1.0,Unknown
CELF5,0.0,,1.0,1.0,Unknown
CELF6,0.0,,1.0,1.0,Unknown
CELP,0.0,,1.0,1.0,Unknown
CELSR1,0.0,,1.0,1.0,Unknown
CELSR2,0.0,,1.0,1.0,Unknown
CELSR3,0.0,,1.0,1.0,Unknown
CEMP1,0.0,,1.0,1.0,Unknown
CEND1,0.0,,1.0,1.0,Unknown
CENPA,0.0,,1.0,1.0,Unknown
CEACAM8,0.0,,1.0,1.0,Unknown
CEBPA,0.0,,1.0,1.0,Unknown
CEBPA-AS1,0.0,,1.0,1.0,Unknown
CEBPB,0.0,,1.0,1.0,Unknown
CEBPD,0.0,,1.0,1.0,Unknown
CEBPE,0.0,,1.0,1.0,Unknown
CEBPG,0.0,,1.0,1.0,Unknown
CEBPZ,0.0,,1.0,1.0,Unknown
CECR2,0.0,,1.0,1.0,Unknown
CECR3,0.0,,1.0,1.0,Unknown
CECR6,0.0,,1.0,1.0,Unknown
CECR7,0.0,,1.0,1.0,Unknown
CEL,0.0,,1.0,1.0,Unknown
CELA1,0.0,,1.0,1.0,Unknown
CELA2A,0.0,,1.0,1.0,Unknown
CELA2B,0.0,,1.0,1.0,Unknown
CDY1B,0.0,,1.0,1.0,Unknown
CDY2A,0.0,,1.0,1.0,Unknown
CDY2B,0.0,,1.0,1.0,Unknown
CDYL,0.0,,1.0,1.0,Unknown
CDYL2,0.0,,1.0,1.0,Unknown
CEACAM1,0.0,,1.0,1.0,Unknown
CEACAM16,0.0,,1.0,1.0,Unknown
CEACAM19,0.0,,1.0,1.0,Unknown
CEACAM20,0.0,,1.0,1.0,Unknown
CEACAM21,0.0,,1.0,1.0,Unknown
CEACAM22P,0.0,,1.0,1.0,Unknown
CEACAM3,0.0,,1.0,1.0,Unknown
CEACAM4,0.0,,1.0,1.0,Unknown
CEACAM5,0.0,,1.0,1.0,Unknown
CEACAM6,0.0,,1.0,1.0,Unknown
CEACAM7,0.0,,1.0,1.0,Unknown
CDRT15,0.0,,1.0,1.0,Unknown
CDRT15L2,0.0,,1.0,1.0,Unknown
CDRT15P1,0.0,,1.0,1.0,Unknown
CDRT15P2,0.0,,1.0,1.0,Unknown
CDRT4,0.0,,1.0,1.0,Unknown
CDRT7,0.0,,1.0,1.0,Unknown
CDRT8,0.0,,1.0,1.0,Unknown
CDS1,0.0,,1.0,1.0,Unknown
CDS2,0.0,,1.0,1.0,Unknown
CDSN,0.0,,1.0,1.0,Unknown
CDT1,0.0,,1.0,1.0,Unknown
CDV3,0.0,,1.0,1.0,Unknown
CDX1,0.0,,1.0,1.0,Unknown
CDX2,0.0,,1.0,1.0,Unknown
CDX4,0.0,,1.0,1.0,Unknown
CDY1,0.0,,1.0,1.0,Unknown
CDKN2A,0.0,,1.0,1.0,Unknown
CDKN2AIP,0.0,,1.0,1.0,Unknown
CDKN2AIPNL,0.0,,1.0,1.0,Unknown
CDKN2B,0.0,,1.0,1.0,Unknown
CDKN2B-AS1,0.0,,1.0,1.0,Unknown
CDKN2C,0.0,,1.0,1.0,Unknown
CDKN2D,0.0,,1.0,1.0,Unknown
CDKN3,0.0,,1.0,1.0,Unknown
CDNF,0.0,,1.0,1.0,Unknown
CDO1,0.0,,1.0,1.0,Unknown
CDON,0.0,,1.0,1.0,Unknown
CDPF1,0.0,,1.0,1.0,Unknown
CDR1,0.0,,1.0,1.0,Unknown
CDR2,0.0,,1.0,1.0,Unknown
CDR2L,0.0,,1.0,1.0,Unknown
CDRT1,0.0,,1.0,1.0,Unknown
CDK5RAP1,0.0,,1.0,1.0,Unknown
CDK5RAP2,0.0,,1.0,1.0,Unknown
CDK5RAP3,0.0,,1.0,1.0,Unknown
CDK6,0.0,,1.0,1.0,Unknown
CDK7,0.0,,1.0,1.0,Unknown
CDK8,0.0,,1.0,1.0,Unknown
CDK9,0.0,,1.0,1.0,Unknown
CDKAL1,0.0,,1.0,1.0,Unknown
CDKL1,0.0,,1.0,1.0,Unknown
CDKL2,0.0,,1.0,1.0,Unknown
CDKL3,0.0,,1.0,1.0,Unknown
CDKL4,0.0,,1.0,1.0,Unknown
CDKL5,0.0,,1.0,1.0,Unknown
CDKN1A,0.0,,1.0,1.0,Unknown
CDKN1B,0.0,,1.0,1.0,Unknown
CDKN1C,0.0,,1.0,1.0,Unknown
CDK13,0.0,,1.0,1.0,Unknown
CDK14,0.0,,1.0,1.0,Unknown
CDK15,0.0,,1.0,1.0,Unknown
CDK16,0.0,,1.0,1.0,Unknown
CDK17,0.0,,1.0,1.0,Unknown
CDK18,0.0,,1.0,1.0,Unknown
CDK19,0.0,,1.0,1.0,Unknown
CDK2,0.0,,1.0,1.0,Unknown
CDK20,0.0,,1.0,1.0,Unknown
CDK2AP1,0.0,,1.0,1.0,Unknown
CDK2AP2,0.0,,1.0,1.0,Unknown
CDK3,0.0,,1.0,1.0,Unknown
CDK4,0.0,,1.0,1.0,Unknown
CDK5,0.0,,1.0,1.0,Unknown
CDK5R1,0.0,,1.0,1.0,Unknown
CDK5R2,0.0,,1.0,1.0,Unknown
CDH7,0.0,,1.0,1.0,Unknown
CDH8,0.0,,1.0,1.0,Unknown
CDH9,0.0,,1.0,1.0,Unknown
CDHR1,0.0,,1.0,1.0,Unknown
CDHR2,0.0,,1.0,1.0,Unknown
CDHR3,0.0,,1.0,1.0,Unknown
CDHR4,0.0,,1.0,1.0,Unknown
CDHR5,0.0,,1.0,1.0,Unknown
CDIP1,0.0,,1.0,1.0,Unknown
CDIPT,0.0,,1.0,1.0,Unknown
CDIPT-AS1,0.0,,1.0,1.0,Unknown
CDK1,0.0,,1.0,1.0,Unknown
CDK10,0.0,,1.0,1.0,Unknown
CDK11A,0.0,,1.0,1.0,Unknown
CDK11B,0.0,,1.0,1.0,Unknown
CDK12,0.0,,1.0,1.0,Unknown
CDH13,0.0,,1.0,1.0,Unknown
CDH15,0.0,,1.0,1.0,Unknown
CDH16,0.0,,1.0,1.0,Unknown
CDH17,0.0,,1.0,1.0,Unknown
CDH18,0.0,,1.0,1.0,Unknown
CDH19,0.0,,1.0,1.0,Unknown
CDH2,0.0,,1.0,1.0,Unknown
CDH20,0.0,,1.0,1.0,Unknown
CDH22,0.0,,1.0,1.0,Unknown
CDH23,0.0,,1.0,1.0,Unknown
CDH24,0.0,,1.0,1.0,Unknown
CDH26,0.0,,1.0,1.0,Unknown
CDH3,0.0,,1.0,1.0,Unknown
CDH4,0.0,,1.0,1.0,Unknown
CDH5,0.0,,1.0,1.0,Unknown
CDH6,0.0,,1.0,1.0,Unknown
CDC6,0.0,,1.0,1.0,Unknown
CDC7,0.0,,1.0,1.0,Unknown
CDC73,0.0,,1.0,1.0,Unknown
CDCA2,0.0,,1.0,1.0,Unknown
CDCA3,0.0,,1.0,1.0,Unknown
CDCA4,0.0,,1.0,1.0,Unknown
CDCA5,0.0,,1.0,1.0,Unknown
CDCA7,0.0,,1.0,1.0,Unknown
CDCA7L,0.0,,1.0,1.0,Unknown
CDCA8,0.0,,1.0,1.0,Unknown
CDCP1,0.0,,1.0,1.0,Unknown
CDCP2,0.0,,1.0,1.0,Unknown
CDH1,0.0,,1.0,1.0,Unknown
CDH10,0.0,,1.0,1.0,Unknown
CDH11,0.0,,1.0,1.0,Unknown
CDH12,0.0,,1.0,1.0,Unknown
CDC37L1,0.0,,1.0,1.0,Unknown
CDC40,0.0,,1.0,1.0,Unknown
CDC42,0.0,,1.0,1.0,Unknown
CDC42BPA,0.0,,1.0,1.0,Unknown
CDC42BPB,0.0,,1.0,1.0,Unknown
CDC42BPG,0.0,,1.0,1.0,Unknown
CDC42EP1,0.0,,1.0,1.0,Unknown
CDC42EP2,0.0,,1.0,1.0,Unknown
CDC42EP3,0.0,,1.0,1.0,Unknown
CDC42EP4,0.0,,1.0,1.0,Unknown
CDC42EP5,0.0,,1.0,1.0,Unknown
CDC42P3,0.0,,1.0,1.0,Unknown
CDC42SE1,0.0,,1.0,1.0,Unknown
CDC42SE2,0.0,,1.0,1.0,Unknown
CDC45,0.0,,1.0,1.0,Unknown
CDC5L,0.0,,1.0,1.0,Unknown
CDAN1,0.0,,1.0,1.0,Unknown
CDC123,0.0,,1.0,1.0,Unknown
CDC14A,0.0,,1.0,1.0,Unknown
CDC14B,0.0,,1.0,1.0,Unknown
CDC14C,0.0,,1.0,1.0,Unknown
CDC16,0.0,,1.0,1.0,Unknown
CDC20,0.0,,1.0,1.0,Unknown
CDC20B,0.0,,1.0,1.0,Unknown
CDC23,0.0,,1.0,1.0,Unknown
CDC25A,0.0,,1.0,1.0,Unknown
CDC25B,0.0,,1.0,1.0,Unknown
CDC25C,0.0,,1.0,1.0,Unknown
CDC26,0.0,,1.0,1.0,Unknown
CDC27,0.0,,1.0,1.0,Unknown
CDC34,0.0,,1.0,1.0,Unknown
CDC37,0.0,,1.0,1.0,Unknown
CD80,0.0,,1.0,1.0,Unknown
CD81,0.0,,1.0,1.0,Unknown
CD82,0.0,,1.0,1.0,Unknown
CD83,0.0,,1.0,1.0,Unknown
CD84,0.0,,1.0,1.0,Unknown
CD86,0.0,,1.0,1.0,Unknown
CD8A,0.0,,1.0,1.0,Unknown
CD8B,0.0,,1.0,1.0,Unknown
CD9,0.0,,1.0,1.0,Unknown
CD93,0.0,,1.0,1.0,Unknown
CD96,0.0,,1.0,1.0,Unknown
CD99,0.0,,1.0,1.0,Unknown
CD99L2,0.0,,1.0,1.0,Unknown
CD99P1,0.0,,1.0,1.0,Unknown
CDA,0.0,,1.0,1.0,Unknown
CDADC1,0.0,,1.0,1.0,Unknown
CD52,0.0,,1.0,1.0,Unknown
CD53,0.0,,1.0,1.0,Unknown
CD55,0.0,,1.0,1.0,Unknown
CD58,0.0,,1.0,1.0,Unknown
CD59,0.0,,1.0,1.0,Unknown
CD5L,0.0,,1.0,1.0,Unknown
CD6,0.0,,1.0,1.0,Unknown
CD63,0.0,,1.0,1.0,Unknown
CD68,0.0,,1.0,1.0,Unknown
CD69,0.0,,1.0,1.0,Unknown
CD7,0.0,,1.0,1.0,Unknown
CD70,0.0,,1.0,1.0,Unknown
CD72,0.0,,1.0,1.0,Unknown
CD74,0.0,,1.0,1.0,Unknown
CD79A,0.0,,1.0,1.0,Unknown
CD79B,0.0,,1.0,1.0,Unknown
CD34,0.0,,1.0,1.0,Unknown
CD36,0.0,,1.0,1.0,Unknown
CD37,0.0,,1.0,1.0,Unknown
CD38,0.0,,1.0,1.0,Unknown
CD3D,0.0,,1.0,1.0,Unknown
CD3E,0.0,,1.0,1.0,Unknown
CD3EAP,0.0,,1.0,1.0,Unknown
CD3G,0.0,,1.0,1.0,Unknown
CD4,0.0,,1.0,1.0,Unknown
CD40,0.0,,1.0,1.0,Unknown
CD40LG,0.0,,1.0,1.0,Unknown
CD44,0.0,,1.0,1.0,Unknown
CD46,0.0,,1.0,1.0,Unknown
CD47,0.0,,1.0,1.0,Unknown
CD48,0.0,,1.0,1.0,Unknown
CD5,0.0,,1.0,1.0,Unknown
CD27-AS1,0.0,,1.0,1.0,Unknown
CD274,0.0,,1.0,1.0,Unknown
CD276,0.0,,1.0,1.0,Unknown
CD28,0.0,,1.0,1.0,Unknown
CD2AP,0.0,,1.0,1.0,Unknown
CD2BP2,0.0,,1.0,1.0,Unknown
CD300A,0.0,,1.0,1.0,Unknown
CD300C,0.0,,1.0,1.0,Unknown
CD300E,0.0,,1.0,1.0,Unknown
CD300LB,0.0,,1.0,1.0,Unknown
CD300LD,0.0,,1.0,1.0,Unknown
CD300LF,0.0,,1.0,1.0,Unknown
CD300LG,0.0,,1.0,1.0,Unknown
CD302,0.0,,1.0,1.0,Unknown
CD320,0.0,,1.0,1.0,Unknown
CD33,0.0,,1.0,1.0,Unknown
CD1C,0.0,,1.0,1.0,Unknown
CD1D,0.0,,1.0,1.0,Unknown
CD1E,0.0,,1.0,1.0,Unknown
CD2,0.0,,1.0,1.0,Unknown
CD200,0.0,,1.0,1.0,Unknown
CD200R1,0.0,,1.0,1.0,Unknown
CD200R1L,0.0,,1.0,1.0,Unknown
CD207,0.0,,1.0,1.0,Unknown
CD209,0.0,,1.0,1.0,Unknown
CD22,0.0,,1.0,1.0,Unknown
CD226,0.0,,1.0,1.0,Unknown
CD24,0.0,,1.0,1.0,Unknown
CD244,0.0,,1.0,1.0,Unknown
CD247,0.0,,1.0,1.0,Unknown
CD248,0.0,,1.0,1.0,Unknown
CD27,0.0,,1.0,1.0,Unknown
CCZ1,0.0,,1.0,1.0,Unknown
CCZ1B,0.0,,1.0,1.0,Unknown
CD101,0.0,,1.0,1.0,Unknown
CD109,0.0,,1.0,1.0,Unknown
CD14,0.0,,1.0,1.0,Unknown
CD151,0.0,,1.0,1.0,Unknown
CD160,0.0,,1.0,1.0,Unknown
CD163,0.0,,1.0,1.0,Unknown
CD163L1,0.0,,1.0,1.0,Unknown
CD164,0.0,,1.0,1.0,Unknown
CD164L2,0.0,,1.0,1.0,Unknown
CD177,0.0,,1.0,1.0,Unknown
CD180,0.0,,1.0,1.0,Unknown
CD19,0.0,,1.0,1.0,Unknown
CD1A,0.0,,1.0,1.0,Unknown
CD1B,0.0,,1.0,1.0,Unknown
CCRL2,0.0,,1.0,1.0,Unknown
CCS,0.0,,1.0,1.0,Unknown
CCSAP,0.0,,1.0,1.0,Unknown
CCSER1,0.0,,1.0,1.0,Unknown
CCSER2,0.0,,1.0,1.0,Unknown
CCT2,0.0,,1.0,1.0,Unknown
CCT3,0.0,,1.0,1.0,Unknown
CCT4,0.0,,1.0,1.0,Unknown
CCT5,0.0,,1.0,1.0,Unknown
CCT6A,0.0,,1.0,1.0,Unknown
CCT6B,0.0,,1.0,1.0,Unknown
CCT6P1,0.0,,1.0,1.0,Unknown
CCT6P3,0.0,,1.0,1.0,Unknown
CCT7,0.0,,1.0,1.0,Unknown
CCT8,0.0,,1.0,1.0,Unknown
CCT8L2,0.0,,1.0,1.0,Unknown
CCNT1,0.0,,1.0,1.0,Unknown
CCNT2,0.0,,1.0,1.0,Unknown
CCNY,0.0,,1.0,1.0,Unknown
CCNYL1,0.0,,1.0,1.0,Unknown
CCP110,0.0,,1.0,1.0,Unknown
CCPG1,0.0,,1.0,1.0,Unknown
CCR1,0.0,,1.0,1.0,Unknown
CCR10,0.0,,1.0,1.0,Unknown
CCR2,0.0,,1.0,1.0,Unknown
CCR3,0.0,,1.0,1.0,Unknown
CCR4,0.0,,1.0,1.0,Unknown
CCR5,0.0,,1.0,1.0,Unknown
CCR6,0.0,,1.0,1.0,Unknown
CCR7,0.0,,1.0,1.0,Unknown
CCR8,0.0,,1.0,1.0,Unknown
CCR9,0.0,,1.0,1.0,Unknown
CCND3,0.0,,1.0,1.0,Unknown
CCNDBP1,0.0,,1.0,1.0,Unknown
CCNE1,0.0,,1.0,1.0,Unknown
CCNE2,0.0,,1.0,1.0,Unknown
CCNF,0.0,,1.0,1.0,Unknown
CCNG1,0.0,,1.0,1.0,Unknown
CCNG2,0.0,,1.0,1.0,Unknown
CCNH,0.0,,1.0,1.0,Unknown
CCNI,0.0,,1.0,1.0,Unknown
CCNI2,0.0,,1.0,1.0,Unknown
CCNJ,0.0,,1.0,1.0,Unknown
CCNJL,0.0,,1.0,1.0,Unknown
CCNK,0.0,,1.0,1.0,Unknown
CCNL1,0.0,,1.0,1.0,Unknown
CCNL2,0.0,,1.0,1.0,Unknown
CCNO,0.0,,1.0,1.0,Unknown
CCL4,0.0,,1.0,1.0,Unknown
CCL4L2,0.0,,1.0,1.0,Unknown
CCL5,0.0,,1.0,1.0,Unknown
CCL7,0.0,,1.0,1.0,Unknown
CCL8,0.0,,1.0,1.0,Unknown
CCM2,0.0,,1.0,1.0,Unknown
CCM2L,0.0,,1.0,1.0,Unknown
CCNA1,0.0,,1.0,1.0,Unknown
CCNA2,0.0,,1.0,1.0,Unknown
CCNB1,0.0,,1.0,1.0,Unknown
CCNB1IP1,0.0,,1.0,1.0,Unknown
CCNB2,0.0,,1.0,1.0,Unknown
CCNB3,0.0,,1.0,1.0,Unknown
CCNC,0.0,,1.0,1.0,Unknown
CCND1,0.0,,1.0,1.0,Unknown
CCND2,0.0,,1.0,1.0,Unknown
CCL17,0.0,,1.0,1.0,Unknown
CCL18,0.0,,1.0,1.0,Unknown
CCL19,0.0,,1.0,1.0,Unknown
CCL2,0.0,,1.0,1.0,Unknown
CCL20,0.0,,1.0,1.0,Unknown
CCL21,0.0,,1.0,1.0,Unknown
CCL22,0.0,,1.0,1.0,Unknown
CCL23,0.0,,1.0,1.0,Unknown
CCL24,0.0,,1.0,1.0,Unknown
CCL25,0.0,,1.0,1.0,Unknown
CCL26,0.0,,1.0,1.0,Unknown
CCL27,0.0,,1.0,1.0,Unknown
CCL28,0.0,,1.0,1.0,Unknown
CCL3,0.0,,1.0,1.0,Unknown
CCL3L1,0.0,,1.0,1.0,Unknown
CCL3L3,0.0,,1.0,1.0,Unknown
CCDC94,0.0,,1.0,1.0,Unknown
CCDC96,0.0,,1.0,1.0,Unknown
CCDC97,0.0,,1.0,1.0,Unknown
CCER1,0.0,,1.0,1.0,Unknown
CCHCR1,0.0,,1.0,1.0,Unknown
CCIN,0.0,,1.0,1.0,Unknown
CCK,0.0,,1.0,1.0,Unknown
CCKAR,0.0,,1.0,1.0,Unknown
CCKBR,0.0,,1.0,1.0,Unknown
CCL1,0.0,,1.0,1.0,Unknown
CCL11,0.0,,1.0,1.0,Unknown
CCL13,0.0,,1.0,1.0,Unknown
CCL14,0.0,,1.0,1.0,Unknown
CCL15,0.0,,1.0,1.0,Unknown
CCL15-CCL14,0.0,,1.0,1.0,Unknown
CCL16,0.0,,1.0,1.0,Unknown
CCDC83,0.0,,1.0,1.0,Unknown
CCDC84,0.0,,1.0,1.0,Unknown
CCDC85A,0.0,,1.0,1.0,Unknown
CCDC85B,0.0,,1.0,1.0,Unknown
CCDC85C,0.0,,1.0,1.0,Unknown
CCDC86,0.0,,1.0,1.0,Unknown
CCDC87,0.0,,1.0,1.0,Unknown
CCDC88A,0.0,,1.0,1.0,Unknown
CCDC88B,0.0,,1.0,1.0,Unknown
CCDC88C,0.0,,1.0,1.0,Unknown
CCDC89,0.0,,1.0,1.0,Unknown
CCDC9,0.0,,1.0,1.0,Unknown
CCDC90B,0.0,,1.0,1.0,Unknown
CCDC91,0.0,,1.0,1.0,Unknown
CCDC92,0.0,,1.0,1.0,Unknown
CCDC93,0.0,,1.0,1.0,Unknown
CCDC66,0.0,,1.0,1.0,Unknown
CCDC68,0.0,,1.0,1.0,Unknown
CCDC69,0.0,,1.0,1.0,Unknown
CCDC7,0.0,,1.0,1.0,Unknown
CCDC70,0.0,,1.0,1.0,Unknown
CCDC71,0.0,,1.0,1.0,Unknown
CCDC71L,0.0,,1.0,1.0,Unknown
CCDC73,0.0,,1.0,1.0,Unknown
CCDC74A,0.0,,1.0,1.0,Unknown
CCDC74B,0.0,,1.0,1.0,Unknown
CCDC77,0.0,,1.0,1.0,Unknown
CCDC78,0.0,,1.0,1.0,Unknown
CCDC8,0.0,,1.0,1.0,Unknown
CCDC80,0.0,,1.0,1.0,Unknown
CCDC81,0.0,,1.0,1.0,Unknown
CCDC82,0.0,,1.0,1.0,Unknown
CCDC40,0.0,,1.0,1.0,Unknown
CCDC42,0.0,,1.0,1.0,Unknown
CCDC43,0.0,,1.0,1.0,Unknown
CCDC47,0.0,,1.0,1.0,Unknown
CCDC50,0.0,,1.0,1.0,Unknown
CCDC51,0.0,,1.0,1.0,Unknown
CCDC54,0.0,,1.0,1.0,Unknown
CCDC57,0.0,,1.0,1.0,Unknown
CCDC58,0.0,,1.0,1.0,Unknown
CCDC59,0.0,,1.0,1.0,Unknown
CCDC6,0.0,,1.0,1.0,Unknown
CCDC60,0.0,,1.0,1.0,Unknown
CCDC61,0.0,,1.0,1.0,Unknown
CCDC62,0.0,,1.0,1.0,Unknown
CCDC63,0.0,,1.0,1.0,Unknown
CCDC65,0.0,,1.0,1.0,Unknown
CCDC18,0.0,,1.0,1.0,Unknown
CCDC180,0.0,,1.0,1.0,Unknown
CCDC181,0.0,,1.0,1.0,Unknown
CCDC22,0.0,,1.0,1.0,Unknown
CCDC24,0.0,,1.0,1.0,Unknown
CCDC25,0.0,,1.0,1.0,Unknown
CCDC27,0.0,,1.0,1.0,Unknown
CCDC28A,0.0,,1.0,1.0,Unknown
CCDC28B,0.0,,1.0,1.0,Unknown
CCDC3,0.0,,1.0,1.0,Unknown
CCDC30,0.0,,1.0,1.0,Unknown
CCDC33,0.0,,1.0,1.0,Unknown
CCDC34,0.0,,1.0,1.0,Unknown
CCDC36,0.0,,1.0,1.0,Unknown
CCDC38,0.0,,1.0,1.0,Unknown
CCDC39,0.0,,1.0,1.0,Unknown
CCDC162P,0.0,,1.0,1.0,Unknown
CCDC166,0.0,,1.0,1.0,Unknown
CCDC167,0.0,,1.0,1.0,Unknown
CCDC168,0.0,,1.0,1.0,Unknown
CCDC169,0.0,,1.0,1.0,Unknown
CCDC169-SOHLH2,0.0,,1.0,1.0,Unknown
CCDC17,0.0,,1.0,1.0,Unknown
CCDC170,0.0,,1.0,1.0,Unknown
CCDC171,0.0,,1.0,1.0,Unknown
CCDC172,0.0,,1.0,1.0,Unknown
CCDC173,0.0,,1.0,1.0,Unknown
CCDC174,0.0,,1.0,1.0,Unknown
CCDC175,0.0,,1.0,1.0,Unknown
CCDC177,0.0,,1.0,1.0,Unknown
CCDC178,0.0,,1.0,1.0,Unknown
CCDC179,0.0,,1.0,1.0,Unknown
CCDC144NL,0.0,,1.0,1.0,Unknown
CCDC146,0.0,,1.0,1.0,Unknown
CCDC148,0.0,,1.0,1.0,Unknown
CCDC148-AS1,0.0,,1.0,1.0,Unknown
CCDC149,0.0,,1.0,1.0,Unknown
CCDC15,0.0,,1.0,1.0,Unknown
CCDC150,0.0,,1.0,1.0,Unknown
CCDC151,0.0,,1.0,1.0,Unknown
CCDC152,0.0,,1.0,1.0,Unknown
CCDC153,0.0,,1.0,1.0,Unknown
CCDC154,0.0,,1.0,1.0,Unknown
CCDC155,0.0,,1.0,1.0,Unknown
CCDC157,0.0,,1.0,1.0,Unknown
CCDC158,0.0,,1.0,1.0,Unknown
CCDC159,0.0,,1.0,1.0,Unknown
CCDC160,0.0,,1.0,1.0,Unknown
CCDC127,0.0,,1.0,1.0,Unknown
CCDC129,0.0,,1.0,1.0,Unknown
CCDC13,0.0,,1.0,1.0,Unknown
CCDC13-AS1,0.0,,1.0,1.0,Unknown
CCDC130,0.0,,1.0,1.0,Unknown
CCDC134,0.0,,1.0,1.0,Unknown
CCDC136,0.0,,1.0,1.0,Unknown
CCDC137,0.0,,1.0,1.0,Unknown
CCDC138,0.0,,1.0,1.0,Unknown
CCDC14,0.0,,1.0,1.0,Unknown
CCDC140,0.0,,1.0,1.0,Unknown
CCDC141,0.0,,1.0,1.0,Unknown
CCDC142,0.0,,1.0,1.0,Unknown
CCDC144A,0.0,,1.0,1.0,Unknown
CCDC144B,0.0,,1.0,1.0,Unknown
CCDC144CP,0.0,,1.0,1.0,Unknown
CCDC106,0.0,,1.0,1.0,Unknown
CCDC107,0.0,,1.0,1.0,Unknown
CCDC110,0.0,,1.0,1.0,Unknown
CCDC112,0.0,,1.0,1.0,Unknown
CCDC113,0.0,,1.0,1.0,Unknown
CCDC114,0.0,,1.0,1.0,Unknown
CCDC115,0.0,,1.0,1.0,Unknown
CCDC116,0.0,,1.0,1.0,Unknown
CCDC117,0.0,,1.0,1.0,Unknown
CCDC12,0.0,,1.0,1.0,Unknown
CCDC120,0.0,,1.0,1.0,Unknown
CCDC121,0.0,,1.0,1.0,Unknown
CCDC122,0.0,,1.0,1.0,Unknown
CCDC124,0.0,,1.0,1.0,Unknown
CCDC125,0.0,,1.0,1.0,Unknown
CCDC126,0.0,,1.0,1.0,Unknown
CBX5,0.0,,1.0,1.0,Unknown
CBX6,0.0,,1.0,1.0,Unknown
CBX7,0.0,,1.0,1.0,Unknown
CBX8,0.0,,1.0,1.0,Unknown
CBY1,0.0,,1.0,1.0,Unknown
CBY3,0.0,,1.0,1.0,Unknown
CC2D1A,0.0,,1.0,1.0,Unknown
CC2D1B,0.0,,1.0,1.0,Unknown
CC2D2A,0.0,,1.0,1.0,Unknown
CC2D2B,0.0,,1.0,1.0,Unknown
CCAR1,0.0,,1.0,1.0,Unknown
CCBE1,0.0,,1.0,1.0,Unknown
CCDC102A,0.0,,1.0,1.0,Unknown
CCDC102B,0.0,,1.0,1.0,Unknown
CCDC103,0.0,,1.0,1.0,Unknown
CCDC105,0.0,,1.0,1.0,Unknown
CBLN3,0.0,,1.0,1.0,Unknown
CBLN4,0.0,,1.0,1.0,Unknown
CBR1,0.0,,1.0,1.0,Unknown
CBR3,0.0,,1.0,1.0,Unknown
CBR3-AS1,0.0,,1.0,1.0,Unknown
CBR4,0.0,,1.0,1.0,Unknown
CBS,0.0,,1.0,1.0,Unknown
CBWD1,0.0,,1.0,1.0,Unknown
CBWD2,0.0,,1.0,1.0,Unknown
CBWD3,0.0,,1.0,1.0,Unknown
CBWD5,0.0,,1.0,1.0,Unknown
CBWD6,0.0,,1.0,1.0,Unknown
CBX1,0.0,,1.0,1.0,Unknown
CBX2,0.0,,1.0,1.0,Unknown
CBX3,0.0,,1.0,1.0,Unknown
CBX4,0.0,,1.0,1.0,Unknown
CATSPER4,0.0,,1.0,1.0,Unknown
CATSPERB,0.0,,1.0,1.0,Unknown
CATSPERD,0.0,,1.0,1.0,Unknown
CATSPERG,0.0,,1.0,1.0,Unknown
CAV1,0.0,,1.0,1.0,Unknown
CAV2,0.0,,1.0,1.0,Unknown
CAV3,0.0,,1.0,1.0,Unknown
CBFA2T2,0.0,,1.0,1.0,Unknown
CBFA2T3,0.0,,1.0,1.0,Unknown
CBFB,0.0,,1.0,1.0,Unknown
CBL,0.0,,1.0,1.0,Unknown
CBLB,0.0,,1.0,1.0,Unknown
CBLC,0.0,,1.0,1.0,Unknown
CBLL1,0.0,,1.0,1.0,Unknown
CBLN1,0.0,,1.0,1.0,Unknown
CBLN2,0.0,,1.0,1.0,Unknown
CASP6,0.0,,1.0,1.0,Unknown
CASP7,0.0,,1.0,1.0,Unknown
CASP8,0.0,,1.0,1.0,Unknown
CASP8AP2,0.0,,1.0,1.0,Unknown
CASP9,0.0,,1.0,1.0,Unknown
CASQ1,0.0,,1.0,1.0,Unknown
CASQ2,0.0,,1.0,1.0,Unknown
CASR,0.0,,1.0,1.0,Unknown
CASS4,0.0,,1.0,1.0,Unknown
CAST,0.0,,1.0,1.0,Unknown
CASZ1,0.0,,1.0,1.0,Unknown
CAT,0.0,,1.0,1.0,Unknown
CATSPER1,0.0,,1.0,1.0,Unknown
CATSPER2,0.0,,1.0,1.0,Unknown
CATSPER2P1,0.0,,1.0,1.0,Unknown
CATSPER3,0.0,,1.0,1.0,Unknown
CASC1,0.0,,1.0,1.0,Unknown
CASC2,0.0,,1.0,1.0,Unknown
CASC3,0.0,,1.0,1.0,Unknown
CASC4,0.0,,1.0,1.0,Unknown
CASD1,0.0,,1.0,1.0,Unknown
CASK,0.0,,1.0,1.0,Unknown
CASKIN1,0.0,,1.0,1.0,Unknown
CASKIN2,0.0,,1.0,1.0,Unknown
CASP1,0.0,,1.0,1.0,Unknown
CASP10,0.0,,1.0,1.0,Unknown
CASP12,0.0,,1.0,1.0,Unknown
CASP14,0.0,,1.0,1.0,Unknown
CASP2,0.0,,1.0,1.0,Unknown
CASP3,0.0,,1.0,1.0,Unknown
CASP4,0.0,,1.0,1.0,Unknown
CASP5,0.0,,1.0,1.0,Unknown
CARD10,0.0,,1.0,1.0,Unknown
CARD11,0.0,,1.0,1.0,Unknown
CARD14,0.0,,1.0,1.0,Unknown
CARD16,0.0,,1.0,1.0,Unknown
CARD17,0.0,,1.0,1.0,Unknown
CARD18,0.0,,1.0,1.0,Unknown
CARD6,0.0,,1.0,1.0,Unknown
CARD8,0.0,,1.0,1.0,Unknown
CARD9,0.0,,1.0,1.0,Unknown
CARF,0.0,,1.0,1.0,Unknown
CARHSP1,0.0,,1.0,1.0,Unknown
CARM1,0.0,,1.0,1.0,Unknown
CARNS1,0.0,,1.0,1.0,Unknown
CARS,0.0,,1.0,1.0,Unknown
CARS2,0.0,,1.0,1.0,Unknown
CARTPT,0.0,,1.0,1.0,Unknown
CAPN5,0.0,,1.0,1.0,Unknown
CAPN6,0.0,,1.0,1.0,Unknown
CAPN7,0.0,,1.0,1.0,Unknown
CAPN8,0.0,,1.0,1.0,Unknown
CAPN9,0.0,,1.0,1.0,Unknown
CAPNS1,0.0,,1.0,1.0,Unknown
CAPNS2,0.0,,1.0,1.0,Unknown
CAPRIN1,0.0,,1.0,1.0,Unknown
CAPRIN2,0.0,,1.0,1.0,Unknown
CAPS,0.0,,1.0,1.0,Unknown
CAPS2,0.0,,1.0,1.0,Unknown
CAPSL,0.0,,1.0,1.0,Unknown
CAPZA1,0.0,,1.0,1.0,Unknown
CAPZA2,0.0,,1.0,1.0,Unknown
CAPZA3,0.0,,1.0,1.0,Unknown
CAPZB,0.0,,1.0,1.0,Unknown
CAMTA2,0.0,,1.0,1.0,Unknown
CAND1,0.0,,1.0,1.0,Unknown
CAND2,0.0,,1.0,1.0,Unknown
CANT1,0.0,,1.0,1.0,Unknown
CANX,0.0,,1.0,1.0,Unknown
CAP1,0.0,,1.0,1.0,Unknown
CAP2,0.0,,1.0,1.0,Unknown
CAPG,0.0,,1.0,1.0,Unknown
CAPN1,0.0,,1.0,1.0,Unknown
CAPN10,0.0,,1.0,1.0,Unknown
CAPN11,0.0,,1.0,1.0,Unknown
CAPN12,0.0,,1.0,1.0,Unknown
CAPN13,0.0,,1.0,1.0,Unknown
CAPN14,0.0,,1.0,1.0,Unknown
CAPN2,0.0,,1.0,1.0,Unknown
CAPN3,0.0,,1.0,1.0,Unknown
CAMK2B,0.0,,1.0,1.0,Unknown
CAMK2D,0.0,,1.0,1.0,Unknown
CAMK2G,0.0,,1.0,1.0,Unknown
CAMK2N1,0.0,,1.0,1.0,Unknown
CAMK2N2,0.0,,1.0,1.0,Unknown
CAMK4,0.0,,1.0,1.0,Unknown
CAMKK1,0.0,,1.0,1.0,Unknown
CAMKK2,0.0,,1.0,1.0,Unknown
CAMKMT,0.0,,1.0,1.0,Unknown
CAMKV,0.0,,1.0,1.0,Unknown
CAMLG,0.0,,1.0,1.0,Unknown
CAMP,0.0,,1.0,1.0,Unknown
CAMSAP1,0.0,,1.0,1.0,Unknown
CAMSAP2,0.0,,1.0,1.0,Unknown
CAMSAP3,0.0,,1.0,1.0,Unknown
CAMTA1,0.0,,1.0,1.0,Unknown
CALM1,0.0,,1.0,1.0,Unknown
CALM2,0.0,,1.0,1.0,Unknown
CALM3,0.0,,1.0,1.0,Unknown
CALML3,0.0,,1.0,1.0,Unknown
CALML4,0.0,,1.0,1.0,Unknown
CALML5,0.0,,1.0,1.0,Unknown
CALML6,0.0,,1.0,1.0,Unknown
CALN1,0.0,,1.0,1.0,Unknown
CALR,0.0,,1.0,1.0,Unknown
CALR3,0.0,,1.0,1.0,Unknown
CALU,0.0,,1.0,1.0,Unknown
CALY,0.0,,1.0,1.0,Unknown
CAMK1,0.0,,1.0,1.0,Unknown
CAMK1D,0.0,,1.0,1.0,Unknown
CAMK1G,0.0,,1.0,1.0,Unknown
CAMK2A,0.0,,1.0,1.0,Unknown
CADPS,0.0,,1.0,1.0,Unknown
CADPS2,0.0,,1.0,1.0,Unknown
CAGE1,0.0,,1.0,1.0,Unknown
CAHM,0.0,,1.0,1.0,Unknown
CALB1,0.0,,1.0,1.0,Unknown
CALB2,0.0,,1.0,1.0,Unknown
CALCA,0.0,,1.0,1.0,Unknown
CALCB,0.0,,1.0,1.0,Unknown
CALCOCO1,0.0,,1.0,1.0,Unknown
CALCOCO2,0.0,,1.0,1.0,Unknown
CALCR,0.0,,1.0,1.0,Unknown
CALCRL,0.0,,1.0,1.0,Unknown
CALD1,0.0,,1.0,1.0,Unknown
CALHM1,0.0,,1.0,1.0,Unknown
CALHM2,0.0,,1.0,1.0,Unknown
CALHM3,0.0,,1.0,1.0,Unknown
CACNG3,0.0,,1.0,1.0,Unknown
CACNG4,0.0,,1.0,1.0,Unknown
CACNG5,0.0,,1.0,1.0,Unknown
CACNG6,0.0,,1.0,1.0,Unknown
CACNG7,0.0,,1.0,1.0,Unknown
CACNG8,0.0,,1.0,1.0,Unknown
CACTIN,0.0,,1.0,1.0,Unknown
CACTIN-AS1,0.0,,1.0,1.0,Unknown
CACUL1,0.0,,1.0,1.0,Unknown
CACYBP,0.0,,1.0,1.0,Unknown
CAD,0.0,,1.0,1.0,Unknown
CADM1,0.0,,1.0,1.0,Unknown
CADM2,0.0,,1.0,1.0,Unknown
CADM2-AS2,0.0,,1.0,1.0,Unknown
CADM3,0.0,,1.0,1.0,Unknown
CADM4,0.0,,1.0,1.0,Unknown
CACNA1G,0.0,,1.0,1.0,Unknown
CACNA1G-AS1,0.0,,1.0,1.0,Unknown
CACNA1H,0.0,,1.0,1.0,Unknown
CACNA1I,0.0,,1.0,1.0,Unknown
CACNA1S,0.0,,1.0,1.0,Unknown
CACNA2D1,0.0,,1.0,1.0,Unknown
CACNA2D2,0.0,,1.0,1.0,Unknown
CACNA2D3,0.0,,1.0,1.0,Unknown
CACNA2D3-AS1,0.0,,1.0,1.0,Unknown
CACNA2D4,0.0,,1.0,1.0,Unknown
CACNB1,0.0,,1.0,1.0,Unknown
CACNB2,0.0,,1.0,1.0,Unknown
CACNB3,0.0,,1.0,1.0,Unknown
CACNB4,0.0,,1.0,1.0,Unknown
CACNG1,0.0,,1.0,1.0,Unknown
CACNG2,0.0,,1.0,1.0,Unknown
CABP4,0.0,,1.0,1.0,Unknown
CABP5,0.0,,1.0,1.0,Unknown
CABP7,0.0,,1.0,1.0,Unknown
CABS1,0.0,,1.0,1.0,Unknown
CABYR,0.0,,1.0,1.0,Unknown
CACFD1,0.0,,1.0,1.0,Unknown
CACHD1,0.0,,1.0,1.0,Unknown
CACNA1A,0.0,,1.0,1.0,Unknown
CACNA1B,0.0,,1.0,1.0,Unknown
CACNA1C,0.0,,1.0,1.0,Unknown
CACNA1C-AS1,0.0,,1.0,1.0,Unknown
CACNA1C-AS4,0.0,,1.0,1.0,Unknown
CACNA1C-IT3,0.0,,1.0,1.0,Unknown
CACNA1D,0.0,,1.0,1.0,Unknown
CACNA1E,0.0,,1.0,1.0,Unknown
CACNA1F,0.0,,1.0,1.0,Unknown
CA4,0.0,,1.0,1.0,Unknown
CA5A,0.0,,1.0,1.0,Unknown
CA5B,0.0,,1.0,1.0,Unknown
CA5BP1,0.0,,1.0,1.0,Unknown
CA6,0.0,,1.0,1.0,Unknown
CA7,0.0,,1.0,1.0,Unknown
CA8,0.0,,1.0,1.0,Unknown
CA9,0.0,,1.0,1.0,Unknown
CAAP1,0.0,,1.0,1.0,Unknown
CAB39,0.0,,1.0,1.0,Unknown
CAB39L,0.0,,1.0,1.0,Unknown
CABIN1,0.0,,1.0,1.0,Unknown
CABLES1,0.0,,1.0,1.0,Unknown
CABLES2,0.0,,1.0,1.0,Unknown
CABP1,0.0,,1.0,1.0,Unknown
CABP2,0.0,,1.0,1.0,Unknown
C9orf62,0.0,,1.0,1.0,Unknown
C9orf64,0.0,,1.0,1.0,Unknown
C9orf66,0.0,,1.0,1.0,Unknown
C9orf72,0.0,,1.0,1.0,Unknown
C9orf78,0.0,,1.0,1.0,Unknown
C9orf84,0.0,,1.0,1.0,Unknown
C9orf85,0.0,,1.0,1.0,Unknown
C9orf92,0.0,,1.0,1.0,Unknown
CA1,0.0,,1.0,1.0,Unknown
CA10,0.0,,1.0,1.0,Unknown
CA11,0.0,,1.0,1.0,Unknown
CA12,0.0,,1.0,1.0,Unknown
CA13,0.0,,1.0,1.0,Unknown
CA14,0.0,,1.0,1.0,Unknown
CA2,0.0,,1.0,1.0,Unknown
CA3,0.0,,1.0,1.0,Unknown
C9orf135-AS1,0.0,,1.0,1.0,Unknown
C9orf139,0.0,,1.0,1.0,Unknown
C9orf142,0.0,,1.0,1.0,Unknown
C9orf152,0.0,,1.0,1.0,Unknown
C9orf153,0.0,,1.0,1.0,Unknown
C9orf16,0.0,,1.0,1.0,Unknown
C9orf163,0.0,,1.0,1.0,Unknown
C9orf170,0.0,,1.0,1.0,Unknown
C9orf172,0.0,,1.0,1.0,Unknown
C9orf24,0.0,,1.0,1.0,Unknown
C9orf3,0.0,,1.0,1.0,Unknown
C9orf40,0.0,,1.0,1.0,Unknown
C9orf43,0.0,,1.0,1.0,Unknown
C9orf47,0.0,,1.0,1.0,Unknown
C9orf50,0.0,,1.0,1.0,Unknown
C9orf57,0.0,,1.0,1.0,Unknown
C8orf46,0.0,,1.0,1.0,Unknown
C8orf48,0.0,,1.0,1.0,Unknown
C8orf49,0.0,,1.0,1.0,Unknown
C8orf58,0.0,,1.0,1.0,Unknown
C8orf59,0.0,,1.0,1.0,Unknown
C8orf74,0.0,,1.0,1.0,Unknown
C8orf76,0.0,,1.0,1.0,Unknown
C8orf82,0.0,,1.0,1.0,Unknown
C8orf86,0.0,,1.0,1.0,Unknown
C8orf87,0.0,,1.0,1.0,Unknown
C9,0.0,,1.0,1.0,Unknown
C9orf106,0.0,,1.0,1.0,Unknown
C9orf116,0.0,,1.0,1.0,Unknown
C9orf129,0.0,,1.0,1.0,Unknown
C9orf131,0.0,,1.0,1.0,Unknown
C9orf135,0.0,,1.0,1.0,Unknown
C7orf66,0.0,,1.0,1.0,Unknown
C7orf69,0.0,,1.0,1.0,Unknown
C7orf71,0.0,,1.0,1.0,Unknown
C7orf72,0.0,,1.0,1.0,Unknown
C7orf73,0.0,,1.0,1.0,Unknown
C8A,0.0,,1.0,1.0,Unknown
C8B,0.0,,1.0,1.0,Unknown
C8G,0.0,,1.0,1.0,Unknown
C8orf22,0.0,,1.0,1.0,Unknown
C8orf31,0.0,,1.0,1.0,Unknown
C8orf33,0.0,,1.0,1.0,Unknown
C8orf34,0.0,,1.0,1.0,Unknown
C8orf37,0.0,,1.0,1.0,Unknown
C8orf4,0.0,,1.0,1.0,Unknown
C8orf44,0.0,,1.0,1.0,Unknown
C8orf44-SGK3,0.0,,1.0,1.0,Unknown
C6orf62,0.0,,1.0,1.0,Unknown
C6orf89,0.0,,1.0,1.0,Unknown
C6orf99,0.0,,1.0,1.0,Unknown
C7,0.0,,1.0,1.0,Unknown
C7orf25,0.0,,1.0,1.0,Unknown
C7orf26,0.0,,1.0,1.0,Unknown
C7orf31,0.0,,1.0,1.0,Unknown
C7orf33,0.0,,1.0,1.0,Unknown
C7orf34,0.0,,1.0,1.0,Unknown
C7orf43,0.0,,1.0,1.0,Unknown
C7orf49,0.0,,1.0,1.0,Unknown
C7orf50,0.0,,1.0,1.0,Unknown
C7orf55-LUC7L2,0.0,,1.0,1.0,Unknown
C7orf57,0.0,,1.0,1.0,Unknown
C7orf61,0.0,,1.0,1.0,Unknown
C7orf65,0.0,,1.0,1.0,Unknown
C6orf118,0.0,,1.0,1.0,Unknown
C6orf120,0.0,,1.0,1.0,Unknown
C6orf132,0.0,,1.0,1.0,Unknown
C6orf136,0.0,,1.0,1.0,Unknown
C6orf141,0.0,,1.0,1.0,Unknown
C6orf15,0.0,,1.0,1.0,Unknown
C6orf163,0.0,,1.0,1.0,Unknown
C6orf201,0.0,,1.0,1.0,Unknown
C6orf203,0.0,,1.0,1.0,Unknown
C6orf222,0.0,,1.0,1.0,Unknown
C6orf223,0.0,,1.0,1.0,Unknown
C6orf226,0.0,,1.0,1.0,Unknown
C6orf47,0.0,,1.0,1.0,Unknown
C6orf48,0.0,,1.0,1.0,Unknown
C6orf52,0.0,,1.0,1.0,Unknown
C6orf58,0.0,,1.0,1.0,Unknown
C5orf34,0.0,,1.0,1.0,Unknown
C5orf38,0.0,,1.0,1.0,Unknown
C5orf42,0.0,,1.0,1.0,Unknown
C5orf46,0.0,,1.0,1.0,Unknown
C5orf47,0.0,,1.0,1.0,Unknown
C5orf49,0.0,,1.0,1.0,Unknown
C5orf51,0.0,,1.0,1.0,Unknown
C5orf52,0.0,,1.0,1.0,Unknown
C5orf56,0.0,,1.0,1.0,Unknown
C5orf58,0.0,,1.0,1.0,Unknown
C5orf60,0.0,,1.0,1.0,Unknown
C5orf63,0.0,,1.0,1.0,Unknown
C5orf64,0.0,,1.0,1.0,Unknown
C6,0.0,,1.0,1.0,Unknown
C6orf10,0.0,,1.0,1.0,Unknown
C6orf106,0.0,,1.0,1.0,Unknown
C4orf3,0.0,,1.0,1.0,Unknown
C4orf32,0.0,,1.0,1.0,Unknown
C4orf33,0.0,,1.0,1.0,Unknown
C4orf36,0.0,,1.0,1.0,Unknown
C4orf45,0.0,,1.0,1.0,Unknown
C4orf46,0.0,,1.0,1.0,Unknown
C4orf47,0.0,,1.0,1.0,Unknown
C4orf48,0.0,,1.0,1.0,Unknown
C4orf51,0.0,,1.0,1.0,Unknown
C5,0.0,,1.0,1.0,Unknown
C5AR1,0.0,,1.0,1.0,Unknown
C5AR2,0.0,,1.0,1.0,Unknown
C5orf15,0.0,,1.0,1.0,Unknown
C5orf22,0.0,,1.0,1.0,Unknown
C5orf24,0.0,,1.0,1.0,Unknown
C5orf30,0.0,,1.0,1.0,Unknown
C3orf56,0.0,,1.0,1.0,Unknown
C3orf58,0.0,,1.0,1.0,Unknown
C3orf62,0.0,,1.0,1.0,Unknown
C3orf67,0.0,,1.0,1.0,Unknown
C3orf70,0.0,,1.0,1.0,Unknown
C3orf79,0.0,,1.0,1.0,Unknown
C3orf80,0.0,,1.0,1.0,Unknown
C4A,0.0,,1.0,1.0,Unknown
C4B,0.0,,1.0,1.0,Unknown
C4BPA,0.0,,1.0,1.0,Unknown
C4BPB,0.0,,1.0,1.0,Unknown
C4B_2,0.0,,1.0,1.0,Unknown
C4orf17,0.0,,1.0,1.0,Unknown
C4orf19,0.0,,1.0,1.0,Unknown
C4orf22,0.0,,1.0,1.0,Unknown
C4orf26,0.0,,1.0,1.0,Unknown
C2orf88,0.0,,1.0,1.0,Unknown
C2orf91,0.0,,1.0,1.0,Unknown
C3,0.0,,1.0,1.0,Unknown
C3AR1,0.0,,1.0,1.0,Unknown
C3P1,0.0,,1.0,1.0,Unknown
C3orf14,0.0,,1.0,1.0,Unknown
C3orf18,0.0,,1.0,1.0,Unknown
C3orf20,0.0,,1.0,1.0,Unknown
C3orf22,0.0,,1.0,1.0,Unknown
C3orf30,0.0,,1.0,1.0,Unknown
C3orf33,0.0,,1.0,1.0,Unknown
C3orf35,0.0,,1.0,1.0,Unknown
C3orf36,0.0,,1.0,1.0,Unknown
C3orf38,0.0,,1.0,1.0,Unknown
C3orf49,0.0,,1.0,1.0,Unknown
C3orf52,0.0,,1.0,1.0,Unknown
C2orf50,0.0,,1.0,1.0,Unknown
C2orf54,0.0,,1.0,1.0,Unknown
C2orf66,0.0,,1.0,1.0,Unknown
C2orf68,0.0,,1.0,1.0,Unknown
C2orf69,0.0,,1.0,1.0,Unknown
C2orf70,0.0,,1.0,1.0,Unknown
C2orf71,0.0,,1.0,1.0,Unknown
C2orf72,0.0,,1.0,1.0,Unknown
C2orf73,0.0,,1.0,1.0,Unknown
C2orf74,0.0,,1.0,1.0,Unknown
C2orf76,0.0,,1.0,1.0,Unknown
C2orf78,0.0,,1.0,1.0,Unknown
C2orf80,0.0,,1.0,1.0,Unknown
C2orf81,0.0,,1.0,1.0,Unknown
C2orf82,0.0,,1.0,1.0,Unknown
C2orf83,0.0,,1.0,1.0,Unknown
C2CD2,0.0,,1.0,1.0,Unknown
C2CD2L,0.0,,1.0,1.0,Unknown
C2CD3,0.0,,1.0,1.0,Unknown
C2CD4A,0.0,,1.0,1.0,Unknown
C2CD4B,0.0,,1.0,1.0,Unknown
C2CD4C,0.0,,1.0,1.0,Unknown
C2CD4D,0.0,,1.0,1.0,Unknown
C2CD5,0.0,,1.0,1.0,Unknown
C2orf15,0.0,,1.0,1.0,Unknown
C2orf16,0.0,,1.0,1.0,Unknown
C2orf27A,0.0,,1.0,1.0,Unknown
C2orf27B,0.0,,1.0,1.0,Unknown
C2orf40,0.0,,1.0,1.0,Unknown
C2orf42,0.0,,1.0,1.0,Unknown
C2orf48,0.0,,1.0,1.0,Unknown
C2orf49,0.0,,1.0,1.0,Unknown
C21orf2,0.0,,1.0,1.0,Unknown
C21orf33,0.0,,1.0,1.0,Unknown
C21orf58,0.0,,1.0,1.0,Unknown
C21orf59,0.0,,1.0,1.0,Unknown
C21orf62,0.0,,1.0,1.0,Unknown
C21orf91,0.0,,1.0,1.0,Unknown
C21orf91-OT1,0.0,,1.0,1.0,Unknown
C22orf15,0.0,,1.0,1.0,Unknown
C22orf23,0.0,,1.0,1.0,Unknown
C22orf24,0.0,,1.0,1.0,Unknown
C22orf29,0.0,,1.0,1.0,Unknown
C22orf31,0.0,,1.0,1.0,Unknown
C22orf34,0.0,,1.0,1.0,Unknown
C22orf39,0.0,,1.0,1.0,Unknown
C22orf42,0.0,,1.0,1.0,Unknown
C22orf46,0.0,,1.0,1.0,Unknown
C1orf94,0.0,,1.0,1.0,Unknown
C2,0.0,,1.0,1.0,Unknown
C20orf141,0.0,,1.0,1.0,Unknown
C20orf144,0.0,,1.0,1.0,Unknown
C20orf166-AS1,0.0,,1.0,1.0,Unknown
C20orf173,0.0,,1.0,1.0,Unknown
C20orf194,0.0,,1.0,1.0,Unknown
C20orf196,0.0,,1.0,1.0,Unknown
C20orf197,0.0,,1.0,1.0,Unknown
C20orf202,0.0,,1.0,1.0,Unknown
C20orf203,0.0,,1.0,1.0,Unknown
C20orf24,0.0,,1.0,1.0,Unknown
C20orf27,0.0,,1.0,1.0,Unknown
C20orf78,0.0,,1.0,1.0,Unknown
C20orf85,0.0,,1.0,1.0,Unknown
C20orf96,0.0,,1.0,1.0,Unknown
C1orf226,0.0,,1.0,1.0,Unknown
C1orf228,0.0,,1.0,1.0,Unknown
C1orf229,0.0,,1.0,1.0,Unknown
C1orf27,0.0,,1.0,1.0,Unknown
C1orf35,0.0,,1.0,1.0,Unknown
C1orf43,0.0,,1.0,1.0,Unknown
C1orf50,0.0,,1.0,1.0,Unknown
C1orf52,0.0,,1.0,1.0,Unknown
C1orf53,0.0,,1.0,1.0,Unknown
C1orf54,0.0,,1.0,1.0,Unknown
C1orf56,0.0,,1.0,1.0,Unknown
C1orf61,0.0,,1.0,1.0,Unknown
C1orf64,0.0,,1.0,1.0,Unknown
C1orf68,0.0,,1.0,1.0,Unknown
C1orf74,0.0,,1.0,1.0,Unknown
C1orf87,0.0,,1.0,1.0,Unknown
C1orf158,0.0,,1.0,1.0,Unknown
C1orf159,0.0,,1.0,1.0,Unknown
C1orf162,0.0,,1.0,1.0,Unknown
C1orf168,0.0,,1.0,1.0,Unknown
C1orf174,0.0,,1.0,1.0,Unknown
C1orf185,0.0,,1.0,1.0,Unknown
C1orf186,0.0,,1.0,1.0,Unknown
C1orf189,0.0,,1.0,1.0,Unknown
C1orf194,0.0,,1.0,1.0,Unknown
C1orf195,0.0,,1.0,1.0,Unknown
C1orf198,0.0,,1.0,1.0,Unknown
C1orf204,0.0,,1.0,1.0,Unknown
C1orf21,0.0,,1.0,1.0,Unknown
C1orf210,0.0,,1.0,1.0,Unknown
C1orf216,0.0,,1.0,1.0,Unknown
C1orf220,0.0,,1.0,1.0,Unknown
C1S,0.0,,1.0,1.0,Unknown
C1orf100,0.0,,1.0,1.0,Unknown
C1orf105,0.0,,1.0,1.0,Unknown
C1orf106,0.0,,1.0,1.0,Unknown
C1orf109,0.0,,1.0,1.0,Unknown
C1orf112,0.0,,1.0,1.0,Unknown
C1orf115,0.0,,1.0,1.0,Unknown
C1orf116,0.0,,1.0,1.0,Unknown
C1orf122,0.0,,1.0,1.0,Unknown
C1orf123,0.0,,1.0,1.0,Unknown
C1orf127,0.0,,1.0,1.0,Unknown
C1orf131,0.0,,1.0,1.0,Unknown
C1orf137,0.0,,1.0,1.0,Unknown
C1orf141,0.0,,1.0,1.0,Unknown
C1orf145,0.0,,1.0,1.0,Unknown
C1orf146,0.0,,1.0,1.0,Unknown
C1QL4,0.0,,1.0,1.0,Unknown
C1QTNF1,0.0,,1.0,1.0,Unknown
C1QTNF1-AS1,0.0,,1.0,1.0,Unknown
C1QTNF2,0.0,,1.0,1.0,Unknown
C1QTNF3,0.0,,1.0,1.0,Unknown
C1QTNF3-AMACR,0.0,,1.0,1.0,Unknown
C1QTNF4,0.0,,1.0,1.0,Unknown
C1QTNF5,0.0,,1.0,1.0,Unknown
C1QTNF6,0.0,,1.0,1.0,Unknown
C1QTNF7,0.0,,1.0,1.0,Unknown
C1QTNF8,0.0,,1.0,1.0,Unknown
C1QTNF9,0.0,,1.0,1.0,Unknown
C1QTNF9B,0.0,,1.0,1.0,Unknown
C1R,0.0,,1.0,1.0,Unknown
C1RL,0.0,,1.0,1.0,Unknown
C1RL-AS1,0.0,,1.0,1.0,Unknown
C19orf66,0.0,,1.0,1.0,Unknown
C19orf67,0.0,,1.0,1.0,Unknown
C19orf70,0.0,,1.0,1.0,Unknown
C19orf71,0.0,,1.0,1.0,Unknown
C19orf73,0.0,,1.0,1.0,Unknown
C19orf81,0.0,,1.0,1.0,Unknown
C1D,0.0,,1.0,1.0,Unknown
C1GALT1,0.0,,1.0,1.0,Unknown
C1GALT1C1,0.0,,1.0,1.0,Unknown
C1QA,0.0,,1.0,1.0,Unknown
C1QB,0.0,,1.0,1.0,Unknown
C1QBP,0.0,,1.0,1.0,Unknown
C1QC,0.0,,1.0,1.0,Unknown
C1QL1,0.0,,1.0,1.0,Unknown
C1QL2,0.0,,1.0,1.0,Unknown
C1QL3,0.0,,1.0,1.0,Unknown
C18orf8,0.0,,1.0,1.0,Unknown
C19orf12,0.0,,1.0,1.0,Unknown
C19orf18,0.0,,1.0,1.0,Unknown
C19orf24,0.0,,1.0,1.0,Unknown
C19orf25,0.0,,1.0,1.0,Unknown
C19orf33,0.0,,1.0,1.0,Unknown
C19orf35,0.0,,1.0,1.0,Unknown
C19orf38,0.0,,1.0,1.0,Unknown
C19orf43,0.0,,1.0,1.0,Unknown
C19orf44,0.0,,1.0,1.0,Unknown
C19orf47,0.0,,1.0,1.0,Unknown
C19orf48,0.0,,1.0,1.0,Unknown
C19orf53,0.0,,1.0,1.0,Unknown
C19orf54,0.0,,1.0,1.0,Unknown
C19orf57,0.0,,1.0,1.0,Unknown
C19orf60,0.0,,1.0,1.0,Unknown
C17orf64,0.0,,1.0,1.0,Unknown
C17orf67,0.0,,1.0,1.0,Unknown
C17orf74,0.0,,1.0,1.0,Unknown
C17orf75,0.0,,1.0,1.0,Unknown
C17orf77,0.0,,1.0,1.0,Unknown
C17orf78,0.0,,1.0,1.0,Unknown
C17orf80,0.0,,1.0,1.0,Unknown
C17orf82,0.0,,1.0,1.0,Unknown
C17orf97,0.0,,1.0,1.0,Unknown
C17orf98,0.0,,1.0,1.0,Unknown
C17orf99,0.0,,1.0,1.0,Unknown
C18orf21,0.0,,1.0,1.0,Unknown
C18orf25,0.0,,1.0,1.0,Unknown
C18orf32,0.0,,1.0,1.0,Unknown
C18orf54,0.0,,1.0,1.0,Unknown
C18orf63,0.0,,1.0,1.0,Unknown
C16orf92,0.0,,1.0,1.0,Unknown
C16orf95,0.0,,1.0,1.0,Unknown
C16orf96,0.0,,1.0,1.0,Unknown
C16orf97,0.0,,1.0,1.0,Unknown
C17orf100,0.0,,1.0,1.0,Unknown
C17orf102,0.0,,1.0,1.0,Unknown
C17orf105,0.0,,1.0,1.0,Unknown
C17orf107,0.0,,1.0,1.0,Unknown
C17orf112,0.0,,1.0,1.0,Unknown
C17orf47,0.0,,1.0,1.0,Unknown
C17orf49,0.0,,1.0,1.0,Unknown
C17orf50,0.0,,1.0,1.0,Unknown
C17orf51,0.0,,1.0,1.0,Unknown
C17orf53,0.0,,1.0,1.0,Unknown
C17orf58,0.0,,1.0,1.0,Unknown
C17orf62,0.0,,1.0,1.0,Unknown
C16orf52,0.0,,1.0,1.0,Unknown
C16orf54,0.0,,1.0,1.0,Unknown
C16orf58,0.0,,1.0,1.0,Unknown
C16orf59,0.0,,1.0,1.0,Unknown
C16orf62,0.0,,1.0,1.0,Unknown
C16orf70,0.0,,1.0,1.0,Unknown
C16orf71,0.0,,1.0,1.0,Unknown
C16orf72,0.0,,1.0,1.0,Unknown
C16orf74,0.0,,1.0,1.0,Unknown
C16orf78,0.0,,1.0,1.0,Unknown
C16orf82,0.0,,1.0,1.0,Unknown
C16orf86,0.0,,1.0,1.0,Unknown
C16orf87,0.0,,1.0,1.0,Unknown
C16orf89,0.0,,1.0,1.0,Unknown
C16orf90,0.0,,1.0,1.0,Unknown
C16orf91,0.0,,1.0,1.0,Unknown
C15orf39,0.0,,1.0,1.0,Unknown
C15orf40,0.0,,1.0,1.0,Unknown
C15orf41,0.0,,1.0,1.0,Unknown
C15orf48,0.0,,1.0,1.0,Unknown
C15orf52,0.0,,1.0,1.0,Unknown
C15orf53,0.0,,1.0,1.0,Unknown
C15orf54,0.0,,1.0,1.0,Unknown
C15orf56,0.0,,1.0,1.0,Unknown
C15orf57,0.0,,1.0,1.0,Unknown
C15orf59,0.0,,1.0,1.0,Unknown
C15orf61,0.0,,1.0,1.0,Unknown
C15orf62,0.0,,1.0,1.0,Unknown
C15orf65,0.0,,1.0,1.0,Unknown
C16orf45,0.0,,1.0,1.0,Unknown
C16orf46,0.0,,1.0,1.0,Unknown
C16orf47,0.0,,1.0,1.0,Unknown
C14orf119,0.0,,1.0,1.0,Unknown
C14orf132,0.0,,1.0,1.0,Unknown
C14orf159,0.0,,1.0,1.0,Unknown
C14orf166,0.0,,1.0,1.0,Unknown
C14orf177,0.0,,1.0,1.0,Unknown
C14orf178,0.0,,1.0,1.0,Unknown
C14orf180,0.0,,1.0,1.0,Unknown
C14orf2,0.0,,1.0,1.0,Unknown
C14orf28,0.0,,1.0,1.0,Unknown
C14orf37,0.0,,1.0,1.0,Unknown
C14orf39,0.0,,1.0,1.0,Unknown
C14orf79,0.0,,1.0,1.0,Unknown
C14orf80,0.0,,1.0,1.0,Unknown
C14orf93,0.0,,1.0,1.0,Unknown
C15orf32,0.0,,1.0,1.0,Unknown
C15orf38-AP3S2,0.0,,1.0,1.0,Unknown
C12orf49,0.0,,1.0,1.0,Unknown
C12orf50,0.0,,1.0,1.0,Unknown
C12orf54,0.0,,1.0,1.0,Unknown
C12orf56,0.0,,1.0,1.0,Unknown
C12orf57,0.0,,1.0,1.0,Unknown
C12orf60,0.0,,1.0,1.0,Unknown
C12orf65,0.0,,1.0,1.0,Unknown
C12orf66,0.0,,1.0,1.0,Unknown
C12orf71,0.0,,1.0,1.0,Unknown
C12orf73,0.0,,1.0,1.0,Unknown
C12orf74,0.0,,1.0,1.0,Unknown
C12orf75,0.0,,1.0,1.0,Unknown
C12orf76,0.0,,1.0,1.0,Unknown
C12orf77,0.0,,1.0,1.0,Unknown
C14orf1,0.0,,1.0,1.0,Unknown
C14orf105,0.0,,1.0,1.0,Unknown
C11orf80,0.0,,1.0,1.0,Unknown
C11orf84,0.0,,1.0,1.0,Unknown
C11orf86,0.0,,1.0,1.0,Unknown
C11orf87,0.0,,1.0,1.0,Unknown
C11orf88,0.0,,1.0,1.0,Unknown
C11orf91,0.0,,1.0,1.0,Unknown
C11orf94,0.0,,1.0,1.0,Unknown
C11orf95,0.0,,1.0,1.0,Unknown
C11orf96,0.0,,1.0,1.0,Unknown
C12orf10,0.0,,1.0,1.0,Unknown
C12orf29,0.0,,1.0,1.0,Unknown
C12orf4,0.0,,1.0,1.0,Unknown
C12orf40,0.0,,1.0,1.0,Unknown
C12orf42,0.0,,1.0,1.0,Unknown
C12orf43,0.0,,1.0,1.0,Unknown
C12orf45,0.0,,1.0,1.0,Unknown
C11orf40,0.0,,1.0,1.0,Unknown
C11orf42,0.0,,1.0,1.0,Unknown
C11orf44,0.0,,1.0,1.0,Unknown
C11orf45,0.0,,1.0,1.0,Unknown
C11orf49,0.0,,1.0,1.0,Unknown
C11orf52,0.0,,1.0,1.0,Unknown
C11orf53,0.0,,1.0,1.0,Unknown
C11orf54,0.0,,1.0,1.0,Unknown
C11orf57,0.0,,1.0,1.0,Unknown
C11orf58,0.0,,1.0,1.0,Unknown
C11orf63,0.0,,1.0,1.0,Unknown
C11orf65,0.0,,1.0,1.0,Unknown
C11orf68,0.0,,1.0,1.0,Unknown
C11orf70,0.0,,1.0,1.0,Unknown
C11orf71,0.0,,1.0,1.0,Unknown
C11orf74,0.0,,1.0,1.0,Unknown
C10orf53,0.0,,1.0,1.0,Unknown
C10orf55,0.0,,1.0,1.0,Unknown
C10orf62,0.0,,1.0,1.0,Unknown
C10orf67,0.0,,1.0,1.0,Unknown
C10orf71,0.0,,1.0,1.0,Unknown
C10orf76,0.0,,1.0,1.0,Unknown
C10orf82,0.0,,1.0,1.0,Unknown
C10orf88,0.0,,1.0,1.0,Unknown
C10orf90,0.0,,1.0,1.0,Unknown
C10orf91,0.0,,1.0,1.0,Unknown
C10orf95,0.0,,1.0,1.0,Unknown
C10orf99,0.0,,1.0,1.0,Unknown
C11orf1,0.0,,1.0,1.0,Unknown
C11orf16,0.0,,1.0,1.0,Unknown
C11orf21,0.0,,1.0,1.0,Unknown
C11orf24,0.0,,1.0,1.0,Unknown
BUD31,0.0,,1.0,1.0,Unknown
BVES,0.0,,1.0,1.0,Unknown
BVES-AS1,0.0,,1.0,1.0,Unknown
BYSL,0.0,,1.0,1.0,Unknown
BZW1,0.0,,1.0,1.0,Unknown
BZW2,0.0,,1.0,1.0,Unknown
C10orf10,0.0,,1.0,1.0,Unknown
C10orf105,0.0,,1.0,1.0,Unknown
C10orf107,0.0,,1.0,1.0,Unknown
C10orf111,0.0,,1.0,1.0,Unknown
C10orf113,0.0,,1.0,1.0,Unknown
C10orf120,0.0,,1.0,1.0,Unknown
C10orf126,0.0,,1.0,1.0,Unknown
C10orf128,0.0,,1.0,1.0,Unknown
C10orf25,0.0,,1.0,1.0,Unknown
C10orf35,0.0,,1.0,1.0,Unknown
BTN1A1,0.0,,1.0,1.0,Unknown
BTN2A1,0.0,,1.0,1.0,Unknown
BTN2A2,0.0,,1.0,1.0,Unknown
BTN2A3P,0.0,,1.0,1.0,Unknown
BTN3A1,0.0,,1.0,1.0,Unknown
BTN3A2,0.0,,1.0,1.0,Unknown
BTN3A3,0.0,,1.0,1.0,Unknown
BTNL2,0.0,,1.0,1.0,Unknown
BTNL3,0.0,,1.0,1.0,Unknown
BTNL8,0.0,,1.0,1.0,Unknown
BTNL9,0.0,,1.0,1.0,Unknown
BTRC,0.0,,1.0,1.0,Unknown
BUB1,0.0,,1.0,1.0,Unknown
BUB1B,0.0,,1.0,1.0,Unknown
BUB3,0.0,,1.0,1.0,Unknown
BUD13,0.0,,1.0,1.0,Unknown
BTBD3,0.0,,1.0,1.0,Unknown
BTBD6,0.0,,1.0,1.0,Unknown
BTBD7,0.0,,1.0,1.0,Unknown
BTBD8,0.0,,1.0,1.0,Unknown
BTBD9,0.0,,1.0,1.0,Unknown
BTC,0.0,,1.0,1.0,Unknown
BTD,0.0,,1.0,1.0,Unknown
BTF3,0.0,,1.0,1.0,Unknown
BTF3L4,0.0,,1.0,1.0,Unknown
BTF3P11,0.0,,1.0,1.0,Unknown
BTG1,0.0,,1.0,1.0,Unknown
BTG2,0.0,,1.0,1.0,Unknown
BTG3,0.0,,1.0,1.0,Unknown
BTG4,0.0,,1.0,1.0,Unknown
BTK,0.0,,1.0,1.0,Unknown
BTLA,0.0,,1.0,1.0,Unknown
BSN-AS2,0.0,,1.0,1.0,Unknown
BSND,0.0,,1.0,1.0,Unknown
BSPH1,0.0,,1.0,1.0,Unknown
BSPRY,0.0,,1.0,1.0,Unknown
BST1,0.0,,1.0,1.0,Unknown
BST2,0.0,,1.0,1.0,Unknown
BSX,0.0,,1.0,1.0,Unknown
BTAF1,0.0,,1.0,1.0,Unknown
BTBD1,0.0,,1.0,1.0,Unknown
BTBD10,0.0,,1.0,1.0,Unknown
BTBD11,0.0,,1.0,1.0,Unknown
BTBD16,0.0,,1.0,1.0,Unknown
BTBD17,0.0,,1.0,1.0,Unknown
BTBD18,0.0,,1.0,1.0,Unknown
BTBD19,0.0,,1.0,1.0,Unknown
BTBD2,0.0,,1.0,1.0,Unknown
BRK1,0.0,,1.0,1.0,Unknown
BRMS1,0.0,,1.0,1.0,Unknown
BRMS1L,0.0,,1.0,1.0,Unknown
BROX,0.0,,1.0,1.0,Unknown
BRPF1,0.0,,1.0,1.0,Unknown
BRPF3,0.0,,1.0,1.0,Unknown
BRS3,0.0,,1.0,1.0,Unknown
BRSK1,0.0,,1.0,1.0,Unknown
BRSK2,0.0,,1.0,1.0,Unknown
BRWD1,0.0,,1.0,1.0,Unknown
BRWD1-AS1,0.0,,1.0,1.0,Unknown
BRWD3,0.0,,1.0,1.0,Unknown
BSCL2,0.0,,1.0,1.0,Unknown
BSDC1,0.0,,1.0,1.0,Unknown
BSG,0.0,,1.0,1.0,Unknown
BSN,0.0,,1.0,1.0,Unknown
BRCC3,0.0,,1.0,1.0,Unknown
BRD1,0.0,,1.0,1.0,Unknown
BRD2,0.0,,1.0,1.0,Unknown
BRD3,0.0,,1.0,1.0,Unknown
BRD4,0.0,,1.0,1.0,Unknown
BRD7,0.0,,1.0,1.0,Unknown
BRD8,0.0,,1.0,1.0,Unknown
BRD9,0.0,,1.0,1.0,Unknown
BRDT,0.0,,1.0,1.0,Unknown
BRF1,0.0,,1.0,1.0,Unknown
BRF2,0.0,,1.0,1.0,Unknown
BRI3,0.0,,1.0,1.0,Unknown
BRI3BP,0.0,,1.0,1.0,Unknown
BRICD5,0.0,,1.0,1.0,Unknown
BRIP1,0.0,,1.0,1.0,Unknown
BRIX1,0.0,,1.0,1.0,Unknown
BPIFB1,0.0,,1.0,1.0,Unknown
BPIFB2,0.0,,1.0,1.0,Unknown
BPIFB3,0.0,,1.0,1.0,Unknown
BPIFB4,0.0,,1.0,1.0,Unknown
BPIFB6,0.0,,1.0,1.0,Unknown
BPIFC,0.0,,1.0,1.0,Unknown
BPNT1,0.0,,1.0,1.0,Unknown
BPTF,0.0,,1.0,1.0,Unknown
BPY2,0.0,,1.0,1.0,Unknown
BPY2B,0.0,,1.0,1.0,Unknown
BPY2C,0.0,,1.0,1.0,Unknown
BRAF,0.0,,1.0,1.0,Unknown
BRAP,0.0,,1.0,1.0,Unknown
BRAT1,0.0,,1.0,1.0,Unknown
BRCA1,0.0,,1.0,1.0,Unknown
BRCA2,0.0,,1.0,1.0,Unknown
BOLA1,0.0,,1.0,1.0,Unknown
BOLA2,0.0,,1.0,1.0,Unknown
BOLA2B,0.0,,1.0,1.0,Unknown
BOLA3,0.0,,1.0,1.0,Unknown
BOLA3-AS1,0.0,,1.0,1.0,Unknown
BOLL,0.0,,1.0,1.0,Unknown
BOP1,0.0,,1.0,1.0,Unknown
BORA,0.0,,1.0,1.0,Unknown
BPESC1,0.0,,1.0,1.0,Unknown
BPGM,0.0,,1.0,1.0,Unknown
BPHL,0.0,,1.0,1.0,Unknown
BPI,0.0,,1.0,1.0,Unknown
BPIFA1,0.0,,1.0,1.0,Unknown
BPIFA2,0.0,,1.0,1.0,Unknown
BPIFA3,0.0,,1.0,1.0,Unknown
BPIFA4P,0.0,,1.0,1.0,Unknown
BMS1P2,0.0,,1.0,1.0,Unknown
BMS1P4,0.0,,1.0,1.0,Unknown
BMX,0.0,,1.0,1.0,Unknown
BNC1,0.0,,1.0,1.0,Unknown
BNC2,0.0,,1.0,1.0,Unknown
BNIP1,0.0,,1.0,1.0,Unknown
BNIP2,0.0,,1.0,1.0,Unknown
BNIP3,0.0,,1.0,1.0,Unknown
BNIP3L,0.0,,1.0,1.0,Unknown
BNIPL,0.0,,1.0,1.0,Unknown
BOC,0.0,,1.0,1.0,Unknown
BOD1,0.0,,1.0,1.0,Unknown
BOD1L1,0.0,,1.0,1.0,Unknown
BOD1L2,0.0,,1.0,1.0,Unknown
BOK,0.0,,1.0,1.0,Unknown
BOK-AS1,0.0,,1.0,1.0,Unknown
BMP15,0.0,,1.0,1.0,Unknown
BMP2,0.0,,1.0,1.0,Unknown
BMP2K,0.0,,1.0,1.0,Unknown
BMP3,0.0,,1.0,1.0,Unknown
BMP4,0.0,,1.0,1.0,Unknown
BMP5,0.0,,1.0,1.0,Unknown
BMP6,0.0,,1.0,1.0,Unknown
BMP7,0.0,,1.0,1.0,Unknown
BMP8A,0.0,,1.0,1.0,Unknown
BMP8B,0.0,,1.0,1.0,Unknown
BMPER,0.0,,1.0,1.0,Unknown
BMPR1A,0.0,,1.0,1.0,Unknown
BMPR1B,0.0,,1.0,1.0,Unknown
BMPR2,0.0,,1.0,1.0,Unknown
BMS1,0.0,,1.0,1.0,Unknown
BMS1P1,0.0,,1.0,1.0,Unknown
BLMH,0.0,,1.0,1.0,Unknown
BLNK,0.0,,1.0,1.0,Unknown
BLOC1S1,0.0,,1.0,1.0,Unknown
BLOC1S2,0.0,,1.0,1.0,Unknown
BLOC1S3,0.0,,1.0,1.0,Unknown
BLOC1S4,0.0,,1.0,1.0,Unknown
BLOC1S5,0.0,,1.0,1.0,Unknown
BLOC1S5-TXNDC5,0.0,,1.0,1.0,Unknown
BLOC1S6,0.0,,1.0,1.0,Unknown
BLVRA,0.0,,1.0,1.0,Unknown
BLVRB,0.0,,1.0,1.0,Unknown
BLZF1,0.0,,1.0,1.0,Unknown
BMF,0.0,,1.0,1.0,Unknown
BMI1,0.0,,1.0,1.0,Unknown
BMP1,0.0,,1.0,1.0,Unknown
BMP10,0.0,,1.0,1.0,Unknown
BIN1,0.0,,1.0,1.0,Unknown
BIN2,0.0,,1.0,1.0,Unknown
BIN3,0.0,,1.0,1.0,Unknown
BIRC2,0.0,,1.0,1.0,Unknown
BIRC3,0.0,,1.0,1.0,Unknown
BIRC5,0.0,,1.0,1.0,Unknown
BIRC6,0.0,,1.0,1.0,Unknown
BIRC7,0.0,,1.0,1.0,Unknown
BIRC8,0.0,,1.0,1.0,Unknown
BIVM,0.0,,1.0,1.0,Unknown
BIVM-ERCC5,0.0,,1.0,1.0,Unknown
BLACE,0.0,,1.0,1.0,Unknown
BLCAP,0.0,,1.0,1.0,Unknown
BLID,0.0,,1.0,1.0,Unknown
BLK,0.0,,1.0,1.0,Unknown
BLM,0.0,,1.0,1.0,Unknown
BGN,0.0,,1.0,1.0,Unknown
BHLHA15,0.0,,1.0,1.0,Unknown
BHLHA9,0.0,,1.0,1.0,Unknown
BHLHB9,0.0,,1.0,1.0,Unknown
BHLHE22,0.0,,1.0,1.0,Unknown
BHLHE23,0.0,,1.0,1.0,Unknown
BHLHE40,0.0,,1.0,1.0,Unknown
BHLHE40-AS1,0.0,,1.0,1.0,Unknown
BHLHE41,0.0,,1.0,1.0,Unknown
BHMT,0.0,,1.0,1.0,Unknown
BHMT2,0.0,,1.0,1.0,Unknown
BICC1,0.0,,1.0,1.0,Unknown
BICD1,0.0,,1.0,1.0,Unknown
BICD2,0.0,,1.0,1.0,Unknown
BID,0.0,,1.0,1.0,Unknown
BIK,0.0,,1.0,1.0,Unknown
BEND6,0.0,,1.0,1.0,Unknown
BEND7,0.0,,1.0,1.0,Unknown
BEST1,0.0,,1.0,1.0,Unknown
BEST2,0.0,,1.0,1.0,Unknown
BEST3,0.0,,1.0,1.0,Unknown
BEST4,0.0,,1.0,1.0,Unknown
BET1,0.0,,1.0,1.0,Unknown
BET1L,0.0,,1.0,1.0,Unknown
BEX1,0.0,,1.0,1.0,Unknown
BEX2,0.0,,1.0,1.0,Unknown
BEX4,0.0,,1.0,1.0,Unknown
BEX5,0.0,,1.0,1.0,Unknown
BFAR,0.0,,1.0,1.0,Unknown
BFSP1,0.0,,1.0,1.0,Unknown
BFSP2,0.0,,1.0,1.0,Unknown
BGLAP,0.0,,1.0,1.0,Unknown
BCYRN1,0.0,,1.0,1.0,Unknown
BDH1,0.0,,1.0,1.0,Unknown
BDH2,0.0,,1.0,1.0,Unknown
BDKRB1,0.0,,1.0,1.0,Unknown
BDKRB2,0.0,,1.0,1.0,Unknown
BDNF,0.0,,1.0,1.0,Unknown
BDNF-AS,0.0,,1.0,1.0,Unknown
BDP1,0.0,,1.0,1.0,Unknown
BEAN1,0.0,,1.0,1.0,Unknown
BECN1,0.0,,1.0,1.0,Unknown
BEGAIN,0.0,,1.0,1.0,Unknown
BEND2,0.0,,1.0,1.0,Unknown
BEND3,0.0,,1.0,1.0,Unknown
BEND3P3,0.0,,1.0,1.0,Unknown
BEND4,0.0,,1.0,1.0,Unknown
BEND5,0.0,,1.0,1.0,Unknown
BCL6,0.0,,1.0,1.0,Unknown
BCL6B,0.0,,1.0,1.0,Unknown
BCL7A,0.0,,1.0,1.0,Unknown
BCL7B,0.0,,1.0,1.0,Unknown
BCL7C,0.0,,1.0,1.0,Unknown
BCL9,0.0,,1.0,1.0,Unknown
BCL9L,0.0,,1.0,1.0,Unknown
BCLAF1,0.0,,1.0,1.0,Unknown
BCO2,0.0,,1.0,1.0,Unknown
BCOR,0.0,,1.0,1.0,Unknown
BCORL1,0.0,,1.0,1.0,Unknown
BCORP1,0.0,,1.0,1.0,Unknown
BCR,0.0,,1.0,1.0,Unknown
BCRP2,0.0,,1.0,1.0,Unknown
BCRP3,0.0,,1.0,1.0,Unknown
BCS1L,0.0,,1.0,1.0,Unknown
BCKDK,0.0,,1.0,1.0,Unknown
BCL10,0.0,,1.0,1.0,Unknown
BCL11A,0.0,,1.0,1.0,Unknown
BCL11B,0.0,,1.0,1.0,Unknown
BCL2,0.0,,1.0,1.0,Unknown
BCL2A1,0.0,,1.0,1.0,Unknown
BCL2L1,0.0,,1.0,1.0,Unknown
BCL2L10,0.0,,1.0,1.0,Unknown
BCL2L11,0.0,,1.0,1.0,Unknown
BCL2L12,0.0,,1.0,1.0,Unknown
BCL2L13,0.0,,1.0,1.0,Unknown
BCL2L14,0.0,,1.0,1.0,Unknown
BCL2L15,0.0,,1.0,1.0,Unknown
BCL2L2,0.0,,1.0,1.0,Unknown
BCL2L2-PABPN1,0.0,,1.0,1.0,Unknown
BCL3,0.0,,1.0,1.0,Unknown
BCAP31,0.0,,1.0,1.0,Unknown
BCAR1,0.0,,1.0,1.0,Unknown
BCAR3,0.0,,1.0,1.0,Unknown
BCAR4,0.0,,1.0,1.0,Unknown
BCAS1,0.0,,1.0,1.0,Unknown
BCAS2,0.0,,1.0,1.0,Unknown
BCAS3,0.0,,1.0,1.0,Unknown
BCAS4,0.0,,1.0,1.0,Unknown
BCAT1,0.0,,1.0,1.0,Unknown
BCAT2,0.0,,1.0,1.0,Unknown
BCCIP,0.0,,1.0,1.0,Unknown
BCDIN3D,0.0,,1.0,1.0,Unknown
BCDIN3D-AS1,0.0,,1.0,1.0,Unknown
BCHE,0.0,,1.0,1.0,Unknown
BCKDHA,0.0,,1.0,1.0,Unknown
BCKDHB,0.0,,1.0,1.0,Unknown
BAZ2B,0.0,,1.0,1.0,Unknown
BBC3,0.0,,1.0,1.0,Unknown
BBIP1,0.0,,1.0,1.0,Unknown
BBOX1,0.0,,1.0,1.0,Unknown
BBS1,0.0,,1.0,1.0,Unknown
BBS10,0.0,,1.0,1.0,Unknown
BBS12,0.0,,1.0,1.0,Unknown
BBS2,0.0,,1.0,1.0,Unknown
BBS4,0.0,,1.0,1.0,Unknown
BBS5,0.0,,1.0,1.0,Unknown
BBS7,0.0,,1.0,1.0,Unknown
BBS9,0.0,,1.0,1.0,Unknown
BBX,0.0,,1.0,1.0,Unknown
BCAM,0.0,,1.0,1.0,Unknown
BCAN,0.0,,1.0,1.0,Unknown
BCAP29,0.0,,1.0,1.0,Unknown
BANP,0.0,,1.0,1.0,Unknown
BAP1,0.0,,1.0,1.0,Unknown
BARD1,0.0,,1.0,1.0,Unknown
BARHL1,0.0,,1.0,1.0,Unknown
BARHL2,0.0,,1.0,1.0,Unknown
BARX1,0.0,,1.0,1.0,Unknown
BARX2,0.0,,1.0,1.0,Unknown
BASP1,0.0,,1.0,1.0,Unknown
BASP1P1,0.0,,1.0,1.0,Unknown
BATF,0.0,,1.0,1.0,Unknown
BATF2,0.0,,1.0,1.0,Unknown
BATF3,0.0,,1.0,1.0,Unknown
BAX,0.0,,1.0,1.0,Unknown
BAZ1A,0.0,,1.0,1.0,Unknown
BAZ1B,0.0,,1.0,1.0,Unknown
BAZ2A,0.0,,1.0,1.0,Unknown
BAG5,0.0,,1.0,1.0,Unknown
BAG6,0.0,,1.0,1.0,Unknown
BAGE2,0.0,,1.0,1.0,Unknown
BAHCC1,0.0,,1.0,1.0,Unknown
BAHD1,0.0,,1.0,1.0,Unknown
BAIAP2,0.0,,1.0,1.0,Unknown
BAIAP2-AS1,0.0,,1.0,1.0,Unknown
BAIAP2L1,0.0,,1.0,1.0,Unknown
BAIAP2L2,0.0,,1.0,1.0,Unknown
BAIAP3,0.0,,1.0,1.0,Unknown
BAK1,0.0,,1.0,1.0,Unknown
BAMBI,0.0,,1.0,1.0,Unknown
BANCR,0.0,,1.0,1.0,Unknown
BANF1,0.0,,1.0,1.0,Unknown
BANF2,0.0,,1.0,1.0,Unknown
BANK1,0.0,,1.0,1.0,Unknown
B4GALT7,0.0,,1.0,1.0,Unknown
B9D1,0.0,,1.0,1.0,Unknown
B9D2,0.0,,1.0,1.0,Unknown
BAALC,0.0,,1.0,1.0,Unknown
BAAT,0.0,,1.0,1.0,Unknown
BABAM1,0.0,,1.0,1.0,Unknown
BACE1,0.0,,1.0,1.0,Unknown
BACE1-AS,0.0,,1.0,1.0,Unknown
BACE2,0.0,,1.0,1.0,Unknown
BACH1,0.0,,1.0,1.0,Unknown
BACH2,0.0,,1.0,1.0,Unknown
BAD,0.0,,1.0,1.0,Unknown
BAG1,0.0,,1.0,1.0,Unknown
BAG2,0.0,,1.0,1.0,Unknown
BAG3,0.0,,1.0,1.0,Unknown
BAG4,0.0,,1.0,1.0,Unknown
B3GNT5,0.0,,1.0,1.0,Unknown
B3GNT6,0.0,,1.0,1.0,Unknown
B3GNT7,0.0,,1.0,1.0,Unknown
B3GNT8,0.0,,1.0,1.0,Unknown
B3GNT9,0.0,,1.0,1.0,Unknown
B3GNTL1,0.0,,1.0,1.0,Unknown
B4GALNT1,0.0,,1.0,1.0,Unknown
B4GALNT2,0.0,,1.0,1.0,Unknown
B4GALNT3,0.0,,1.0,1.0,Unknown
B4GALNT4,0.0,,1.0,1.0,Unknown
B4GALT1,0.0,,1.0,1.0,Unknown
B4GALT2,0.0,,1.0,1.0,Unknown
B4GALT3,0.0,,1.0,1.0,Unknown
B4GALT4,0.0,,1.0,1.0,Unknown
B4GALT5,0.0,,1.0,1.0,Unknown
B4GALT6,0.0,,1.0,1.0,Unknown
AZIN1,0.0,,1.0,1.0,Unknown
AZU1,0.0,,1.0,1.0,Unknown
B2M,0.0,,1.0,1.0,Unknown
B3GALNT1,0.0,,1.0,1.0,Unknown
B3GALNT2,0.0,,1.0,1.0,Unknown
B3GALT1,0.0,,1.0,1.0,Unknown
B3GALT2,0.0,,1.0,1.0,Unknown
B3GALT4,0.0,,1.0,1.0,Unknown
B3GALT5,0.0,,1.0,1.0,Unknown
B3GALT6,0.0,,1.0,1.0,Unknown
B3GAT1,0.0,,1.0,1.0,Unknown
B3GAT2,0.0,,1.0,1.0,Unknown
B3GAT3,0.0,,1.0,1.0,Unknown
B3GNT2,0.0,,1.0,1.0,Unknown
B3GNT3,0.0,,1.0,1.0,Unknown
B3GNT4,0.0,,1.0,1.0,Unknown
AVIL,0.0,,1.0,1.0,Unknown
AVL9,0.0,,1.0,1.0,Unknown
AVP,0.0,,1.0,1.0,Unknown
AVPI1,0.0,,1.0,1.0,Unknown
AVPR1A,0.0,,1.0,1.0,Unknown
AVPR1B,0.0,,1.0,1.0,Unknown
AVPR2,0.0,,1.0,1.0,Unknown
AWAT1,0.0,,1.0,1.0,Unknown
AWAT2,0.0,,1.0,1.0,Unknown
AXDND1,0.0,,1.0,1.0,Unknown
AXIN1,0.0,,1.0,1.0,Unknown
AXIN2,0.0,,1.0,1.0,Unknown
AXL,0.0,,1.0,1.0,Unknown
AZGP1,0.0,,1.0,1.0,Unknown
AZGP1P1,0.0,,1.0,1.0,Unknown
AZI2,0.0,,1.0,1.0,Unknown
ATXN7,0.0,,1.0,1.0,Unknown
ATXN7L1,0.0,,1.0,1.0,Unknown
ATXN7L2,0.0,,1.0,1.0,Unknown
ATXN7L3,0.0,,1.0,1.0,Unknown
ATXN7L3B,0.0,,1.0,1.0,Unknown
ATXN8OS,0.0,,1.0,1.0,Unknown
AUH,0.0,,1.0,1.0,Unknown
AUNIP,0.0,,1.0,1.0,Unknown
AUP1,0.0,,1.0,1.0,Unknown
AURKA,0.0,,1.0,1.0,Unknown
AURKAIP1,0.0,,1.0,1.0,Unknown
AURKAPS1,0.0,,1.0,1.0,Unknown
AURKB,0.0,,1.0,1.0,Unknown
AURKC,0.0,,1.0,1.0,Unknown
AUTS2,0.0,,1.0,1.0,Unknown
AVEN,0.0,,1.0,1.0,Unknown
ATPAF1,0.0,,1.0,1.0,Unknown
ATPAF2,0.0,,1.0,1.0,Unknown
ATPIF1,0.0,,1.0,1.0,Unknown
ATR,0.0,,1.0,1.0,Unknown
ATRAID,0.0,,1.0,1.0,Unknown
ATRIP,0.0,,1.0,1.0,Unknown
ATRN,0.0,,1.0,1.0,Unknown
ATRNL1,0.0,,1.0,1.0,Unknown
ATRX,0.0,,1.0,1.0,Unknown
ATXN1,0.0,,1.0,1.0,Unknown
ATXN10,0.0,,1.0,1.0,Unknown
ATXN1L,0.0,,1.0,1.0,Unknown
ATXN2,0.0,,1.0,1.0,Unknown
ATXN2L,0.0,,1.0,1.0,Unknown
ATXN3,0.0,,1.0,1.0,Unknown
ATXN3L,0.0,,1.0,1.0,Unknown
ATP6V1G1,0.0,,1.0,1.0,Unknown
ATP6V1G2,0.0,,1.0,1.0,Unknown
ATP6V1G2-DDX39B,0.0,,1.0,1.0,Unknown
ATP6V1G3,0.0,,1.0,1.0,Unknown
ATP6V1H,0.0,,1.0,1.0,Unknown
ATP7A,0.0,,1.0,1.0,Unknown
ATP7B,0.0,,1.0,1.0,Unknown
ATP8A1,0.0,,1.0,1.0,Unknown
ATP8A2,0.0,,1.0,1.0,Unknown
ATP8B1,0.0,,1.0,1.0,Unknown
ATP8B2,0.0,,1.0,1.0,Unknown
ATP8B3,0.0,,1.0,1.0,Unknown
ATP8B4,0.0,,1.0,1.0,Unknown
ATP8B5P,0.0,,1.0,1.0,Unknown
ATP9A,0.0,,1.0,1.0,Unknown
ATP9B,0.0,,1.0,1.0,Unknown
ATP6V0C,0.0,,1.0,1.0,Unknown
ATP6V0CP3,0.0,,1.0,1.0,Unknown
ATP6V0D1,0.0,,1.0,1.0,Unknown
ATP6V0D2,0.0,,1.0,1.0,Unknown
ATP6V0E1,0.0,,1.0,1.0,Unknown
ATP6V0E2,0.0,,1.0,1.0,Unknown
ATP6V0E2-AS1,0.0,,1.0,1.0,Unknown
ATP6V1A,0.0,,1.0,1.0,Unknown
ATP6V1B1,0.0,,1.0,1.0,Unknown
ATP6V1B2,0.0,,1.0,1.0,Unknown
ATP6V1C1,0.0,,1.0,1.0,Unknown
ATP6V1C2,0.0,,1.0,1.0,Unknown
ATP6V1D,0.0,,1.0,1.0,Unknown
ATP6V1E1,0.0,,1.0,1.0,Unknown
ATP6V1E2,0.0,,1.0,1.0,Unknown
ATP6V1F,0.0,,1.0,1.0,Unknown
ATP5I,0.0,,1.0,1.0,Unknown
ATP5J,0.0,,1.0,1.0,Unknown
ATP5J2,0.0,,1.0,1.0,Unknown
ATP5J2-PTCD1,0.0,,1.0,1.0,Unknown
ATP5L,0.0,,1.0,1.0,Unknown
ATP5L2,0.0,,1.0,1.0,Unknown
ATP5O,0.0,,1.0,1.0,Unknown
ATP5S,0.0,,1.0,1.0,Unknown
ATP5SL,0.0,,1.0,1.0,Unknown
ATP6AP1,0.0,,1.0,1.0,Unknown
ATP6AP1L,0.0,,1.0,1.0,Unknown
ATP6AP2,0.0,,1.0,1.0,Unknown
ATP6V0A1,0.0,,1.0,1.0,Unknown
ATP6V0A2,0.0,,1.0,1.0,Unknown
ATP6V0A4,0.0,,1.0,1.0,Unknown
ATP6V0B,0.0,,1.0,1.0,Unknown
ATP2B4,0.0,,1.0,1.0,Unknown
ATP2C1,0.0,,1.0,1.0,Unknown
ATP2C2,0.0,,1.0,1.0,Unknown
ATP4A,0.0,,1.0,1.0,Unknown
ATP4B,0.0,,1.0,1.0,Unknown
ATP5A1,0.0,,1.0,1.0,Unknown
ATP5B,0.0,,1.0,1.0,Unknown
ATP5C1,0.0,,1.0,1.0,Unknown
ATP5D,0.0,,1.0,1.0,Unknown
ATP5E,0.0,,1.0,1.0,Unknown
ATP5EP2,0.0,,1.0,1.0,Unknown
ATP5F1,0.0,,1.0,1.0,Unknown
ATP5G1,0.0,,1.0,1.0,Unknown
ATP5G2,0.0,,1.0,1.0,Unknown
ATP5G3,0.0,,1.0,1.0,Unknown
ATP5H,0.0,,1.0,1.0,Unknown
ATP13A4,0.0,,1.0,1.0,Unknown
ATP13A5,0.0,,1.0,1.0,Unknown
ATP1A1,0.0,,1.0,1.0,Unknown
ATP1A2,0.0,,1.0,1.0,Unknown
ATP1A3,0.0,,1.0,1.0,Unknown
ATP1A4,0.0,,1.0,1.0,Unknown
ATP1B1,0.0,,1.0,1.0,Unknown
ATP1B2,0.0,,1.0,1.0,Unknown
ATP1B3,0.0,,1.0,1.0,Unknown
ATP1B4,0.0,,1.0,1.0,Unknown
ATP2A1,0.0,,1.0,1.0,Unknown
ATP2A2,0.0,,1.0,1.0,Unknown
ATP2A3,0.0,,1.0,1.0,Unknown
ATP2B1,0.0,,1.0,1.0,Unknown
ATP2B2,0.0,,1.0,1.0,Unknown
ATP2B3,0.0,,1.0,1.0,Unknown
ATMIN,0.0,,1.0,1.0,Unknown
ATN1,0.0,,1.0,1.0,Unknown
ATOH1,0.0,,1.0,1.0,Unknown
ATOH7,0.0,,1.0,1.0,Unknown
ATOH8,0.0,,1.0,1.0,Unknown
ATOX1,0.0,,1.0,1.0,Unknown
ATP10A,0.0,,1.0,1.0,Unknown
ATP10B,0.0,,1.0,1.0,Unknown
ATP10D,0.0,,1.0,1.0,Unknown
ATP11A,0.0,,1.0,1.0,Unknown
ATP11B,0.0,,1.0,1.0,Unknown
ATP11C,0.0,,1.0,1.0,Unknown
ATP12A,0.0,,1.0,1.0,Unknown
ATP13A1,0.0,,1.0,1.0,Unknown
ATP13A2,0.0,,1.0,1.0,Unknown
ATP13A3,0.0,,1.0,1.0,Unknown
ATG2A,0.0,,1.0,1.0,Unknown
ATG2B,0.0,,1.0,1.0,Unknown
ATG3,0.0,,1.0,1.0,Unknown
ATG4A,0.0,,1.0,1.0,Unknown
ATG4B,0.0,,1.0,1.0,Unknown
ATG4C,0.0,,1.0,1.0,Unknown
ATG4D,0.0,,1.0,1.0,Unknown
ATG5,0.0,,1.0,1.0,Unknown
ATG7,0.0,,1.0,1.0,Unknown
ATG9A,0.0,,1.0,1.0,Unknown
ATG9B,0.0,,1.0,1.0,Unknown
ATIC,0.0,,1.0,1.0,Unknown
ATL1,0.0,,1.0,1.0,Unknown
ATL2,0.0,,1.0,1.0,Unknown
ATL3,0.0,,1.0,1.0,Unknown
ATM,0.0,,1.0,1.0,Unknown
ATF1,0.0,,1.0,1.0,Unknown
ATF2,0.0,,1.0,1.0,Unknown
ATF3,0.0,,1.0,1.0,Unknown
ATF4,0.0,,1.0,1.0,Unknown
ATF5,0.0,,1.0,1.0,Unknown
ATF6,0.0,,1.0,1.0,Unknown
ATF6B,0.0,,1.0,1.0,Unknown
ATF7,0.0,,1.0,1.0,Unknown
ATF7IP,0.0,,1.0,1.0,Unknown
ATF7IP2,0.0,,1.0,1.0,Unknown
ATG10,0.0,,1.0,1.0,Unknown
ATG12,0.0,,1.0,1.0,Unknown
ATG13,0.0,,1.0,1.0,Unknown
ATG14,0.0,,1.0,1.0,Unknown
ATG16L1,0.0,,1.0,1.0,Unknown
ATG16L2,0.0,,1.0,1.0,Unknown
ASTN1,0.0,,1.0,1.0,Unknown
ASTN2,0.0,,1.0,1.0,Unknown
ASXL1,0.0,,1.0,1.0,Unknown
ASXL2,0.0,,1.0,1.0,Unknown
ASXL3,0.0,,1.0,1.0,Unknown
ASZ1,0.0,,1.0,1.0,Unknown
ATAD1,0.0,,1.0,1.0,Unknown
ATAD2,0.0,,1.0,1.0,Unknown
ATAD2B,0.0,,1.0,1.0,Unknown
ATAD3A,0.0,,1.0,1.0,Unknown
ATAD3B,0.0,,1.0,1.0,Unknown
ATAD3C,0.0,,1.0,1.0,Unknown
ATAD5,0.0,,1.0,1.0,Unknown
ATAT1,0.0,,1.0,1.0,Unknown
ATCAY,0.0,,1.0,1.0,Unknown
ATE1,0.0,,1.0,1.0,Unknown
ASNS,0.0,,1.0,1.0,Unknown
ASNSD1,0.0,,1.0,1.0,Unknown
ASPA,0.0,,1.0,1.0,Unknown
ASPDH,0.0,,1.0,1.0,Unknown
ASPG,0.0,,1.0,1.0,Unknown
ASPH,0.0,,1.0,1.0,Unknown
ASPHD1,0.0,,1.0,1.0,Unknown
ASPHD2,0.0,,1.0,1.0,Unknown
ASPM,0.0,,1.0,1.0,Unknown
ASPN,0.0,,1.0,1.0,Unknown
ASPRV1,0.0,,1.0,1.0,Unknown
ASPSCR1,0.0,,1.0,1.0,Unknown
ASRGL1,0.0,,1.0,1.0,Unknown
ASS1,0.0,,1.0,1.0,Unknown
ASTE1,0.0,,1.0,1.0,Unknown
ASTL,0.0,,1.0,1.0,Unknown
ASGR1,0.0,,1.0,1.0,Unknown
ASGR2,0.0,,1.0,1.0,Unknown
ASH1L,0.0,,1.0,1.0,Unknown
ASH1L-AS1,0.0,,1.0,1.0,Unknown
ASH2L,0.0,,1.0,1.0,Unknown
ASIC1,0.0,,1.0,1.0,Unknown
ASIC2,0.0,,1.0,1.0,Unknown
ASIC3,0.0,,1.0,1.0,Unknown
ASIC4,0.0,,1.0,1.0,Unknown
ASIC5,0.0,,1.0,1.0,Unknown
ASIP,0.0,,1.0,1.0,Unknown
ASL,0.0,,1.0,1.0,Unknown
ASMT,0.0,,1.0,1.0,Unknown
ASMTL,0.0,,1.0,1.0,Unknown
ASMTL-AS1,0.0,,1.0,1.0,Unknown
ASNA1,0.0,,1.0,1.0,Unknown
ASB5,0.0,,1.0,1.0,Unknown
ASB6,0.0,,1.0,1.0,Unknown
ASB7,0.0,,1.0,1.0,Unknown
ASB8,0.0,,1.0,1.0,Unknown
ASB9,0.0,,1.0,1.0,Unknown
ASB9P1,0.0,,1.0,1.0,Unknown
ASCC1,0.0,,1.0,1.0,Unknown
ASCC2,0.0,,1.0,1.0,Unknown
ASCC3,0.0,,1.0,1.0,Unknown
ASCL1,0.0,,1.0,1.0,Unknown
ASCL2,0.0,,1.0,1.0,Unknown
ASCL3,0.0,,1.0,1.0,Unknown
ASCL4,0.0,,1.0,1.0,Unknown
ASCL5,0.0,,1.0,1.0,Unknown
ASF1A,0.0,,1.0,1.0,Unknown
ASF1B,0.0,,1.0,1.0,Unknown
ASAP2,0.0,,1.0,1.0,Unknown
ASAP3,0.0,,1.0,1.0,Unknown
ASB1,0.0,,1.0,1.0,Unknown
ASB10,0.0,,1.0,1.0,Unknown
ASB11,0.0,,1.0,1.0,Unknown
ASB12,0.0,,1.0,1.0,Unknown
ASB13,0.0,,1.0,1.0,Unknown
ASB14,0.0,,1.0,1.0,Unknown
ASB15,0.0,,1.0,1.0,Unknown
ASB16,0.0,,1.0,1.0,Unknown
ASB16-AS1,0.0,,1.0,1.0,Unknown
ASB17,0.0,,1.0,1.0,Unknown
ASB18,0.0,,1.0,1.0,Unknown
ASB2,0.0,,1.0,1.0,Unknown
ASB3,0.0,,1.0,1.0,Unknown
ASB4,0.0,,1.0,1.0,Unknown
ARSI,0.0,,1.0,1.0,Unknown
ARSJ,0.0,,1.0,1.0,Unknown
ARSK,0.0,,1.0,1.0,Unknown
ART1,0.0,,1.0,1.0,Unknown
ART3,0.0,,1.0,1.0,Unknown
ART4,0.0,,1.0,1.0,Unknown
ART5,0.0,,1.0,1.0,Unknown
ARTN,0.0,,1.0,1.0,Unknown
ARV1,0.0,,1.0,1.0,Unknown
ARVCF,0.0,,1.0,1.0,Unknown
ARX,0.0,,1.0,1.0,Unknown
AS3MT,0.0,,1.0,1.0,Unknown
ASAH1,0.0,,1.0,1.0,Unknown
ASAH2,0.0,,1.0,1.0,Unknown
ASAH2B,0.0,,1.0,1.0,Unknown
ASAP1,0.0,,1.0,1.0,Unknown
ARR3,0.0,,1.0,1.0,Unknown
ARRB1,0.0,,1.0,1.0,Unknown
ARRB2,0.0,,1.0,1.0,Unknown
ARRDC1,0.0,,1.0,1.0,Unknown
ARRDC2,0.0,,1.0,1.0,Unknown
ARRDC3,0.0,,1.0,1.0,Unknown
ARRDC3-AS1,0.0,,1.0,1.0,Unknown
ARRDC4,0.0,,1.0,1.0,Unknown
ARRDC5,0.0,,1.0,1.0,Unknown
ARSA,0.0,,1.0,1.0,Unknown
ARSB,0.0,,1.0,1.0,Unknown
ARSD,0.0,,1.0,1.0,Unknown
ARSE,0.0,,1.0,1.0,Unknown
ARSF,0.0,,1.0,1.0,Unknown
ARSG,0.0,,1.0,1.0,Unknown
ARSH,0.0,,1.0,1.0,Unknown
ARMCX6,0.0,,1.0,1.0,Unknown
ARMS2,0.0,,1.0,1.0,Unknown
ARNT,0.0,,1.0,1.0,Unknown
ARNT2,0.0,,1.0,1.0,Unknown
ARNTL,0.0,,1.0,1.0,Unknown
ARNTL2,0.0,,1.0,1.0,Unknown
ARPC1A,0.0,,1.0,1.0,Unknown
ARPC1B,0.0,,1.0,1.0,Unknown
ARPC2,0.0,,1.0,1.0,Unknown
ARPC3,0.0,,1.0,1.0,Unknown
ARPC4,0.0,,1.0,1.0,Unknown
ARPC4-TTLL3,0.0,,1.0,1.0,Unknown
ARPC5,0.0,,1.0,1.0,Unknown
ARPC5L,0.0,,1.0,1.0,Unknown
ARPP19,0.0,,1.0,1.0,Unknown
ARPP21,0.0,,1.0,1.0,Unknown
ARMC10,0.0,,1.0,1.0,Unknown
ARMC12,0.0,,1.0,1.0,Unknown
ARMC2,0.0,,1.0,1.0,Unknown
ARMC3,0.0,,1.0,1.0,Unknown
ARMC4,0.0,,1.0,1.0,Unknown
ARMC5,0.0,,1.0,1.0,Unknown
ARMC6,0.0,,1.0,1.0,Unknown
ARMC7,0.0,,1.0,1.0,Unknown
ARMC8,0.0,,1.0,1.0,Unknown
ARMC9,0.0,,1.0,1.0,Unknown
ARMCX1,0.0,,1.0,1.0,Unknown
ARMCX2,0.0,,1.0,1.0,Unknown
ARMCX3,0.0,,1.0,1.0,Unknown
ARMCX4,0.0,,1.0,1.0,Unknown
ARMCX5,0.0,,1.0,1.0,Unknown
ARMCX5-GPRASP2,0.0,,1.0,1.0,Unknown
ARL3,0.0,,1.0,1.0,Unknown
ARL4A,0.0,,1.0,1.0,Unknown
ARL4C,0.0,,1.0,1.0,Unknown
ARL4D,0.0,,1.0,1.0,Unknown
ARL5A,0.0,,1.0,1.0,Unknown
ARL5B,0.0,,1.0,1.0,Unknown
ARL5C,0.0,,1.0,1.0,Unknown
ARL6,0.0,,1.0,1.0,Unknown
ARL6IP1,0.0,,1.0,1.0,Unknown
ARL6IP4,0.0,,1.0,1.0,Unknown
ARL6IP5,0.0,,1.0,1.0,Unknown
ARL6IP6,0.0,,1.0,1.0,Unknown
ARL8A,0.0,,1.0,1.0,Unknown
ARL8B,0.0,,1.0,1.0,Unknown
ARL9,0.0,,1.0,1.0,Unknown
ARMC1,0.0,,1.0,1.0,Unknown
ARIH2OS,0.0,,1.0,1.0,Unknown
ARL1,0.0,,1.0,1.0,Unknown
ARL10,0.0,,1.0,1.0,Unknown
ARL11,0.0,,1.0,1.0,Unknown
ARL13A,0.0,,1.0,1.0,Unknown
ARL13B,0.0,,1.0,1.0,Unknown
ARL14,0.0,,1.0,1.0,Unknown
ARL14EP,0.0,,1.0,1.0,Unknown
ARL14EPL,0.0,,1.0,1.0,Unknown
ARL15,0.0,,1.0,1.0,Unknown
ARL16,0.0,,1.0,1.0,Unknown
ARL17A,0.0,,1.0,1.0,Unknown
ARL17B,0.0,,1.0,1.0,Unknown
ARL2,0.0,,1.0,1.0,Unknown
ARL2-SNX15,0.0,,1.0,1.0,Unknown
ARL2BP,0.0,,1.0,1.0,Unknown
ARHGEF5,0.0,,1.0,1.0,Unknown
ARHGEF6,0.0,,1.0,1.0,Unknown
ARHGEF7,0.0,,1.0,1.0,Unknown
ARHGEF9,0.0,,1.0,1.0,Unknown
ARID1A,0.0,,1.0,1.0,Unknown
ARID1B,0.0,,1.0,1.0,Unknown
ARID2,0.0,,1.0,1.0,Unknown
ARID3A,0.0,,1.0,1.0,Unknown
ARID3B,0.0,,1.0,1.0,Unknown
ARID3C,0.0,,1.0,1.0,Unknown
ARID4A,0.0,,1.0,1.0,Unknown
ARID4B,0.0,,1.0,1.0,Unknown
ARID5A,0.0,,1.0,1.0,Unknown
ARID5B,0.0,,1.0,1.0,Unknown
ARIH1,0.0,,1.0,1.0,Unknown
ARIH2,0.0,,1.0,1.0,Unknown
ARHGEF2,0.0,,1.0,1.0,Unknown
ARHGEF25,0.0,,1.0,1.0,Unknown
ARHGEF26,0.0,,1.0,1.0,Unknown
ARHGEF26-AS1,0.0,,1.0,1.0,Unknown
ARHGEF28,0.0,,1.0,1.0,Unknown
ARHGEF3,0.0,,1.0,1.0,Unknown
ARHGEF3-AS1,0.0,,1.0,1.0,Unknown
ARHGEF33,0.0,,1.0,1.0,Unknown
ARHGEF34P,0.0,,1.0,1.0,Unknown
ARHGEF35,0.0,,1.0,1.0,Unknown
ARHGEF37,0.0,,1.0,1.0,Unknown
ARHGEF38,0.0,,1.0,1.0,Unknown
ARHGEF38-IT1,0.0,,1.0,1.0,Unknown
ARHGEF39,0.0,,1.0,1.0,Unknown
ARHGEF4,0.0,,1.0,1.0,Unknown
ARHGEF40,0.0,,1.0,1.0,Unknown
ARHGAP6,0.0,,1.0,1.0,Unknown
ARHGAP8,0.0,,1.0,1.0,Unknown
ARHGAP9,0.0,,1.0,1.0,Unknown
ARHGDIA,0.0,,1.0,1.0,Unknown
ARHGDIB,0.0,,1.0,1.0,Unknown
ARHGDIG,0.0,,1.0,1.0,Unknown
ARHGEF1,0.0,,1.0,1.0,Unknown
ARHGEF10,0.0,,1.0,1.0,Unknown
ARHGEF10L,0.0,,1.0,1.0,Unknown
ARHGEF11,0.0,,1.0,1.0,Unknown
ARHGEF12,0.0,,1.0,1.0,Unknown
ARHGEF15,0.0,,1.0,1.0,Unknown
ARHGEF16,0.0,,1.0,1.0,Unknown
ARHGEF17,0.0,,1.0,1.0,Unknown
ARHGEF18,0.0,,1.0,1.0,Unknown
ARHGEF19,0.0,,1.0,1.0,Unknown
ARHGAP27,0.0,,1.0,1.0,Unknown
ARHGAP28,0.0,,1.0,1.0,Unknown
ARHGAP29,0.0,,1.0,1.0,Unknown
ARHGAP30,0.0,,1.0,1.0,Unknown
ARHGAP31,0.0,,1.0,1.0,Unknown
ARHGAP32,0.0,,1.0,1.0,Unknown
ARHGAP33,0.0,,1.0,1.0,Unknown
ARHGAP35,0.0,,1.0,1.0,Unknown
ARHGAP36,0.0,,1.0,1.0,Unknown
ARHGAP39,0.0,,1.0,1.0,Unknown
ARHGAP4,0.0,,1.0,1.0,Unknown
ARHGAP40,0.0,,1.0,1.0,Unknown
ARHGAP42,0.0,,1.0,1.0,Unknown
ARHGAP44,0.0,,1.0,1.0,Unknown
ARHGAP5,0.0,,1.0,1.0,Unknown
ARHGAP5-AS1,0.0,,1.0,1.0,Unknown
ARHGAP11A,0.0,,1.0,1.0,Unknown
ARHGAP11B,0.0,,1.0,1.0,Unknown
ARHGAP12,0.0,,1.0,1.0,Unknown
ARHGAP15,0.0,,1.0,1.0,Unknown
ARHGAP17,0.0,,1.0,1.0,Unknown
ARHGAP18,0.0,,1.0,1.0,Unknown
ARHGAP19,0.0,,1.0,1.0,Unknown
ARHGAP19-SLIT1,0.0,,1.0,1.0,Unknown
ARHGAP20,0.0,,1.0,1.0,Unknown
ARHGAP21,0.0,,1.0,1.0,Unknown
ARHGAP22,0.0,,1.0,1.0,Unknown
ARHGAP23,0.0,,1.0,1.0,Unknown
ARHGAP24,0.0,,1.0,1.0,Unknown
ARHGAP25,0.0,,1.0,1.0,Unknown
ARHGAP26,0.0,,1.0,1.0,Unknown
ARHGAP26-AS1,0.0,,1.0,1.0,Unknown
ARF6,0.0,,1.0,1.0,Unknown
ARFGAP1,0.0,,1.0,1.0,Unknown
ARFGAP2,0.0,,1.0,1.0,Unknown
ARFGAP3,0.0,,1.0,1.0,Unknown
ARFGEF1,0.0,,1.0,1.0,Unknown
ARFGEF2,0.0,,1.0,1.0,Unknown
ARFIP1,0.0,,1.0,1.0,Unknown
ARFIP2,0.0,,1.0,1.0,Unknown
ARFRP1,0.0,,1.0,1.0,Unknown
ARG1,0.0,,1.0,1.0,Unknown
ARG2,0.0,,1.0,1.0,Unknown
ARGFX,0.0,,1.0,1.0,Unknown
ARGFXP2,0.0,,1.0,1.0,Unknown
ARGLU1,0.0,,1.0,1.0,Unknown
ARHGAP1,0.0,,1.0,1.0,Unknown
ARHGAP10,0.0,,1.0,1.0,Unknown
AQP8,0.0,,1.0,1.0,Unknown
AQP9,0.0,,1.0,1.0,Unknown
AQR,0.0,,1.0,1.0,Unknown
AR,0.0,,1.0,1.0,Unknown
ARAF,0.0,,1.0,1.0,Unknown
ARAP1,0.0,,1.0,1.0,Unknown
ARAP2,0.0,,1.0,1.0,Unknown
ARAP3,0.0,,1.0,1.0,Unknown
ARC,0.0,,1.0,1.0,Unknown
ARCN1,0.0,,1.0,1.0,Unknown
AREG,0.0,,1.0,1.0,Unknown
AREL1,0.0,,1.0,1.0,Unknown
ARF1,0.0,,1.0,1.0,Unknown
ARF3,0.0,,1.0,1.0,Unknown
ARF4,0.0,,1.0,1.0,Unknown
ARF5,0.0,,1.0,1.0,Unknown
APRT,0.0,,1.0,1.0,Unknown
APTX,0.0,,1.0,1.0,Unknown
AQP1,0.0,,1.0,1.0,Unknown
AQP10,0.0,,1.0,1.0,Unknown
AQP11,0.0,,1.0,1.0,Unknown
AQP12A,0.0,,1.0,1.0,Unknown
AQP12B,0.0,,1.0,1.0,Unknown
AQP2,0.0,,1.0,1.0,Unknown
AQP3,0.0,,1.0,1.0,Unknown
AQP4,0.0,,1.0,1.0,Unknown
AQP4-AS1,0.0,,1.0,1.0,Unknown
AQP5,0.0,,1.0,1.0,Unknown
AQP6,0.0,,1.0,1.0,Unknown
AQP7,0.0,,1.0,1.0,Unknown
AQP7P1,0.0,,1.0,1.0,Unknown
AQP7P3,0.0,,1.0,1.0,Unknown
APOL1,0.0,,1.0,1.0,Unknown
APOL2,0.0,,1.0,1.0,Unknown
APOL3,0.0,,1.0,1.0,Unknown
APOL4,0.0,,1.0,1.0,Unknown
APOL5,0.0,,1.0,1.0,Unknown
APOL6,0.0,,1.0,1.0,Unknown
APOLD1,0.0,,1.0,1.0,Unknown
APOM,0.0,,1.0,1.0,Unknown
APOO,0.0,,1.0,1.0,Unknown
APOOL,0.0,,1.0,1.0,Unknown
APOOP5,0.0,,1.0,1.0,Unknown
APOPT1,0.0,,1.0,1.0,Unknown
APP,0.0,,1.0,1.0,Unknown
APPBP2,0.0,,1.0,1.0,Unknown
APPL1,0.0,,1.0,1.0,Unknown
APPL2,0.0,,1.0,1.0,Unknown
APOBEC3D,0.0,,1.0,1.0,Unknown
APOBEC3F,0.0,,1.0,1.0,Unknown
APOBEC3G,0.0,,1.0,1.0,Unknown
APOBEC3H,0.0,,1.0,1.0,Unknown
APOBEC4,0.0,,1.0,1.0,Unknown
APOBR,0.0,,1.0,1.0,Unknown
APOC1,0.0,,1.0,1.0,Unknown
APOC1P1,0.0,,1.0,1.0,Unknown
APOC2,0.0,,1.0,1.0,Unknown
APOC3,0.0,,1.0,1.0,Unknown
APOC4,0.0,,1.0,1.0,Unknown
APOC4-APOC2,0.0,,1.0,1.0,Unknown
APOD,0.0,,1.0,1.0,Unknown
APOE,0.0,,1.0,1.0,Unknown
APOF,0.0,,1.0,1.0,Unknown
APOH,0.0,,1.0,1.0,Unknown
APLF,0.0,,1.0,1.0,Unknown
APLN,0.0,,1.0,1.0,Unknown
APLNR,0.0,,1.0,1.0,Unknown
APLP1,0.0,,1.0,1.0,Unknown
APLP2,0.0,,1.0,1.0,Unknown
APMAP,0.0,,1.0,1.0,Unknown
APOA1,0.0,,1.0,1.0,Unknown
APOA2,0.0,,1.0,1.0,Unknown
APOA4,0.0,,1.0,1.0,Unknown
APOA5,0.0,,1.0,1.0,Unknown
APOB,0.0,,1.0,1.0,Unknown
APOBEC1,0.0,,1.0,1.0,Unknown
APOBEC2,0.0,,1.0,1.0,Unknown
APOBEC3A,0.0,,1.0,1.0,Unknown
APOBEC3B,0.0,,1.0,1.0,Unknown
APOBEC3C,0.0,,1.0,1.0,Unknown
APBB2,0.0,,1.0,1.0,Unknown
APBB3,0.0,,1.0,1.0,Unknown
APC,0.0,,1.0,1.0,Unknown
APC2,0.0,,1.0,1.0,Unknown
APCDD1,0.0,,1.0,1.0,Unknown
APCDD1L,0.0,,1.0,1.0,Unknown
APCDD1L-AS1,0.0,,1.0,1.0,Unknown
APCS,0.0,,1.0,1.0,Unknown
APEH,0.0,,1.0,1.0,Unknown
APEX1,0.0,,1.0,1.0,Unknown
APEX2,0.0,,1.0,1.0,Unknown
APH1A,0.0,,1.0,1.0,Unknown
APH1B,0.0,,1.0,1.0,Unknown
API5,0.0,,1.0,1.0,Unknown
APIP,0.0,,1.0,1.0,Unknown
APITD1-CORT,0.0,,1.0,1.0,Unknown
AP3S2,0.0,,1.0,1.0,Unknown
AP4B1,0.0,,1.0,1.0,Unknown
AP4B1-AS1,0.0,,1.0,1.0,Unknown
AP4E1,0.0,,1.0,1.0,Unknown
AP4M1,0.0,,1.0,1.0,Unknown
AP4S1,0.0,,1.0,1.0,Unknown
AP5B1,0.0,,1.0,1.0,Unknown
AP5M1,0.0,,1.0,1.0,Unknown
AP5S1,0.0,,1.0,1.0,Unknown
AP5Z1,0.0,,1.0,1.0,Unknown
APAF1,0.0,,1.0,1.0,Unknown
APBA1,0.0,,1.0,1.0,Unknown
APBA2,0.0,,1.0,1.0,Unknown
APBA3,0.0,,1.0,1.0,Unknown
APBB1,0.0,,1.0,1.0,Unknown
APBB1IP,0.0,,1.0,1.0,Unknown
AP1M1,0.0,,1.0,1.0,Unknown
AP1M2,0.0,,1.0,1.0,Unknown
AP1S1,0.0,,1.0,1.0,Unknown
AP1S2,0.0,,1.0,1.0,Unknown
AP1S3,0.0,,1.0,1.0,Unknown
AP2A1,0.0,,1.0,1.0,Unknown
AP2A2,0.0,,1.0,1.0,Unknown
AP2B1,0.0,,1.0,1.0,Unknown
AP2M1,0.0,,1.0,1.0,Unknown
AP2S1,0.0,,1.0,1.0,Unknown
AP3B1,0.0,,1.0,1.0,Unknown
AP3B2,0.0,,1.0,1.0,Unknown
AP3D1,0.0,,1.0,1.0,Unknown
AP3M1,0.0,,1.0,1.0,Unknown
AP3M2,0.0,,1.0,1.0,Unknown
AP3S1,0.0,,1.0,1.0,Unknown
ANXA8,0.0,,1.0,1.0,Unknown
ANXA8L1,0.0,,1.0,1.0,Unknown
ANXA9,0.0,,1.0,1.0,Unknown
AOAH,0.0,,1.0,1.0,Unknown
AOAH-IT1,0.0,,1.0,1.0,Unknown
AOC1,0.0,,1.0,1.0,Unknown
AOC2,0.0,,1.0,1.0,Unknown
AOC3,0.0,,1.0,1.0,Unknown
AOC4P,0.0,,1.0,1.0,Unknown
AOX1,0.0,,1.0,1.0,Unknown
AOX2P,0.0,,1.0,1.0,Unknown
AP1AR,0.0,,1.0,1.0,Unknown
AP1B1,0.0,,1.0,1.0,Unknown
AP1B1P1,0.0,,1.0,1.0,Unknown
AP1G1,0.0,,1.0,1.0,Unknown
AP1G2,0.0,,1.0,1.0,Unknown
ANTXR1,0.0,,1.0,1.0,Unknown
ANTXR2,0.0,,1.0,1.0,Unknown
ANXA1,0.0,,1.0,1.0,Unknown
ANXA10,0.0,,1.0,1.0,Unknown
ANXA11,0.0,,1.0,1.0,Unknown
ANXA13,0.0,,1.0,1.0,Unknown
ANXA2,0.0,,1.0,1.0,Unknown
ANXA2P1,0.0,,1.0,1.0,Unknown
ANXA2P2,0.0,,1.0,1.0,Unknown
ANXA2P3,0.0,,1.0,1.0,Unknown
ANXA2R,0.0,,1.0,1.0,Unknown
ANXA3,0.0,,1.0,1.0,Unknown
ANXA4,0.0,,1.0,1.0,Unknown
ANXA5,0.0,,1.0,1.0,Unknown
ANXA6,0.0,,1.0,1.0,Unknown
ANXA7,0.0,,1.0,1.0,Unknown
ANO10,0.0,,1.0,1.0,Unknown
ANO2,0.0,,1.0,1.0,Unknown
ANO3,0.0,,1.0,1.0,Unknown
ANO4,0.0,,1.0,1.0,Unknown
ANO5,0.0,,1.0,1.0,Unknown
ANO6,0.0,,1.0,1.0,Unknown
ANO7,0.0,,1.0,1.0,Unknown
ANO8,0.0,,1.0,1.0,Unknown
ANO9,0.0,,1.0,1.0,Unknown
ANP32A,0.0,,1.0,1.0,Unknown
ANP32AP1,0.0,,1.0,1.0,Unknown
ANP32B,0.0,,1.0,1.0,Unknown
ANP32C,0.0,,1.0,1.0,Unknown
ANP32D,0.0,,1.0,1.0,Unknown
ANP32E,0.0,,1.0,1.0,Unknown
ANPEP,0.0,,1.0,1.0,Unknown
ANKRD62,0.0,,1.0,1.0,Unknown
ANKRD62P1-PARP4P3,0.0,,1.0,1.0,Unknown
ANKRD63,0.0,,1.0,1.0,Unknown
ANKRD65,0.0,,1.0,1.0,Unknown
ANKRD66,0.0,,1.0,1.0,Unknown
ANKRD7,0.0,,1.0,1.0,Unknown
ANKRD9,0.0,,1.0,1.0,Unknown
ANKS1A,0.0,,1.0,1.0,Unknown
ANKS1B,0.0,,1.0,1.0,Unknown
ANKS3,0.0,,1.0,1.0,Unknown
ANKS4B,0.0,,1.0,1.0,Unknown
ANKS6,0.0,,1.0,1.0,Unknown
ANKUB1,0.0,,1.0,1.0,Unknown
ANKZF1,0.0,,1.0,1.0,Unknown
ANLN,0.0,,1.0,1.0,Unknown
ANO1,0.0,,1.0,1.0,Unknown
ANKRD36BP2,0.0,,1.0,1.0,Unknown
ANKRD37,0.0,,1.0,1.0,Unknown
ANKRD39,0.0,,1.0,1.0,Unknown
ANKRD40,0.0,,1.0,1.0,Unknown
ANKRD42,0.0,,1.0,1.0,Unknown
ANKRD44,0.0,,1.0,1.0,Unknown
ANKRD45,0.0,,1.0,1.0,Unknown
ANKRD46,0.0,,1.0,1.0,Unknown
ANKRD49,0.0,,1.0,1.0,Unknown
ANKRD50,0.0,,1.0,1.0,Unknown
ANKRD52,0.0,,1.0,1.0,Unknown
ANKRD53,0.0,,1.0,1.0,Unknown
ANKRD54,0.0,,1.0,1.0,Unknown
ANKRD55,0.0,,1.0,1.0,Unknown
ANKRD6,0.0,,1.0,1.0,Unknown
ANKRD61,0.0,,1.0,1.0,Unknown
ANKRD29,0.0,,1.0,1.0,Unknown
ANKRD30A,0.0,,1.0,1.0,Unknown
ANKRD30B,0.0,,1.0,1.0,Unknown
ANKRD30BL,0.0,,1.0,1.0,Unknown
ANKRD30BP2,0.0,,1.0,1.0,Unknown
ANKRD30BP3,0.0,,1.0,1.0,Unknown
ANKRD31,0.0,,1.0,1.0,Unknown
ANKRD33,0.0,,1.0,1.0,Unknown
ANKRD33B,0.0,,1.0,1.0,Unknown
ANKRD34A,0.0,,1.0,1.0,Unknown
ANKRD34B,0.0,,1.0,1.0,Unknown
ANKRD34C,0.0,,1.0,1.0,Unknown
ANKRD35,0.0,,1.0,1.0,Unknown
ANKRD36,0.0,,1.0,1.0,Unknown
ANKRD36B,0.0,,1.0,1.0,Unknown
ANKRD36BP1,0.0,,1.0,1.0,Unknown
ANKRD20A11P,0.0,,1.0,1.0,Unknown
ANKRD20A19P,0.0,,1.0,1.0,Unknown
ANKRD20A2,0.0,,1.0,1.0,Unknown
ANKRD20A3,0.0,,1.0,1.0,Unknown
ANKRD20A4,0.0,,1.0,1.0,Unknown
ANKRD20A5P,0.0,,1.0,1.0,Unknown
ANKRD20A8P,0.0,,1.0,1.0,Unknown
ANKRD20A9P,0.0,,1.0,1.0,Unknown
ANKRD22,0.0,,1.0,1.0,Unknown
ANKRD23,0.0,,1.0,1.0,Unknown
ANKRD24,0.0,,1.0,1.0,Unknown
ANKRD26,0.0,,1.0,1.0,Unknown
ANKRD26P1,0.0,,1.0,1.0,Unknown
ANKRD26P3,0.0,,1.0,1.0,Unknown
ANKRD27,0.0,,1.0,1.0,Unknown
ANKRD28,0.0,,1.0,1.0,Unknown
ANKRD1,0.0,,1.0,1.0,Unknown
ANKRD10,0.0,,1.0,1.0,Unknown
ANKRD11,0.0,,1.0,1.0,Unknown
ANKRD12,0.0,,1.0,1.0,Unknown
ANKRD13A,0.0,,1.0,1.0,Unknown
ANKRD13B,0.0,,1.0,1.0,Unknown
ANKRD13C,0.0,,1.0,1.0,Unknown
ANKRD13D,0.0,,1.0,1.0,Unknown
ANKRD16,0.0,,1.0,1.0,Unknown
ANKRD17,0.0,,1.0,1.0,Unknown
ANKRD18A,0.0,,1.0,1.0,Unknown
ANKRD18B,0.0,,1.0,1.0,Unknown
ANKRD18DP,0.0,,1.0,1.0,Unknown
ANKRD19P,0.0,,1.0,1.0,Unknown
ANKRD2,0.0,,1.0,1.0,Unknown
ANKRD20A1,0.0,,1.0,1.0,Unknown
ANKAR,0.0,,1.0,1.0,Unknown
ANKDD1A,0.0,,1.0,1.0,Unknown
ANKDD1B,0.0,,1.0,1.0,Unknown
ANKEF1,0.0,,1.0,1.0,Unknown
ANKFN1,0.0,,1.0,1.0,Unknown
ANKFY1,0.0,,1.0,1.0,Unknown
ANKH,0.0,,1.0,1.0,Unknown
ANKHD1,0.0,,1.0,1.0,Unknown
ANKHD1-EIF4EBP3,0.0,,1.0,1.0,Unknown
ANKIB1,0.0,,1.0,1.0,Unknown
ANKK1,0.0,,1.0,1.0,Unknown
ANKLE1,0.0,,1.0,1.0,Unknown
ANKLE2,0.0,,1.0,1.0,Unknown
ANKMY1,0.0,,1.0,1.0,Unknown
ANKMY2,0.0,,1.0,1.0,Unknown
ANKRA2,0.0,,1.0,1.0,Unknown
ANGEL1,0.0,,1.0,1.0,Unknown
ANGEL2,0.0,,1.0,1.0,Unknown
ANGPT1,0.0,,1.0,1.0,Unknown
ANGPT2,0.0,,1.0,1.0,Unknown
ANGPT4,0.0,,1.0,1.0,Unknown
ANGPTL1,0.0,,1.0,1.0,Unknown
ANGPTL2,0.0,,1.0,1.0,Unknown
ANGPTL3,0.0,,1.0,1.0,Unknown
ANGPTL4,0.0,,1.0,1.0,Unknown
ANGPTL5,0.0,,1.0,1.0,Unknown
ANGPTL6,0.0,,1.0,1.0,Unknown
ANGPTL7,0.0,,1.0,1.0,Unknown
ANHX,0.0,,1.0,1.0,Unknown
ANK1,0.0,,1.0,1.0,Unknown
ANK2,0.0,,1.0,1.0,Unknown
ANK3,0.0,,1.0,1.0,Unknown
AMY2B,0.0,,1.0,1.0,Unknown
AMZ1,0.0,,1.0,1.0,Unknown
AMZ2,0.0,,1.0,1.0,Unknown
AMZ2P1,0.0,,1.0,1.0,Unknown
ANAPC1,0.0,,1.0,1.0,Unknown
ANAPC10,0.0,,1.0,1.0,Unknown
ANAPC11,0.0,,1.0,1.0,Unknown
ANAPC13,0.0,,1.0,1.0,Unknown
ANAPC15,0.0,,1.0,1.0,Unknown
ANAPC16,0.0,,1.0,1.0,Unknown
ANAPC1P1,0.0,,1.0,1.0,Unknown
ANAPC2,0.0,,1.0,1.0,Unknown
ANAPC4,0.0,,1.0,1.0,Unknown
ANAPC5,0.0,,1.0,1.0,Unknown
ANAPC7,0.0,,1.0,1.0,Unknown
ANG,0.0,,1.0,1.0,Unknown
AMMECR1L,0.0,,1.0,1.0,Unknown
AMN,0.0,,1.0,1.0,Unknown
AMN1,0.0,,1.0,1.0,Unknown
AMOT,0.0,,1.0,1.0,Unknown
AMOTL1,0.0,,1.0,1.0,Unknown
AMOTL2,0.0,,1.0,1.0,Unknown
AMPD1,0.0,,1.0,1.0,Unknown
AMPD2,0.0,,1.0,1.0,Unknown
AMPD3,0.0,,1.0,1.0,Unknown
AMPH,0.0,,1.0,1.0,Unknown
AMT,0.0,,1.0,1.0,Unknown
AMTN,0.0,,1.0,1.0,Unknown
AMY1A,0.0,,1.0,1.0,Unknown
AMY1B,0.0,,1.0,1.0,Unknown
AMY1C,0.0,,1.0,1.0,Unknown
AMY2A,0.0,,1.0,1.0,Unknown
AMBRA1,0.0,,1.0,1.0,Unknown
AMD1,0.0,,1.0,1.0,Unknown
AMDHD1,0.0,,1.0,1.0,Unknown
AMDHD2,0.0,,1.0,1.0,Unknown
AMELX,0.0,,1.0,1.0,Unknown
AMELY,0.0,,1.0,1.0,Unknown
AMER1,0.0,,1.0,1.0,Unknown
AMER2,0.0,,1.0,1.0,Unknown
AMER3,0.0,,1.0,1.0,Unknown
AMFR,0.0,,1.0,1.0,Unknown
AMH,0.0,,1.0,1.0,Unknown
AMHR2,0.0,,1.0,1.0,Unknown
AMIGO1,0.0,,1.0,1.0,Unknown
AMIGO2,0.0,,1.0,1.0,Unknown
AMIGO3,0.0,,1.0,1.0,Unknown
AMMECR1,0.0,,1.0,1.0,Unknown
ALPK1,0.0,,1.0,1.0,Unknown
ALPK2,0.0,,1.0,1.0,Unknown
ALPK3,0.0,,1.0,1.0,Unknown
ALPL,0.0,,1.0,1.0,Unknown
ALPP,0.0,,1.0,1.0,Unknown
ALPPL2,0.0,,1.0,1.0,Unknown
ALS2,0.0,,1.0,1.0,Unknown
ALS2CL,0.0,,1.0,1.0,Unknown
ALS2CR12,0.0,,1.0,1.0,Unknown
ALX1,0.0,,1.0,1.0,Unknown
ALX3,0.0,,1.0,1.0,Unknown
ALX4,0.0,,1.0,1.0,Unknown
ALYREF,0.0,,1.0,1.0,Unknown
AMACR,0.0,,1.0,1.0,Unknown
AMBN,0.0,,1.0,1.0,Unknown
AMBP,0.0,,1.0,1.0,Unknown
ALKBH4,0.0,,1.0,1.0,Unknown
ALKBH5,0.0,,1.0,1.0,Unknown
ALKBH6,0.0,,1.0,1.0,Unknown
ALKBH7,0.0,,1.0,1.0,Unknown
ALKBH8,0.0,,1.0,1.0,Unknown
ALLC,0.0,,1.0,1.0,Unknown
ALMS1,0.0,,1.0,1.0,Unknown
ALOX12,0.0,,1.0,1.0,Unknown
ALOX12B,0.0,,1.0,1.0,Unknown
ALOX12P2,0.0,,1.0,1.0,Unknown
ALOX15,0.0,,1.0,1.0,Unknown
ALOX15B,0.0,,1.0,1.0,Unknown
ALOX5,0.0,,1.0,1.0,Unknown
ALOX5AP,0.0,,1.0,1.0,Unknown
ALOXE3,0.0,,1.0,1.0,Unknown
ALPI,0.0,,1.0,1.0,Unknown
ALG13,0.0,,1.0,1.0,Unknown
ALG14,0.0,,1.0,1.0,Unknown
ALG1L,0.0,,1.0,1.0,Unknown
ALG1L2,0.0,,1.0,1.0,Unknown
ALG1L9P,0.0,,1.0,1.0,Unknown
ALG2,0.0,,1.0,1.0,Unknown
ALG3,0.0,,1.0,1.0,Unknown
ALG5,0.0,,1.0,1.0,Unknown
ALG6,0.0,,1.0,1.0,Unknown
ALG8,0.0,,1.0,1.0,Unknown
ALG9,0.0,,1.0,1.0,Unknown
ALK,0.0,,1.0,1.0,Unknown
ALKBH1,0.0,,1.0,1.0,Unknown
ALKBH2,0.0,,1.0,1.0,Unknown
ALKBH3,0.0,,1.0,1.0,Unknown
ALKBH3-AS1,0.0,,1.0,1.0,Unknown
ALDH3B1,0.0,,1.0,1.0,Unknown
ALDH3B2,0.0,,1.0,1.0,Unknown
ALDH4A1,0.0,,1.0,1.0,Unknown
ALDH5A1,0.0,,1.0,1.0,Unknown
ALDH6A1,0.0,,1.0,1.0,Unknown
ALDH7A1,0.0,,1.0,1.0,Unknown
ALDH8A1,0.0,,1.0,1.0,Unknown
ALDH9A1,0.0,,1.0,1.0,Unknown
ALDOA,0.0,,1.0,1.0,Unknown
ALDOB,0.0,,1.0,1.0,Unknown
ALDOC,0.0,,1.0,1.0,Unknown
ALG1,0.0,,1.0,1.0,Unknown
ALG10,0.0,,1.0,1.0,Unknown
ALG10B,0.0,,1.0,1.0,Unknown
ALG11,0.0,,1.0,1.0,Unknown
ALG12,0.0,,1.0,1.0,Unknown
ALAS2,0.0,,1.0,1.0,Unknown
ALB,0.0,,1.0,1.0,Unknown
ALCAM,0.0,,1.0,1.0,Unknown
ALDH16A1,0.0,,1.0,1.0,Unknown
ALDH18A1,0.0,,1.0,1.0,Unknown
ALDH1A1,0.0,,1.0,1.0,Unknown
ALDH1A2,0.0,,1.0,1.0,Unknown
ALDH1A3,0.0,,1.0,1.0,Unknown
ALDH1B1,0.0,,1.0,1.0,Unknown
ALDH1L1,0.0,,1.0,1.0,Unknown
ALDH1L1-AS1,0.0,,1.0,1.0,Unknown
ALDH1L1-AS2,0.0,,1.0,1.0,Unknown
ALDH1L2,0.0,,1.0,1.0,Unknown
ALDH2,0.0,,1.0,1.0,Unknown
ALDH3A1,0.0,,1.0,1.0,Unknown
ALDH3A2,0.0,,1.0,1.0,Unknown
AKR1C3,0.0,,1.0,1.0,Unknown
AKR1C4,0.0,,1.0,1.0,Unknown
AKR1C6P,0.0,,1.0,1.0,Unknown
AKR1D1,0.0,,1.0,1.0,Unknown
AKR1E2,0.0,,1.0,1.0,Unknown
AKR7A2,0.0,,1.0,1.0,Unknown
AKR7A2P1,0.0,,1.0,1.0,Unknown
AKR7A3,0.0,,1.0,1.0,Unknown
AKR7L,0.0,,1.0,1.0,Unknown
AKT1,0.0,,1.0,1.0,Unknown
AKT1S1,0.0,,1.0,1.0,Unknown
AKT2,0.0,,1.0,1.0,Unknown
AKT3,0.0,,1.0,1.0,Unknown
AKTIP,0.0,,1.0,1.0,Unknown
ALAD,0.0,,1.0,1.0,Unknown
ALAS1,0.0,,1.0,1.0,Unknown
AKAP6,0.0,,1.0,1.0,Unknown
AKAP7,0.0,,1.0,1.0,Unknown
AKAP8,0.0,,1.0,1.0,Unknown
AKAP8L,0.0,,1.0,1.0,Unknown
AKAP9,0.0,,1.0,1.0,Unknown
AKIP1,0.0,,1.0,1.0,Unknown
AKIRIN1,0.0,,1.0,1.0,Unknown
AKIRIN2,0.0,,1.0,1.0,Unknown
AKNA,0.0,,1.0,1.0,Unknown
AKNAD1,0.0,,1.0,1.0,Unknown
AKR1A1,0.0,,1.0,1.0,Unknown
AKR1B1,0.0,,1.0,1.0,Unknown
AKR1B10,0.0,,1.0,1.0,Unknown
AKR1B15,0.0,,1.0,1.0,Unknown
AKR1C1,0.0,,1.0,1.0,Unknown
AKR1C2,0.0,,1.0,1.0,Unknown
AK4,0.0,,1.0,1.0,Unknown
AK5,0.0,,1.0,1.0,Unknown
AK7,0.0,,1.0,1.0,Unknown
AK8,0.0,,1.0,1.0,Unknown
AK9,0.0,,1.0,1.0,Unknown
AKAP1,0.0,,1.0,1.0,Unknown
AKAP10,0.0,,1.0,1.0,Unknown
AKAP11,0.0,,1.0,1.0,Unknown
AKAP12,0.0,,1.0,1.0,Unknown
AKAP13,0.0,,1.0,1.0,Unknown
AKAP14,0.0,,1.0,1.0,Unknown
AKAP17A,0.0,,1.0,1.0,Unknown
AKAP2,0.0,,1.0,1.0,Unknown
AKAP3,0.0,,1.0,1.0,Unknown
AKAP4,0.0,,1.0,1.0,Unknown
AKAP5,0.0,,1.0,1.0,Unknown
AIFM1,0.0,,1.0,1.0,Unknown
AIFM2,0.0,,1.0,1.0,Unknown
AIFM3,0.0,,1.0,1.0,Unknown
AIG1,0.0,,1.0,1.0,Unknown
AIM2,0.0,,1.0,1.0,Unknown
AIMP1,0.0,,1.0,1.0,Unknown
AIMP2,0.0,,1.0,1.0,Unknown
AIP,0.0,,1.0,1.0,Unknown
AIPL1,0.0,,1.0,1.0,Unknown
AIRE,0.0,,1.0,1.0,Unknown
AIRN,0.0,,1.0,1.0,Unknown
AJAP1,0.0,,1.0,1.0,Unknown
AJUBA,0.0,,1.0,1.0,Unknown
AK1,0.0,,1.0,1.0,Unknown
AK2,0.0,,1.0,1.0,Unknown
AK3,0.0,,1.0,1.0,Unknown
AHCYL1,0.0,,1.0,1.0,Unknown
AHCYL2,0.0,,1.0,1.0,Unknown
AHDC1,0.0,,1.0,1.0,Unknown
AHI1,0.0,,1.0,1.0,Unknown
AHNAK,0.0,,1.0,1.0,Unknown
AHNAK2,0.0,,1.0,1.0,Unknown
AHR,0.0,,1.0,1.0,Unknown
AHRR,0.0,,1.0,1.0,Unknown
AHSA1,0.0,,1.0,1.0,Unknown
AHSA2,0.0,,1.0,1.0,Unknown
AHSG,0.0,,1.0,1.0,Unknown
AHSP,0.0,,1.0,1.0,Unknown
AICDA,0.0,,1.0,1.0,Unknown
AIDA,0.0,,1.0,1.0,Unknown
AIF1,0.0,,1.0,1.0,Unknown
AIF1L,0.0,,1.0,1.0,Unknown
AGPAT4-IT1,0.0,,1.0,1.0,Unknown
AGPAT5,0.0,,1.0,1.0,Unknown
AGPS,0.0,,1.0,1.0,Unknown
AGR2,0.0,,1.0,1.0,Unknown
AGR3,0.0,,1.0,1.0,Unknown
AGRN,0.0,,1.0,1.0,Unknown
AGRP,0.0,,1.0,1.0,Unknown
AGT,0.0,,1.0,1.0,Unknown
AGTPBP1,0.0,,1.0,1.0,Unknown
AGTR1,0.0,,1.0,1.0,Unknown
AGTR2,0.0,,1.0,1.0,Unknown
AGTRAP,0.0,,1.0,1.0,Unknown
AGXT,0.0,,1.0,1.0,Unknown
AGXT2,0.0,,1.0,1.0,Unknown
AHCTF1,0.0,,1.0,1.0,Unknown
AHCY,0.0,,1.0,1.0,Unknown
AGER,0.0,,1.0,1.0,Unknown
AGFG1,0.0,,1.0,1.0,Unknown
AGFG2,0.0,,1.0,1.0,Unknown
AGGF1,0.0,,1.0,1.0,Unknown
AGK,0.0,,1.0,1.0,Unknown
AGL,0.0,,1.0,1.0,Unknown
AGMAT,0.0,,1.0,1.0,Unknown
AGMO,0.0,,1.0,1.0,Unknown
AGO1,0.0,,1.0,1.0,Unknown
AGO2,0.0,,1.0,1.0,Unknown
AGO3,0.0,,1.0,1.0,Unknown
AGO4,0.0,,1.0,1.0,Unknown
AGPAT1,0.0,,1.0,1.0,Unknown
AGPAT2,0.0,,1.0,1.0,Unknown
AGPAT3,0.0,,1.0,1.0,Unknown
AGPAT4,0.0,,1.0,1.0,Unknown
AGA,0.0,,1.0,1.0,Unknown
AGAP1,0.0,,1.0,1.0,Unknown
AGAP11,0.0,,1.0,1.0,Unknown
AGAP2,0.0,,1.0,1.0,Unknown
AGAP2-AS1,0.0,,1.0,1.0,Unknown
AGAP3,0.0,,1.0,1.0,Unknown
AGAP4,0.0,,1.0,1.0,Unknown
AGAP5,0.0,,1.0,1.0,Unknown
AGAP6,0.0,,1.0,1.0,Unknown
AGAP9,0.0,,1.0,1.0,Unknown
AGBL1,0.0,,1.0,1.0,Unknown
AGBL1-AS1,0.0,,1.0,1.0,Unknown
AGBL2,0.0,,1.0,1.0,Unknown
AGBL3,0.0,,1.0,1.0,Unknown
AGBL4,0.0,,1.0,1.0,Unknown
AGBL5,0.0,,1.0,1.0,Unknown
AEN,0.0,,1.0,1.0,Unknown
AES,0.0,,1.0,1.0,Unknown
AFAP1,0.0,,1.0,1.0,Unknown
AFAP1-AS1,0.0,,1.0,1.0,Unknown
AFAP1L1,0.0,,1.0,1.0,Unknown
AFAP1L2,0.0,,1.0,1.0,Unknown
AFF1,0.0,,1.0,1.0,Unknown
AFF2,0.0,,1.0,1.0,Unknown
AFF3,0.0,,1.0,1.0,Unknown
AFF4,0.0,,1.0,1.0,Unknown
AFG3L1P,0.0,,1.0,1.0,Unknown
AFG3L2,0.0,,1.0,1.0,Unknown
AFM,0.0,,1.0,1.0,Unknown
AFMID,0.0,,1.0,1.0,Unknown
AFP,0.0,,1.0,1.0,Unknown
AFTPH,0.0,,1.0,1.0,Unknown
ADRA1A,0.0,,1.0,1.0,Unknown
ADRA1B,0.0,,1.0,1.0,Unknown
ADRA1D,0.0,,1.0,1.0,Unknown
ADRA2A,0.0,,1.0,1.0,Unknown
ADRA2B,0.0,,1.0,1.0,Unknown
ADRA2C,0.0,,1.0,1.0,Unknown
ADRB1,0.0,,1.0,1.0,Unknown
ADRB2,0.0,,1.0,1.0,Unknown
ADRB3,0.0,,1.0,1.0,Unknown
ADRM1,0.0,,1.0,1.0,Unknown
ADSL,0.0,,1.0,1.0,Unknown
ADSS,0.0,,1.0,1.0,Unknown
ADSSL1,0.0,,1.0,1.0,Unknown
ADTRP,0.0,,1.0,1.0,Unknown
AEBP1,0.0,,1.0,1.0,Unknown
AEBP2,0.0,,1.0,1.0,Unknown
ADM2,0.0,,1.0,1.0,Unknown
ADM5,0.0,,1.0,1.0,Unknown
ADNP,0.0,,1.0,1.0,Unknown
ADNP2,0.0,,1.0,1.0,Unknown
ADO,0.0,,1.0,1.0,Unknown
ADORA1,0.0,,1.0,1.0,Unknown
ADORA2A,0.0,,1.0,1.0,Unknown
ADORA2A-AS1,0.0,,1.0,1.0,Unknown
ADORA2B,0.0,,1.0,1.0,Unknown
ADORA3,0.0,,1.0,1.0,Unknown
ADPGK,0.0,,1.0,1.0,Unknown
ADPGK-AS1,0.0,,1.0,1.0,Unknown
ADPRH,0.0,,1.0,1.0,Unknown
ADPRHL1,0.0,,1.0,1.0,Unknown
ADPRHL2,0.0,,1.0,1.0,Unknown
ADPRM,0.0,,1.0,1.0,Unknown
ADH1B,0.0,,1.0,1.0,Unknown
ADH1C,0.0,,1.0,1.0,Unknown
ADH4,0.0,,1.0,1.0,Unknown
ADH5,0.0,,1.0,1.0,Unknown
ADH6,0.0,,1.0,1.0,Unknown
ADH7,0.0,,1.0,1.0,Unknown
ADHFE1,0.0,,1.0,1.0,Unknown
ADI1,0.0,,1.0,1.0,Unknown
ADIG,0.0,,1.0,1.0,Unknown
ADIPOQ,0.0,,1.0,1.0,Unknown
ADIPOQ-AS1,0.0,,1.0,1.0,Unknown
ADIPOR1,0.0,,1.0,1.0,Unknown
ADIPOR2,0.0,,1.0,1.0,Unknown
ADIRF,0.0,,1.0,1.0,Unknown
ADK,0.0,,1.0,1.0,Unknown
ADM,0.0,,1.0,1.0,Unknown
ADCY2,0.0,,1.0,1.0,Unknown
ADCY3,0.0,,1.0,1.0,Unknown
ADCY4,0.0,,1.0,1.0,Unknown
ADCY5,0.0,,1.0,1.0,Unknown
ADCY6,0.0,,1.0,1.0,Unknown
ADCY7,0.0,,1.0,1.0,Unknown
ADCY8,0.0,,1.0,1.0,Unknown
ADCY9,0.0,,1.0,1.0,Unknown
ADCYAP1,0.0,,1.0,1.0,Unknown
ADCYAP1R1,0.0,,1.0,1.0,Unknown
ADD1,0.0,,1.0,1.0,Unknown
ADD2,0.0,,1.0,1.0,Unknown
ADD3,0.0,,1.0,1.0,Unknown
ADD3-AS1,0.0,,1.0,1.0,Unknown
ADGB,0.0,,1.0,1.0,Unknown
ADH1A,0.0,,1.0,1.0,Unknown
ADAMTSL5,0.0,,1.0,1.0,Unknown
ADAP1,0.0,,1.0,1.0,Unknown
ADAP2,0.0,,1.0,1.0,Unknown
ADAR,0.0,,1.0,1.0,Unknown
ADARB1,0.0,,1.0,1.0,Unknown
ADARB2,0.0,,1.0,1.0,Unknown
ADARB2-AS1,0.0,,1.0,1.0,Unknown
ADAT1,0.0,,1.0,1.0,Unknown
ADAT2,0.0,,1.0,1.0,Unknown
ADAT3,0.0,,1.0,1.0,Unknown
ADCK1,0.0,,1.0,1.0,Unknown
ADCK2,0.0,,1.0,1.0,Unknown
ADCK5,0.0,,1.0,1.0,Unknown
ADCY1,0.0,,1.0,1.0,Unknown
ADCY10,0.0,,1.0,1.0,Unknown
ADCY10P1,0.0,,1.0,1.0,Unknown
ADAMTS18,0.0,,1.0,1.0,Unknown
ADAMTS19,0.0,,1.0,1.0,Unknown
ADAMTS2,0.0,,1.0,1.0,Unknown
ADAMTS20,0.0,,1.0,1.0,Unknown
ADAMTS3,0.0,,1.0,1.0,Unknown
ADAMTS4,0.0,,1.0,1.0,Unknown
ADAMTS5,0.0,,1.0,1.0,Unknown
ADAMTS6,0.0,,1.0,1.0,Unknown
ADAMTS7,0.0,,1.0,1.0,Unknown
ADAMTS8,0.0,,1.0,1.0,Unknown
ADAMTS9,0.0,,1.0,1.0,Unknown
ADAMTS9-AS2,0.0,,1.0,1.0,Unknown
ADAMTSL1,0.0,,1.0,1.0,Unknown
ADAMTSL2,0.0,,1.0,1.0,Unknown
ADAMTSL3,0.0,,1.0,1.0,Unknown
ADAMTSL4,0.0,,1.0,1.0,Unknown
ADAM33,0.0,,1.0,1.0,Unknown
ADAM3A,0.0,,1.0,1.0,Unknown
ADAM5,0.0,,1.0,1.0,Unknown
ADAM6,0.0,,1.0,1.0,Unknown
ADAM7,0.0,,1.0,1.0,Unknown
ADAM8,0.0,,1.0,1.0,Unknown
ADAM9,0.0,,1.0,1.0,Unknown
ADAMDEC1,0.0,,1.0,1.0,Unknown
ADAMTS1,0.0,,1.0,1.0,Unknown
ADAMTS10,0.0,,1.0,1.0,Unknown
ADAMTS12,0.0,,1.0,1.0,Unknown
ADAMTS13,0.0,,1.0,1.0,Unknown
ADAMTS14,0.0,,1.0,1.0,Unknown
ADAMTS15,0.0,,1.0,1.0,Unknown
ADAMTS16,0.0,,1.0,1.0,Unknown
ADAMTS17,0.0,,1.0,1.0,Unknown
ADAM15,0.0,,1.0,1.0,Unknown
ADAM17,0.0,,1.0,1.0,Unknown
ADAM18,0.0,,1.0,1.0,Unknown
ADAM19,0.0,,1.0,1.0,Unknown
ADAM1A,0.0,,1.0,1.0,Unknown
ADAM2,0.0,,1.0,1.0,Unknown
ADAM20,0.0,,1.0,1.0,Unknown
ADAM20P1,0.0,,1.0,1.0,Unknown
ADAM21,0.0,,1.0,1.0,Unknown
ADAM21P1,0.0,,1.0,1.0,Unknown
ADAM22,0.0,,1.0,1.0,Unknown
ADAM23,0.0,,1.0,1.0,Unknown
ADAM28,0.0,,1.0,1.0,Unknown
ADAM29,0.0,,1.0,1.0,Unknown
ADAM30,0.0,,1.0,1.0,Unknown
ADAM32,0.0,,1.0,1.0,Unknown
ACVR1C,0.0,,1.0,1.0,Unknown
ACVR2A,0.0,,1.0,1.0,Unknown
ACVR2B,0.0,,1.0,1.0,Unknown
ACVR2B-AS1,0.0,,1.0,1.0,Unknown
ACVRL1,0.0,,1.0,1.0,Unknown
ACY1,0.0,,1.0,1.0,Unknown
ACY3,0.0,,1.0,1.0,Unknown
ACYP1,0.0,,1.0,1.0,Unknown
ACYP2,0.0,,1.0,1.0,Unknown
ADA,0.0,,1.0,1.0,Unknown
ADAD1,0.0,,1.0,1.0,Unknown
ADAD2,0.0,,1.0,1.0,Unknown
ADAL,0.0,,1.0,1.0,Unknown
ADAM10,0.0,,1.0,1.0,Unknown
ADAM11,0.0,,1.0,1.0,Unknown
ADAM12,0.0,,1.0,1.0,Unknown
ACTR1A,0.0,,1.0,1.0,Unknown
ACTR1B,0.0,,1.0,1.0,Unknown
ACTR2,0.0,,1.0,1.0,Unknown
ACTR3,0.0,,1.0,1.0,Unknown
ACTR3B,0.0,,1.0,1.0,Unknown
ACTR3BP2,0.0,,1.0,1.0,Unknown
ACTR3BP5,0.0,,1.0,1.0,Unknown
ACTR3C,0.0,,1.0,1.0,Unknown
ACTR5,0.0,,1.0,1.0,Unknown
ACTR6,0.0,,1.0,1.0,Unknown
ACTR8,0.0,,1.0,1.0,Unknown
ACTRT1,0.0,,1.0,1.0,Unknown
ACTRT2,0.0,,1.0,1.0,Unknown
ACTRT3,0.0,,1.0,1.0,Unknown
ACVR1,0.0,,1.0,1.0,Unknown
ACVR1B,0.0,,1.0,1.0,Unknown
ACTG1,0.0,,1.0,1.0,Unknown
ACTG1P4,0.0,,1.0,1.0,Unknown
ACTG2,0.0,,1.0,1.0,Unknown
ACTL10,0.0,,1.0,1.0,Unknown
ACTL6A,0.0,,1.0,1.0,Unknown
ACTL6B,0.0,,1.0,1.0,Unknown
ACTL7A,0.0,,1.0,1.0,Unknown
ACTL7B,0.0,,1.0,1.0,Unknown
ACTL8,0.0,,1.0,1.0,Unknown
ACTL9,0.0,,1.0,1.0,Unknown
ACTN1,0.0,,1.0,1.0,Unknown
ACTN1-AS1,0.0,,1.0,1.0,Unknown
ACTN2,0.0,,1.0,1.0,Unknown
ACTN3,0.0,,1.0,1.0,Unknown
ACTN4,0.0,,1.0,1.0,Unknown
ACTR10,0.0,,1.0,1.0,Unknown
ACSL5,0.0,,1.0,1.0,Unknown
ACSL6,0.0,,1.0,1.0,Unknown
ACSM1,0.0,,1.0,1.0,Unknown
ACSM2A,0.0,,1.0,1.0,Unknown
ACSM2B,0.0,,1.0,1.0,Unknown
ACSM3,0.0,,1.0,1.0,Unknown
ACSM4,0.0,,1.0,1.0,Unknown
ACSM5,0.0,,1.0,1.0,Unknown
ACSS1,0.0,,1.0,1.0,Unknown
ACSS2,0.0,,1.0,1.0,Unknown
ACSS3,0.0,,1.0,1.0,Unknown
ACTA1,0.0,,1.0,1.0,Unknown
ACTA2,0.0,,1.0,1.0,Unknown
ACTB,0.0,,1.0,1.0,Unknown
ACTBL2,0.0,,1.0,1.0,Unknown
ACTC1,0.0,,1.0,1.0,Unknown
ACP1,0.0,,1.0,1.0,Unknown
ACP2,0.0,,1.0,1.0,Unknown
ACP5,0.0,,1.0,1.0,Unknown
ACP6,0.0,,1.0,1.0,Unknown
ACPP,0.0,,1.0,1.0,Unknown
ACPT,0.0,,1.0,1.0,Unknown
ACR,0.0,,1.0,1.0,Unknown
ACRBP,0.0,,1.0,1.0,Unknown
ACRV1,0.0,,1.0,1.0,Unknown
ACSBG1,0.0,,1.0,1.0,Unknown
ACSBG2,0.0,,1.0,1.0,Unknown
ACSF2,0.0,,1.0,1.0,Unknown
ACSF3,0.0,,1.0,1.0,Unknown
ACSL1,0.0,,1.0,1.0,Unknown
ACSL3,0.0,,1.0,1.0,Unknown
ACSL4,0.0,,1.0,1.0,Unknown
ACO1,0.0,,1.0,1.0,Unknown
ACO2,0.0,,1.0,1.0,Unknown
ACOT1,0.0,,1.0,1.0,Unknown
ACOT11,0.0,,1.0,1.0,Unknown
ACOT12,0.0,,1.0,1.0,Unknown
ACOT13,0.0,,1.0,1.0,Unknown
ACOT2,0.0,,1.0,1.0,Unknown
ACOT4,0.0,,1.0,1.0,Unknown
ACOT6,0.0,,1.0,1.0,Unknown
ACOT7,0.0,,1.0,1.0,Unknown
ACOT8,0.0,,1.0,1.0,Unknown
ACOT9,0.0,,1.0,1.0,Unknown
ACOX1,0.0,,1.0,1.0,Unknown
ACOX2,0.0,,1.0,1.0,Unknown
ACOX3,0.0,,1.0,1.0,Unknown
ACOXL,0.0,,1.0,1.0,Unknown
ACBD4,0.0,,1.0,1.0,Unknown
ACBD5,0.0,,1.0,1.0,Unknown
ACBD6,0.0,,1.0,1.0,Unknown
ACBD7,0.0,,1.0,1.0,Unknown
ACCS,0.0,,1.0,1.0,Unknown
ACCSL,0.0,,1.0,1.0,Unknown
ACD,0.0,,1.0,1.0,Unknown
ACE,0.0,,1.0,1.0,Unknown
ACE2,0.0,,1.0,1.0,Unknown
ACER1,0.0,,1.0,1.0,Unknown
ACER2,0.0,,1.0,1.0,Unknown
ACER3,0.0,,1.0,1.0,Unknown
ACHE,0.0,,1.0,1.0,Unknown
ACIN1,0.0,,1.0,1.0,Unknown
ACLY,0.0,,1.0,1.0,Unknown
ACMSD,0.0,,1.0,1.0,Unknown
ACAD10,0.0,,1.0,1.0,Unknown
ACAD11,0.0,,1.0,1.0,Unknown
ACAD8,0.0,,1.0,1.0,Unknown
ACAD9,0.0,,1.0,1.0,Unknown
ACADL,0.0,,1.0,1.0,Unknown
ACADM,0.0,,1.0,1.0,Unknown
ACADS,0.0,,1.0,1.0,Unknown
ACADSB,0.0,,1.0,1.0,Unknown
ACADVL,0.0,,1.0,1.0,Unknown
ACAN,0.0,,1.0,1.0,Unknown
ACAP1,0.0,,1.0,1.0,Unknown
ACAP2,0.0,,1.0,1.0,Unknown
ACAP3,0.0,,1.0,1.0,Unknown
ACAT1,0.0,,1.0,1.0,Unknown
ACAT2,0.0,,1.0,1.0,Unknown
ACBD3,0.0,,1.0,1.0,Unknown
ABL1,0.0,,1.0,1.0,Unknown
ABL2,0.0,,1.0,1.0,Unknown
ABLIM1,0.0,,1.0,1.0,Unknown
ABLIM2,0.0,,1.0,1.0,Unknown
ABLIM3,0.0,,1.0,1.0,Unknown
ABO,0.0,,1.0,1.0,Unknown
ABR,0.0,,1.0,1.0,Unknown
ABRA,0.0,,1.0,1.0,Unknown
ABRACL,0.0,,1.0,1.0,Unknown
ABT1,0.0,,1.0,1.0,Unknown
ABTB1,0.0,,1.0,1.0,Unknown
ABTB2,0.0,,1.0,1.0,Unknown
ACAA1,0.0,,1.0,1.0,Unknown
ACAA2,0.0,,1.0,1.0,Unknown
ACACA,0.0,,1.0,1.0,Unknown
ACACB,0.0,,1.0,1.0,Unknown
ABHD15,0.0,,1.0,1.0,Unknown
ABHD16A,0.0,,1.0,1.0,Unknown
ABHD16B,0.0,,1.0,1.0,Unknown
ABHD17A,0.0,,1.0,1.0,Unknown
ABHD17B,0.0,,1.0,1.0,Unknown
ABHD17C,0.0,,1.0,1.0,Unknown
ABHD2,0.0,,1.0,1.0,Unknown
ABHD3,0.0,,1.0,1.0,Unknown
ABHD4,0.0,,1.0,1.0,Unknown
ABHD5,0.0,,1.0,1.0,Unknown
ABHD6,0.0,,1.0,1.0,Unknown
ABHD8,0.0,,1.0,1.0,Unknown
ABI1,0.0,,1.0,1.0,Unknown
ABI2,0.0,,1.0,1.0,Unknown
ABI3,0.0,,1.0,1.0,Unknown
ABI3BP,0.0,,1.0,1.0,Unknown
ABCF2,0.0,,1.0,1.0,Unknown
ABCF3,0.0,,1.0,1.0,Unknown
ABCG1,0.0,,1.0,1.0,Unknown
ABCG2,0.0,,1.0,1.0,Unknown
ABCG4,0.0,,1.0,1.0,Unknown
ABCG5,0.0,,1.0,1.0,Unknown
ABCG8,0.0,,1.0,1.0,Unknown
ABHD1,0.0,,1.0,1.0,Unknown
ABHD10,0.0,,1.0,1.0,Unknown
ABHD11,0.0,,1.0,1.0,Unknown
ABHD12,0.0,,1.0,1.0,Unknown
ABHD12B,0.0,,1.0,1.0,Unknown
ABHD13,0.0,,1.0,1.0,Unknown
ABHD14A,0.0,,1.0,1.0,Unknown
ABHD14A-ACY1,0.0,,1.0,1.0,Unknown
ABHD14B,0.0,,1.0,1.0,Unknown
ABCC2,0.0,,1.0,1.0,Unknown
ABCC3,0.0,,1.0,1.0,Unknown
ABCC4,0.0,,1.0,1.0,Unknown
ABCC5,0.0,,1.0,1.0,Unknown
ABCC5-AS1,0.0,,1.0,1.0,Unknown
ABCC6,0.0,,1.0,1.0,Unknown
ABCC6P1,0.0,,1.0,1.0,Unknown
ABCC6P2,0.0,,1.0,1.0,Unknown
ABCC8,0.0,,1.0,1.0,Unknown
ABCC9,0.0,,1.0,1.0,Unknown
ABCD1,0.0,,1.0,1.0,Unknown
ABCD2,0.0,,1.0,1.0,Unknown
ABCD3,0.0,,1.0,1.0,Unknown
ABCD4,0.0,,1.0,1.0,Unknown
ABCE1,0.0,,1.0,1.0,Unknown
ABCF1,0.0,,1.0,1.0,Unknown
ABCA8,0.0,,1.0,1.0,Unknown
ABCA9,0.0,,1.0,1.0,Unknown
ABCB1,0.0,,1.0,1.0,Unknown
ABCB10,0.0,,1.0,1.0,Unknown
ABCB11,0.0,,1.0,1.0,Unknown
ABCB4,0.0,,1.0,1.0,Unknown
ABCB5,0.0,,1.0,1.0,Unknown
ABCB6,0.0,,1.0,1.0,Unknown
ABCB7,0.0,,1.0,1.0,Unknown
ABCB8,0.0,,1.0,1.0,Unknown
ABCB9,0.0,,1.0,1.0,Unknown
ABCC1,0.0,,1.0,1.0,Unknown
ABCC10,0.0,,1.0,1.0,Unknown
ABCC11,0.0,,1.0,1.0,Unknown
ABCC12,0.0,,1.0,1.0,Unknown
ABCC13,0.0,,1.0,1.0,Unknown
AATF,0.0,,1.0,1.0,Unknown
AATK,0.0,,1.0,1.0,Unknown
AATK-AS1,0.0,,1.0,1.0,Unknown
ABAT,0.0,,1.0,1.0,Unknown
ABCA1,0.0,,1.0,1.0,Unknown
ABCA10,0.0,,1.0,1.0,Unknown
ABCA11P,0.0,,1.0,1.0,Unknown
ABCA12,0.0,,1.0,1.0,Unknown
ABCA13,0.0,,1.0,1.0,Unknown
ABCA17P,0.0,,1.0,1.0,Unknown
ABCA2,0.0,,1.0,1.0,Unknown
ABCA3,0.0,,1.0,1.0,Unknown
ABCA4,0.0,,1.0,1.0,Unknown
ABCA5,0.0,,1.0,1.0,Unknown
ABCA6,0.0,,1.0,1.0,Unknown
ABCA7,0.0,,1.0,1.0,Unknown
ZWINT,0.0,,1.0,1.0,Unknown
A1BG-AS1,0.0,,1.0,1.0,Unknown
A1CF,0.0,,1.0,1.0,Unknown
A2M,0.0,,1.0,1.0,Unknown
A2M-AS1,0.0,,1.0,1.0,Unknown
A2ML1,0.0,,1.0,1.0,Unknown
A2MP1,0.0,,1.0,1.0,Unknown
A3GALT2,0.0,,1.0,1.0,Unknown
A4GALT,0.0,,1.0,1.0,Unknown
A4GNT,0.0,,1.0,1.0,Unknown
AAAS,0.0,,1.0,1.0,Unknown
AACS,0.0,,1.0,1.0,Unknown
AACSP1,0.0,,1.0,1.0,Unknown
AADAC,0.0,,1.0,1.0,Unknown
AADACL2,0.0,,1.0,1.0,Unknown
AADACL3,0.0,,1.0,1.0,Unknown
ZSCAN4,0.0,,1.0,1.0,Unknown
ZSCAN5A,0.0,,1.0,1.0,Unknown
ZSCAN5B,0.0,,1.0,1.0,Unknown
ZSCAN9,0.0,,1.0,1.0,Unknown
ZSWIM1,0.0,,1.0,1.0,Unknown
ZSWIM2,0.0,,1.0,1.0,Unknown
ZSWIM3,0.0,,1.0,1.0,Unknown
ZSWIM4,0.0,,1.0,1.0,Unknown
ZSWIM5,0.0,,1.0,1.0,Unknown
ZSWIM6,0.0,,1.0,1.0,Unknown
ZSWIM7,0.0,,1.0,1.0,Unknown
ZSWIM8,0.0,,1.0,1.0,Unknown
ZSWIM8-AS1,0.0,,1.0,1.0,Unknown
ZUFSP,0.0,,1.0,1.0,Unknown
ZW10,0.0,,1.0,1.0,Unknown
ZWILCH,0.0,,1.0,1.0,Unknown
