cell_id,patient_id,sample_group,n_genes_by_counts,total_counts,total_counts_mt,pct_counts_mt,cluster,cell_type,T_cell_exhaustion,Treg_signature,Macrophage_pro_tumor,Inflammation_TNF_NFKB,Fibroblast_ECM,Hypoxia
PT089_P1_A01,PT089,P1,3556,2110883.3499999996,0.0,0.0,12,Unknown,-0.029707268843791178,-0.009934424788160144,0.6022795880358774,-0.11997833192969296,0.02372325364957517,0.3378027114844338
PT089_P1_A02,PT089,P1,3372,1945635.6099999999,0.0,0.0,12,Unknown,-0.05412705805069463,-0.003716143110375238,0.06590491378319424,-0.14899899713877446,-0.01786337317576625,-0.05367705685803875
PT089_P1_A03,PT089,P1,2578,1524090.59,0.0,0.0,12,Unknown,-0.04772565003343304,-0.019063340710176093,0.07904995919628821,0.6712046011510985,-0.43257885962412473,0.8563682690187822
PT089_P1_A04,PT089,P1,2260,427386.53,0.0,0.0,14,Unknown,-0.02212143363516302,-0.017567154135649007,2.010095930198145,-0.1306254376232633,-0.03182866244070215,0.3770399472141901
PT089_P1_A05,PT089,P1,2659,1511151.4,0.0,0.0,14,Unknown,0.6169585543722664,-0.010768498769718459,0.7634339607461282,-0.09235704133382029,-0.4591036276952928,0.7198727685277302
PT089_P1_A06,PT089,P1,3181,1721230.63,0.0,0.0,12,Unknown,-0.022782258487548057,-0.011044163100223103,0.5383876532114864,-0.10890820164996418,-0.3089695932714859,-0.3868864826691267
PT089_P1_A07,PT089,P1,3681,1834365.55,0.0,0.0,12,Unknown,-0.031390543050222736,-0.03393947342031546,1.021216980658617,0.16128368878597185,-0.22866883987787034,0.36085216427981426
PT089_P1_A08,PT089,P1,3591,1303993.44,0.0,0.0,14,Unknown,0.4049171690460308,-0.017637603069577325,2.1595954763976772,-0.1082351512416006,-0.6142315182752032,0.35081798881717563
PT089_P1_A09,PT089,P1,2742,1563195.0899999999,0.0,0.0,12,Unknown,-0.015840060629912906,-0.030745969569311905,0.5305112206230005,-0.07479248546867695,-0.42530858213037603,0.5708542577716013
PT089_P1_A10,PT089,P1,2675,1636032.2200000002,0.0,0.0,12,Unknown,-0.020180105642883344,0.0017812787734677606,-0.3947634690469674,-0.15575895938180706,0.13683047188663744,-0.4327444967555826
PT089_P1_A11,PT089,P1,3169,1833238.31,0.0,0.0,12,Unknown,-0.022915471990766517,-0.025843051206050953,-0.035939914518486105,0.426336943298099,-0.5825379269443414,0.7340216487603022
PT089_P1_A12,PT089,P1,4300,2235989.6599999997,0.0,0.0,12,Unknown,-0.03966895825228706,-0.007102400897649259,0.4375540957175646,-0.21508159087297382,-0.246660001528483,0.3245679965919539
PT089_P1_B01,PT089,P1,3519,1908720.54,0.0,0.0,12,Unknown,-0.031699789945199106,-0.00848176849692874,0.31025381116868933,0.18636432367508385,-0.23142816353192353,0.2931786745718958
PT089_P1_B02,PT089,P1,2771,1696163.32,0.0,0.0,12,Unknown,-0.020615843923759293,-0.00040595356731253703,-0.3595886421566558,-0.11586999715233216,2.92064967249093,-0.45583035332865224
PT089_P1_B03,PT089,P1,3096,1936183.3,0.0,0.0,14,Unknown,0.4503561385130691,-0.027435131523610573,-0.07905187559536048,-0.11109694527185317,0.22859833466014867,0.5913564967023981
PT089_P1_B04,PT089,P1,3071,1775004.88,0.0,0.0,12,Unknown,-0.005380593751437365,-0.0021451576378570514,0.4840863256940804,-0.10226030167713138,-0.2935082650037629,0.09633590581729667
PT089_P1_B05,PT089,P1,560,36027.56999999999,0.0,0.0,0,Unknown,-0.0036743412913391427,0.0,-0.09853158082558397,-0.012476021850894206,-0.14663952859409576,-0.06781976142595317
PT089_P1_B06,PT089,P1,2397,1332092.5699999998,0.0,0.0,12,Unknown,-0.015530307046754779,-0.019738220026129433,0.8922113258564784,0.4066490391203819,0.06290476718315419,0.11711101881726482
PT089_P1_B07,PT089,P1,2755,1587081.48,0.0,0.0,12,Unknown,-0.025784447564023167,-0.013322039270923442,0.8558210817085106,-0.11142469973106382,0.24599738121496856,-0.41765545569484464
PT089_P1_B08,PT089,P1,5136,2054623.11,0.0,0.0,12,Unknown,-0.06919601194591532,-0.015643912762165566,-0.2501130282504804,-0.02156951390715489,1.4441849816898884,0.4594702944805247
PT089_P1_B09,PT089,P1,1785,859743.2599999999,0.0,0.0,14,Unknown,-0.0023586586794717575,-0.0003854751618446423,2.986291548884922,-0.05323750499397355,0.4291293714223466,0.5395713953385417
PT089_P1_B10,PT089,P1,220,9028.21,0.0,0.0,0,Unknown,-0.020129272620785624,0.0,0.1553953551236619,-0.029695591698214195,-0.04085047396399303,-0.03845269580314785
PT089_P1_B11,PT089,P1,2534,1168951.3800000001,0.0,0.0,12,Unknown,-0.0345528959984268,-0.023510566287923716,0.5633329188019846,-0.10899648510850798,0.18754515237670255,-0.060790538605056454
PT089_P1_B12,PT089,P1,3631,1792559.0,0.0,0.0,12,Unknown,-0.04922065753126433,-0.03464944076160066,-0.3684961080073179,-0.1708025722109073,-0.3832076876165792,0.40096161503444194
PT089_P1_C01,PT089,P1,2187,1213213.1099999999,0.0,0.0,12,Unknown,-0.033076588815300303,0.0,-0.27265270390091545,-0.05544217199171844,1.2528758824936066,0.2536291887931356
PT089_P1_C02,PT089,P1,3664,2365365.31,0.0,0.0,14,Unknown,0.42891877803515416,-0.019279662395844395,0.4158095479012136,-0.24739157268305215,-0.03137666555640217,0.797825427309978
PT089_P1_C03,PT089,P1,3923,1842523.6099999999,0.0,0.0,12,Unknown,-0.027981700322802165,-0.0068282892570545395,-0.5326669257606473,0.2673363916962689,1.6229949027406219,0.3999437028912617
PT089_P1_C04,PT089,P1,2937,1765772.85,0.0,0.0,12,Unknown,-0.005177475171337518,-0.0004194083996897685,-0.4133240668461291,0.6234864358805031,1.251876331969922,0.3720386227174224
PT089_P1_C05,PT089,P1,2913,2032643.12,0.0,0.0,14,Unknown,0.38742274569341106,-3.206482289415843e-05,2.0039443429630963,-0.12797550554232778,-0.08225748113183973,0.6342195069234153
PT089_P1_C06,PT089,P1,3528,2426417.5,0.0,0.0,14,Unknown,-0.03344961249854514,0.0644262719372663,0.39173423757289233,-0.1603149105389181,-0.404801094491503,0.665842330279157
PT089_P1_C07,PT089,P1,3277,2738367.96,0.0,0.0,14,Unknown,0.4800767537630295,-0.026630110289277812,1.8830833686644888,-0.13574461942030353,-0.20278000074439484,0.09907556596538697
PT089_P1_C08,PT089,P1,1831,309297.63,0.0,0.0,14,Unknown,0.4777572624281814,-0.01179061035831977,0.9984527153855054,-0.11485245028470513,-0.559379836697635,0.2598732012404842
PT089_P1_C09,PT089,P1,4458,2182364.63,0.0,0.0,14,Unknown,-0.026393500402320653,-0.01904417371765413,-0.16571375726774035,-0.132856307543422,-0.6535336798677714,0.6936477146058265
PT089_P1_C10,PT089,P1,3173,1616816.86,0.0,0.0,12,Unknown,-0.024994559484073732,-0.02287291865159986,0.014856146517152224,-0.14807097311573245,0.8260451345629948,-0.4743299748962177
PT089_P1_C11,PT089,P1,3158,2020253.8,0.0,0.0,14,Unknown,-0.05848497997058946,-0.010861243197670551,0.13814300387077716,-0.1643962557789468,-0.19649216896998145,0.12049985178054556
PT089_P1_C12,PT089,P1,651,322388.72,0.0,0.0,0,Unknown,-0.04114913818026453,0.0,-0.14732668374104577,-0.030805196892565785,-0.23204295103387054,0.7155548514704145
PT089_P1_D01,PT089,P1,3159,2251336.71,0.0,0.0,14,Unknown,0.33853401688286566,-0.00531261700761896,0.6842507143356231,-0.1902116688691558,-0.6434471303944292,0.029533779075037236
PT089_P1_D02,PT089,P1,2789,1448928.6099999999,0.0,0.0,12,Unknown,-0.06157291690508591,-0.016184547354788952,0.4915648331452967,-0.10113625959545205,-0.3409625239299339,-0.14103715853744997
PT089_P1_D03,PT089,P1,1540,474606.4,0.0,0.0,3,Unknown,-0.012999996841206916,-0.00041427149670956,-0.16847565844224818,-0.08779390304422631,-0.24696712411432628,-0.19181637185871495
PT089_P1_D04,PT089,P1,2693,1660306.01,0.0,0.0,14,Unknown,-0.04102404328383931,-0.0005919710850720968,0.9529554874772135,-0.13972707499582737,-0.4949668870873588,0.3247337979390893
PT089_P1_D05,PT089,P1,2037,893106.0599999999,0.0,0.0,14,Unknown,-0.0034599724552642126,-0.00361344445329859,0.6803940208886277,-0.11428997123488333,-0.5218648497328793,0.3499277688353101
PT089_P1_D06,PT089,P1,2061,1120645.3599999999,0.0,0.0,14,Unknown,-0.031095283436069404,-0.00040033385685731736,-0.2203972647548678,-0.05108117996732518,-0.48554784907774023,-0.2371988352809087
PT089_P1_D07,PT089,P1,2778,1843743.27,0.0,0.0,14,Unknown,0.5384811313825723,-7.212124073087773e-05,1.4926545187759728,-0.11292180659473679,0.12571328097564893,0.34912643048919123
PT089_P1_D08,PT089,P1,3107,2235525.71,0.0,0.0,14,Unknown,0.37620978794267085,-0.02338700128264589,-0.3667963295252959,0.36273854304892705,-0.5949071954327545,0.5594135154189133
PT089_P1_D09,PT089,P1,3442,2009413.28,0.0,0.0,2,Unknown,-0.026729954567526748,-0.012293991871260138,0.30520663668292364,-0.1364259846003967,-0.8825005941956582,-0.5249542819556541
PT089_P3_A01_S289,PT089,P3,1244,17852.97,0.0,0.0,1,Unknown,0.15455393671513648,-0.00444063436696659,-0.19832031848814588,-0.2013200075664181,-0.35447484311216115,-0.0554125170664064
PT089_P3_A02_S290,PT089,P3,578,39186.72,0.0,0.0,1,Unknown,0.039409349013428685,-0.0015152383631709394,-0.03096656205281643,-0.08911677442140195,-0.18806169838370096,-0.03878086960381362
PT089_P3_A03_S291,PT089,P3,737,8762.49,0.0,0.0,1,Unknown,-0.029074050148183886,-0.02041105369035702,-0.14355544980879648,-0.15338728139285238,-0.13877343199251968,-0.09729364976147734
PT089_P3_A04_S292,PT089,P3,1100,23079.24,0.0,0.0,1,Unknown,0.028356479896477993,-0.00416071798920415,-0.11327122140362245,-0.18626873853444753,-0.27758802619010337,-0.07993991859993811
PT089_P3_A05_S293,PT089,P3,663,6735.650000000001,0.0,0.0,1,Unknown,0.5670945969463268,-0.017386918112233713,-0.1392827983574861,-0.10487004936572022,-0.2302372745438548,-0.11310921221404524
PT089_P3_A06_S294,PT089,P3,207,847.01,0.0,0.0,1,Unknown,-0.059708192692994363,0.0,-0.03630729600466533,-0.07584319956419408,-0.23173410020760493,-0.037964466108642944
PT089_P3_A07_S295,PT089,P3,813,15763.2,0.0,0.0,1,Unknown,0.04455242293477262,-0.003275126717463317,-0.10745837840081228,-0.16865555392668638,-0.20453726602142847,-0.07656957245913718
PT089_P3_A08_S296,PT089,P3,450,2201.47,0.0,0.0,1,Unknown,0.3789268167549484,0.0,-0.11091988476697924,-0.13943986968325134,-0.33531138893909157,-0.06577871508110557
PT089_P3_A09_S297,PT089,P3,913,20940.129999999997,0.0,0.0,1,Unknown,0.12859354978107856,-0.016554444853120884,-0.057663397503114146,-0.1049248463869102,-0.16983729491154606,-0.08755340099921335
PT089_P3_A11_S299,PT089,P3,689,5881.98,0.0,0.0,1,Unknown,-0.010581570577915943,-0.013866645984403334,-0.13113014005504595,-0.1707826859140013,-0.21133075472522692,-0.10929340510898115
PT089_P3_A12_S300,PT089,P3,323,15565.73,0.0,0.0,1,Unknown,0.2864118410127534,-0.011791173475509488,-0.030039270878866646,-0.059804735769001215,-0.14122180764087094,-0.023776154322972847
PT089_P3_B01_S301,PT089,P3,789,12538.93,0.0,0.0,1,Unknown,0.1813267982025626,-0.0032898927003792056,-0.09718814397308012,-0.16973072054041152,-0.12488803497988127,-0.09101946882766682
PT089_P3_B02_S302,PT089,P3,889,11222.47,0.0,0.0,1,Unknown,-0.022080627813468073,-0.008117505292847155,-0.19469851995659596,-0.17100888261752936,-0.2673486290449454,-0.009746217435132876
PT089_P3_B03_S303,PT089,P3,861,19929.53,0.0,0.0,1,Unknown,0.1288962981470672,-0.0110795235753638,-0.14906982839213115,-0.09712509758570807,-0.20048988670497042,-0.1039094836054404
PT089_P3_B04_S304,PT089,P3,458,3281.4900000000002,0.0,0.0,1,Unknown,-0.042254763066704386,0.0,-0.08923477791010757,-0.1710515542459056,-0.17616025606390162,-0.0882277472066848
PT089_P3_B05_S305,PT089,P3,813,6076.05,0.0,0.0,1,Unknown,-0.03293940096809532,0.0,-0.19286145356249684,-0.1797884057804667,-0.29038839640095737,-0.12236217336217309
PT089_P3_B06_S306,PT089,P3,896,18919.230000000003,0.0,0.0,1,Unknown,-0.03135044060960324,-0.0028288527109471746,-0.07296070435467872,-0.1693476559740794,-0.18671956583744836,-0.0845270581093965
PT089_P3_B07_S307,PT089,P3,733,7811.73,0.0,0.0,1,Unknown,-0.05401708083212691,-0.006435803116132941,-0.1785858407753729,-0.22346229389561903,-0.25320472886473555,-0.10835082386569955
PT089_P3_B08_S308,PT089,P3,1047,6677.93,0.0,0.0,1,Unknown,0.12634157129131296,-0.012203709722984186,-0.21311021751564876,-0.25305410401188255,-0.3149341648954377,-0.19846136673190326
PT089_P3_B09_S309,PT089,P3,505,6521.6900000000005,0.0,0.0,1,Unknown,-0.014886491467162023,0.0,-0.11774588237418701,-0.11056595664364176,-0.28185776990931133,-0.0905291076911176
PT089_P3_B10_S310,PT089,P3,653,3628.94,0.0,0.0,1,Unknown,-0.039739647249617455,-0.008821699189629637,-0.17028207774625623,-0.1739678462531412,-0.1876565515610071,-0.10820517788866006
PT089_P3_B11_S311,PT089,P3,694,25236.93,0.0,0.0,1,Unknown,-0.032166796348764064,-0.012737428100005182,-0.08356726601097306,-0.0810980345461598,-0.20227411576804472,-0.055975496405720346
PT089_P3_B12_S312,PT089,P3,1035,28565.5,0.0,0.0,1,Unknown,0.29305239063128247,-0.017606012238713345,-0.10505449135069306,-0.12085227149254664,-0.2884727977937131,-0.09678850971246118
PT089_P3_C01_S313,PT089,P3,629,6449.46,0.0,0.0,1,Unknown,-0.05372156412901442,-0.028286791226402475,-0.1513598099455488,-0.15761201635293876,-0.34841333568227134,-0.10715693125998695
PT089_P3_C02_S314,PT089,P3,878,7800.59,0.0,0.0,1,Unknown,-0.07262301801990413,-0.008472385810882799,-0.06601810127649814,-0.26846322398123573,-0.27950216204767875,-0.07014231546496594
PT089_P3_C03_S315,PT089,P3,462,7434.790000000001,0.0,0.0,1,Unknown,-0.025674374289363814,0.0,-0.1161186693523798,-0.0978317562371784,-0.19069493431221518,-0.09823143597678943
PT089_P3_C04_S316,PT089,P3,1021,9379.66,0.0,0.0,1,Unknown,0.12531994193418117,-0.02490312515669033,-0.24850135902689863,-0.1587373256035571,-0.3393162470187309,-0.2091189383594465
PT089_P3_C05_S317,PT089,P3,388,1737.11,0.0,0.0,1,Unknown,-0.014349946032224519,-0.012736885362101031,-0.12477436165081082,-0.13794359981299625,-0.3721284280797982,-0.08938693113216263
PT089_P3_C06_S318,PT089,P3,308,6632.1,0.0,0.0,1,Unknown,0.29252139398525734,0.0,-0.03619951450033088,-0.04037782789391741,-0.11841233765922637,-0.01732334814226917
PT089_P3_C07_S319,PT089,P3,468,7952.42,0.0,0.0,1,Unknown,-0.03271763054215168,-0.008380183294508936,-0.1775465633396445,-0.08763331884112809,-0.15776869111562797,-0.13801520427662728
PT089_P3_C08_S320,PT089,P3,1163,15722.81,0.0,0.0,1,Unknown,0.24795175559832205,0.0,-0.1541224645973447,-0.33857372006647085,-0.21167245142231786,-0.10696920069892672
PT089_P3_C09_S321,PT089,P3,861,9811.14,0.0,0.0,1,Unknown,-0.03831278356727812,-0.004684839539810534,-0.15885051818804427,-0.2415694355118491,-0.23072730321155718,-0.09554491815049387
PT089_P3_C10_S322,PT089,P3,528,3966.88,0.0,0.0,1,Unknown,-0.06669263181459989,0.0,-0.11242081141631421,-0.09614780912058904,-0.2772331613260139,-0.09155114314446786
PT089_P3_C11_S323,PT089,P3,928,8678.55,0.0,0.0,1,Unknown,0.3266729744642906,-0.020822050540107065,-0.1978339305578078,-0.2034702631862171,-0.36455002648349655,-0.10654116403205119
PT089_P3_C12_S324,PT089,P3,1079,21469.82,0.0,0.0,1,Unknown,-0.049808076197722734,0.0,-0.18026222514606655,-0.16509609789472462,-0.3232431336335476,-0.0917355694144974
PT089_P3_D01_S325,PT089,P3,243,1053.9,0.0,0.0,1,Unknown,0.0,0.0,-0.047420552402721125,-0.1355674868129798,-0.14149861533383085,-0.06726273862614356
PT089_P3_D04_S328,PT089,P3,551,2857.4300000000003,0.0,0.0,1,Unknown,-0.027780530396394353,0.5013330783033363,0.21223099453671085,-0.09938527428860032,-0.233369839500578,-0.12284152781295571
PT089_P3_D06_S330,PT089,P3,395,5269.46,0.0,0.0,1,Unknown,0.0,0.0,-0.07870822011543502,-0.16025892355630672,-0.2136437811296642,-0.023921373056797864
PT089_P3_D09_S333,PT089,P3,203,1464.72,0.0,0.0,1,Unknown,0.5138862980292248,0.0,-0.11469273867781489,-0.10445622882716923,-0.20053361436735934,-0.05249859586715295
PT089_P3_D12_S336,PT089,P3,202,758.47,0.0,0.0,1,Unknown,-0.018513087181005028,0.0,-0.0956473515153636,-0.17032617540457107,-0.14357836674429017,-0.07316273199077007
PT089_P3_E01_S337,PT089,P3,881,6202.700000000001,0.0,0.0,1,Unknown,-0.08725097453626265,-0.006401288092608174,0.011936645823212466,-0.16579968663115738,-0.24546816960900725,-0.13479690500118158
PT089_P3_E02_S338,PT089,P3,391,1947.2099999999998,0.0,0.0,1,Unknown,0.5623978341436491,-0.03534755730137542,-0.16900859068521254,-0.12172808931600358,-0.23307433513001477,-0.14659952243616167
PT089_P3_E03_S339,PT089,P3,277,1371.79,0.0,0.0,1,Unknown,-0.012366582386270338,0.0,-0.14075279193947673,-0.02731701093603983,0.7421030879554796,-0.06535769861249564
PT089_P3_E04_S340,PT089,P3,1022,5487.92,0.0,0.0,1,Unknown,-0.08165011254570866,-0.010078888214211972,0.12451898358209035,-0.20513385226296268,-0.45074330557994086,-0.21483539562410037
PT089_P3_E05_S341,PT089,P3,1451,14890.52,0.0,0.0,1,Unknown,0.04773416140682513,-0.009101684196340833,-0.16826415663567829,-0.18235371491032104,-0.36310309825433235,-0.12272751285451129
PT089_P3_E06_S342,PT089,P3,772,8343.970000000001,0.0,0.0,1,Unknown,-0.03521196918375801,0.23478405007844197,-0.14279631510981564,-0.13890059485016024,-0.18969458092507638,0.14267964947585277
PT089_P3_E07_S343,PT089,P3,245,855.8899999999999,0.0,0.0,1,Unknown,-0.038271324055665704,-0.031798981041533655,-0.049327492796697424,-0.058131597577025636,-0.1517316007615749,-0.08289170454780567
PT089_P3_E08_S344,PT089,P3,1286,2736.92,0.0,0.0,1,Unknown,-0.06585520952062345,-0.030594530612895278,0.2790580894161565,-0.20531336358728047,-0.3520686297824423,0.11689031544018103
PT089_P3_E09_S345,PT089,P3,769,3810.2799999999997,0.0,0.0,1,Unknown,-0.01866654812228189,-0.01631147043827488,-0.16677250866561313,-0.14400514660272232,-0.4190218135665946,-0.16957135229180967
PT089_P3_E10_S346,PT089,P3,885,42225.73,0.0,0.0,1,Unknown,0.04943435200801273,-0.0005889411860866821,-0.055303730772686965,-0.08004923537017283,-0.18327414738897016,-0.04916962737152806
PT089_P3_E12_S348,PT089,P3,1012,38153.79,0.0,0.0,1,Unknown,-0.01956783832166097,-0.0035367350275092814,-0.1285441969221804,-0.07684507103961892,-0.22017432140179555,-0.0921547064070156
PT089_P3_F01_S349,PT089,P3,387,1836.13,0.0,0.0,1,Unknown,-0.014121323303641149,0.6211655407087048,-0.1003215101952158,-0.1079855595861269,-0.22716042906210135,-0.09016332759999708
PT089_P3_F02_S350,PT089,P3,893,17722.0,0.0,0.0,1,Unknown,-0.05633518167120379,0.0,-0.2005189112108615,-0.12626812167191084,-0.19972576162177802,-0.12660228912462382
PT089_P3_F03_S351,PT089,P3,741,5391.71,0.0,0.0,1,Unknown,-0.025731450303377614,-0.01398621952011571,-0.17619025953053197,-0.27321278158915757,-0.25147184261563177,-0.16039182445087818
PT089_P3_F04_S352,PT089,P3,673,19049.129999999997,0.0,0.0,1,Unknown,0.2364129616671371,-0.002813114021640489,-0.09344436542708148,-0.11213524917798906,-0.19894243044826593,-0.07910280634819636
PT089_P3_F05_S353,PT089,P3,247,1153.48,0.0,0.0,1,Unknown,-0.011344840484437653,-0.020053083663107943,-0.09998602459545768,0.4170556422546715,-0.2838874783470295,-0.1297521490699344
PT089_P3_F06_S354,PT089,P3,325,7312.18,0.0,0.0,1,Unknown,-0.019037677647992995,0.0,-0.05908837992091685,-0.10137324123600312,-0.1388273985564743,-0.05846484933275873
PT089_P3_F07_S355,PT089,P3,475,2680.96,0.0,0.0,1,Unknown,-0.054257669219303625,-0.020719022887812542,-0.14758540575774856,-0.19452988843216373,-0.14947678009066173,-0.11588628604005433
PT089_P3_F08_S356,PT089,P3,213,1102.8799999999999,0.0,0.0,1,Unknown,-0.046185591879375175,-0.015395197293125058,-0.0619111168308082,-0.1105212272456206,-0.14378947048899696,-0.03468402567942473
PT089_P3_F09_S357,PT089,P3,532,3550.41,0.0,0.0,1,Unknown,0.6899901206916829,0.0,-0.0831695334805663,-0.127305984875323,-0.26893753435340645,-0.11876360366477508
PT089_P3_F10_S358,PT089,P3,661,8329.26,0.0,0.0,1,Unknown,-0.05731035718610014,-0.0051850172727252826,-0.12922033908188763,-0.16418100264714244,-0.17234488484432994,-0.09679075574539033
PT089_P3_F11_S359,PT089,P3,1251,31361.34,0.0,0.0,1,Unknown,-0.04242678095084543,-0.03872120839853087,-0.1698966171476394,-0.16385616761420405,-0.2638644910518161,-0.12862417046325558
PT089_P3_F12_S360,PT089,P3,1221,16061.490000000002,0.0,0.0,1,Unknown,-0.08716212530283815,-0.02220322449799565,-0.18638577771280876,-0.07810756191954173,-0.43944868312674573,-0.10589949444653833
PT089_P3_G01_S361,PT089,P3,435,9160.810000000001,0.0,0.0,1,Unknown,-0.014736875110696704,0.0,-0.07419067381068775,-0.12055701661907194,-0.09153891589727371,-0.07710374365407956
PT089_P3_G02_S362,PT089,P3,775,14483.51,0.0,0.0,1,Unknown,-0.05885364399152986,-0.00699985425094998,-0.10593485551855934,-0.17052081391592797,-0.22436162992316563,-0.06875256535910455
PT089_P3_G03_S363,PT089,P3,752,6736.93,0.0,0.0,1,Unknown,-0.049629100767017105,-0.018320458312650622,-0.09285255339033836,-0.14638533613079574,-0.22272878621809716,-0.10720795160332663
PT089_P3_G04_S364,PT089,P3,605,4193.15,0.0,0.0,1,Unknown,-0.05750486502579651,0.0,-0.10705057980648354,-0.12558462628957195,-0.23261964020677664,-0.08221121437788151
PT089_P3_G05_S365,PT089,P3,573,3815.72,0.0,0.0,1,Unknown,0.5616828288298074,-0.034311405297314045,0.14262538223127486,-0.16201159880977278,-0.23918490651498858,-0.10231113533680068
PT089_P3_G06_S366,PT089,P3,737,5987.72,0.0,0.0,1,Unknown,-0.0916609602081315,0.0,-0.18733798523476403,-0.20779172602490875,-0.20675151923787596,-0.11879646929194668
PT089_P3_G07_S367,PT089,P3,530,7504.1900000000005,0.0,0.0,1,Unknown,-0.006777103094269551,0.0,-0.10604085653027141,-0.10373597367481444,-0.13644698071471292,-0.08120433920251433
PT089_P3_G08_S368,PT089,P3,387,2731.05,0.0,0.0,1,Unknown,-0.024788334038410395,-0.010262384939047364,-0.1193824780792686,-0.15011137750044176,-0.23540787527549828,-0.08815545582582934
PT089_P3_G09_S369,PT089,P3,991,11375.96,0.0,0.0,1,Unknown,-0.042960178567714856,-0.004205097128097989,-0.18050579173261358,-0.1255650569819754,-0.36978287599477155,-0.12744718620709833
PT089_P3_G10_S370,PT089,P3,1135,25985.91,0.0,0.0,1,Unknown,0.017747506668269145,0.0,-0.172531922604569,-0.05659544914250042,-0.3110400785740825,-0.13806859421839687
PT089_P3_G11_S371,PT089,P3,1150,18895.14,0.0,0.0,1,Unknown,-0.0639707416714152,-0.00976969820838639,-0.1576612729167808,-0.23690962789213296,-0.24305951960773686,-0.1570526204788343
PT089_P3_G12_S372,PT089,P3,754,10126.17,0.0,0.0,1,Unknown,0.04953289541584015,-0.01540070791420994,0.02725691652180537,-0.13735757279879962,-0.29403788914413015,-0.12818587976393037
PT089_P3_H01_S373,PT089,P3,871,19695.019999999997,0.0,0.0,1,Unknown,-0.05673704234060126,-0.0027374236204875915,-0.10038591433135251,-0.25025588412912325,-0.10346344273001455,-0.07941755637326188
PT089_P3_H02_S374,PT089,P3,788,21327.510000000002,0.0,0.0,1,Unknown,-0.044635538100778166,-0.021415195034070446,-0.08976927373891966,-0.16217064570566286,-0.17514066220803534,-0.057740578239962946
PT089_P3_H03_S375,PT089,P3,504,10022.25,0.0,0.0,1,Unknown,-0.030627326122479554,-0.008049345174126863,-0.09039280409388471,-0.17136378316764087,-0.15010144384306,-0.0465500421478059
PT089_P3_H05_S377,PT089,P3,359,1156.13,0.0,0.0,1,Unknown,-0.046591967495071746,-0.01590087181244737,0.41375081763276833,-0.16342344309237397,-0.16223532691582165,-0.08257489250336528
PT089_P3_H06_S378,PT089,P3,282,6095.290000000001,0.0,0.0,1,Unknown,-0.002371926580578041,0.0,-0.07158058109765093,-0.09703042561609121,-0.08672787879565089,-0.09655217759788742
PT089_P3_H07_S379,PT089,P3,681,13834.560000000001,0.0,0.0,1,Unknown,0.17799338218273655,0.0,-0.09885408315045353,-0.06833154507810009,-0.22700371713841047,-0.07714303063268382
PT089_P3_H08_S380,PT089,P3,818,11074.36,0.0,0.0,1,Unknown,-0.02209125322829299,-0.00857899478988656,-0.16457887187731868,-0.15905006075210262,-0.24106609390410902,-0.06668769225565684
PT089_P3_H09_S381,PT089,P3,864,20796.440000000002,0.0,0.0,1,Unknown,-0.06020692250995702,-0.004393310775179972,-0.09435456831277837,-0.13762896125326762,-0.17983572584810292,-0.0574292647504701
PT089_P3_H11_S383,PT089,P3,1210,29493.34,0.0,0.0,1,Unknown,0.025433904070075092,-0.0026809618366282297,-0.13929512547518824,-0.21245605933077763,-0.2471204811417495,-0.10083635395410276
PT089_P3_H12_S384,PT089,P3,1063,14305.16,0.0,0.0,1,Unknown,-0.031660540426256,0.1728082968322542,-0.19746060338753987,-0.18244562189976743,-0.2989233050193307,-0.17260994261485604
PT089_P7_A01_S1,PT089,P7,2464,574820.08,0.0,0.0,9,Unknown,-0.0016976809181169956,-0.013733853753720143,-0.31654895948219647,-0.12350622261921106,3.410531591652468,-0.30904958034491276
PT089_P7_A02_S2,PT089,P7,2728,315296.06,0.0,0.0,6,Unknown,-0.05442317180589026,-0.027334183838928123,-0.4473236824753984,0.44716451886231934,-0.6650863602677832,0.818932310228838
PT089_P7_A03_S3,PT089,P7,4615,1391821.22,0.0,0.0,11,Unknown,-0.08201275711931003,-0.019744150437246387,-0.5453035426070878,-0.11242101788267146,-0.9648728516628979,0.6908401708204428
PT089_P7_A04_S4,PT089,P7,4761,1516178.01,0.0,0.0,5,Unknown,-0.06427106599208855,-0.00044378358885133326,0.455117858959183,-0.01966599595317059,-0.9873837011926522,0.3390216670109161
PT089_P7_A05_S5,PT089,P7,1776,647062.3900000001,0.0,0.0,7,Unknown,-0.0017851677312998037,-0.01913071067327408,1.091972772825339,-0.0987796109314193,1.5082284150263747,-0.2528969989856964
PT089_P7_A06_S6,PT089,P7,3680,1302957.23,0.0,0.0,9,Unknown,-0.04900862770672276,-0.021343124143009387,-0.08068274636499173,-0.17716104962711962,2.4282564236587647,-0.08904350279651785
PT089_P7_A07_S7,PT089,P7,4909,1738039.0699999998,0.0,0.0,5,Unknown,-0.055549529099592786,-0.012257746178094747,0.16253548872364865,-0.21918190835999934,-0.8949096345284382,0.7061770484571243
PT089_P7_A08_S8,PT089,P7,4621,1887721.12,0.0,0.0,5,Unknown,-0.07340959963349568,-0.004267672983476167,0.5973963760520877,-0.1956994956197935,-0.9528317280768441,0.06286658539512147
PT089_P7_A09_S9,PT089,P7,3321,1258753.56,0.0,0.0,5,Unknown,-0.03913872631801088,-0.0012237579241345267,0.6415580154666154,-0.1609625057294574,-0.8345695550486607,0.2591827523727056
PT089_P7_A10_S10,PT089,P7,2089,536601.92,0.0,0.0,0,Unknown,-0.028026065967139243,-0.010424683837176577,0.1892037577337673,-0.11367079257668479,0.6614591648397415,0.057450851923628476
PT089_P7_A11_S11,PT089,P7,2379,450604.27,0.0,0.0,6,Unknown,-0.03380696270711586,-0.012575389196995074,0.46691810386181054,-0.05110839743542828,-0.5332010699203433,-0.319869375383143
PT089_P7_A12_S12,PT089,P7,2876,977644.2200000001,0.0,0.0,5,Unknown,-0.04362814451714157,-0.0032138972820163216,0.29126278282565343,-0.15917070766304978,-0.6257498651962188,0.7861547236345927
PT089_P7_B01_S13,PT089,P7,3146,872457.6000000001,0.0,0.0,6,Unknown,-0.043773238282983816,-0.0066572238982654216,-0.387455817604872,0.20028970356603648,-0.7221004719163381,0.7261089739571398
PT089_P7_B02_S14,PT089,P7,3331,398529.51,0.0,0.0,9,Unknown,-0.06005772946190299,-0.02201990209921999,-0.15962288833994204,-0.1872896296354866,3.0639607424128923,-0.04886877960636421
PT089_P7_B03_S15,PT089,P7,3809,75716.9,0.0,0.0,5,Unknown,-0.0714051228914124,-0.003654626175006445,0.25140577546595333,-0.015029655415116694,-0.8917885787554622,-0.07159775274008656
PT089_P7_B04_S16,PT089,P7,2293,506522.06,0.0,0.0,6,Unknown,-0.029240551236801828,-0.03311496226189886,0.32274450040103186,-0.05919667393691006,-0.6111884159746538,1.4842925129305682
PT089_P7_B05_S17,PT089,P7,3856,1011221.36,0.0,0.0,6,Unknown,-0.06115661677861571,-0.024336766306045986,0.0003302132217327669,-0.21200139361118844,-0.303967604170876,0.7762729334388117
PT089_P7_B06_S18,PT089,P7,4678,92582.22,0.0,0.0,5,Unknown,-0.07367250592793492,-0.009796420050588554,0.0023424661934621227,-0.161077024374758,-0.9632654573657008,0.5616435937293187
PT089_P7_B07_S19,PT089,P7,1913,6080.66,0.0,0.0,5,Unknown,-0.06925901293443411,-0.028928659379486455,0.5417075617122984,0.48907434006980066,-0.6625192888018572,0.10510844063125568
PT089_P7_B08_S20,PT089,P7,3090,946346.74,0.0,0.0,6,Unknown,-0.04750807191148215,-0.0045264251177563174,-0.3779557525942618,-0.1421263349103171,-0.5305729577441927,0.6050279092958639
PT089_P7_B09_S21,PT089,P7,3843,1210565.33,0.0,0.0,6,Unknown,-0.038289627287973776,0.0019353500050946159,0.3787102338507658,-0.022523894141221523,-0.7463255154760572,0.9824999856186936
PT089_P7_B10_S22,PT089,P7,2712,834698.15,0.0,0.0,6,Unknown,-0.04028165931728929,-0.03864953437979148,-0.3861291409647491,-0.1425660385582262,-0.476598025235521,0.4812572455732433
PT089_P7_B11_S23,PT089,P7,4928,1063025.52,0.0,0.0,5,Unknown,-0.08437318774897867,-0.026244962643144618,0.5070179440837387,-0.11956333034229248,-0.5991293331783195,0.832570542022623
PT089_P7_B12_S24,PT089,P7,2106,472398.05999999994,0.0,0.0,6,Unknown,-0.032704764466888,-0.01969434824364597,0.32973896345506487,-0.046553649002398986,-0.5535174375202355,0.3042547203679803
PT089_P7_C01_S25,PT089,P7,3194,956465.41,0.0,0.0,6,Unknown,-0.05143586339357143,-0.011910250710508536,0.6264301774120522,-0.19391502414572218,-0.8027976591345641,0.5909009118592263
PT089_P7_C02_S26,PT089,P7,3140,539755.25,0.0,0.0,5,Unknown,-0.04205514072206071,-0.007639322314500399,0.4726708978510538,0.1761945969233767,-0.2564422800362003,0.11282921850232519
PT089_P7_C03_S27,PT089,P7,3350,1071230.71,0.0,0.0,11,Unknown,-0.03284233565150952,-0.0007940513741303023,-0.4944964109648001,-0.15707053522511935,-1.0050760432208068,0.6970377711877332
PT089_P7_C04_S28,PT089,P7,3176,947666.46,0.0,0.0,6,Unknown,-0.03204631698536038,-0.04030908199415762,0.8442994754469324,-0.02071209671600177,-0.5074619481686936,0.8153493142794406
PT089_P7_C05_S29,PT089,P7,2208,591095.46,0.0,0.0,6,Unknown,-0.008968755453204162,-0.001319002253327023,0.6906151482796241,-0.13467876127987155,-0.5154946050853209,-0.14850367288917998
PT089_P7_C06_S30,PT089,P7,2751,844552.1599999999,0.0,0.0,6,Unknown,-0.02059628834832537,-0.004915929809159145,-0.304726474026184,-0.14328469679284,-0.6018515391096196,0.9350605731374921
PT089_P7_C07_S31,PT089,P7,2583,788756.59,0.0,0.0,9,Unknown,-0.0234590669140861,-0.0003450933507207182,1.0678630489883485,-0.16881949282604847,2.1161843438449077,1.0201505974123912
PT089_P7_C08_S32,PT089,P7,3340,1095348.6800000002,0.0,0.0,6,Unknown,-0.062343038770597464,-0.0476155710584717,-0.3734300160030802,-0.1028284751501399,-0.6627927732111232,0.5422593777013245
PT089_P7_C09_S33,PT089,P7,3849,1162836.61,0.0,0.0,6,Unknown,-0.049027199903198385,-0.015015506327317928,0.7995637945781109,-0.23394089486336284,-0.8154497447987887,0.6175196062754782
PT089_P7_C10_S34,PT089,P7,1201,245831.41999999998,0.0,0.0,0,Unknown,-0.021293079717067693,-6.208339131608824e-05,-0.19459615276905073,-0.07090307720373885,-0.49313610411634107,-0.19347527082277313
PT089_P7_C11_S35,PT089,P7,3413,715482.61,0.0,0.0,6,Unknown,-0.046884379855041874,-0.0014623228921720225,-0.3951333584477398,-0.10584276573376414,-0.636613016363036,0.32272357439796073
PT089_P7_C12_S36,PT089,P7,2912,809816.15,0.0,0.0,9,Unknown,-0.04422194930071782,-0.0005392162726885324,0.36363490623320255,-0.1913422517624642,4.410891869079531,0.3997501035337602
PT089_P7_D01_S37,PT089,P7,1448,68914.66,0.0,0.0,0,Unknown,-0.0026574974174870467,-0.025118350767524972,0.8081399620768477,-0.11215307213959612,-0.49221416467503043,0.10411695307574925
PT089_P7_D02_S38,PT089,P7,4200,356713.08,0.0,0.0,11,Unknown,-0.06774369267350384,-0.0071185810250737865,-0.5349209332187005,-0.13360390012652013,-1.0564486541608622,0.2516110068408428
PT089_P7_D03_S39,PT089,P7,4804,1214857.0100000002,0.0,0.0,5,Unknown,-0.06434462232061942,-0.0014543963948656798,-0.47829786157839826,-0.2832851188120488,-0.8810366178227632,0.8878870688787769
PT089_P7_D05_S41,PT089,P7,3357,984126.79,0.0,0.0,5,Unknown,-0.06375022131945879,-0.0083674351484815,0.2490361910998552,0.10467195313326341,-0.9179468642874464,0.38390956291061495
PT089_P7_D06_S42,PT089,P7,1309,41035.119999999995,0.0,0.0,6,Unknown,-0.039227757069130786,-0.008194669818404852,-0.287961801043076,-0.08189674291326517,-0.39219766997818845,0.1963145239138867
PT089_P7_D07_S43,PT089,P7,1628,405911.13999999996,0.0,0.0,0,Unknown,-0.022666932107445963,-0.0020964946178820987,-0.3748690003200541,-0.05317140602525121,-0.4504454117681644,0.041250212301641
PT089_P7_D08_S44,PT089,P7,2653,783659.99,0.0,0.0,11,Unknown,-0.030215089798523182,-0.0008891823914308017,0.11391582990612337,-0.21778007043906644,-0.6895382965369045,0.8753554399795654
PT089_P7_D09_S45,PT089,P7,3133,1039938.2499999999,0.0,0.0,9,Unknown,-0.05629317412535747,-0.02264669118261941,-0.4417716646183444,0.3554435064334985,2.527630559438417,-0.11660803272975923
PT089_P7_D10_S46,PT089,P7,4365,1254056.25,0.0,0.0,11,Unknown,-0.04292240195894652,-0.017642119722840698,-0.4830395897959922,-0.1300514222015449,-0.9464366331914329,0.5445386572180363
PT089_P7_D11_S47,PT089,P7,3530,757150.15,0.0,0.0,6,Unknown,-0.04290401316398864,-0.02485926632356471,0.10226460456812014,-0.18289894364014553,-0.7258454006363038,0.7366757831035212
PT089_P7_D12_S48,PT089,P7,1190,292583.6,0.0,0.0,0,Unknown,-0.011536625949964529,-0.0003463018097937449,-0.2034601412364108,-0.02487517278497591,1.898559630313723,-0.22679902233834093
PT089_P7_E01_S49,PT089,P7,2752,604591.8300000001,0.0,0.0,6,Unknown,0.0047806114388263855,-0.008383108758015524,0.2469762067167151,-0.18602349403185803,-0.6011156590952907,0.3806818728904639
PT089_P7_E02_S50,PT089,P7,3319,376903.95,0.0,0.0,11,Unknown,-0.05050435967384097,-0.034072621571151804,0.026591548024658684,-0.18870345236911304,-0.7169619620307078,0.3934825691799272
PT089_P7_E03_S51,PT089,P7,2983,836931.3899999999,0.0,0.0,6,Unknown,-0.05835392776234892,-0.021025826892196318,-0.2499231749925009,-0.15548028062171934,-0.5253709380380497,0.29786064508638066
PT089_P7_E04_S52,PT089,P7,2980,722240.95,0.0,0.0,6,Unknown,-0.05449141939556666,-0.013817608386992919,-0.36819247037466013,-0.04159293585973773,-0.6240696938412819,0.1214060716300312
PT089_P7_E05_S53,PT089,P7,5071,1436578.3800000001,0.0,0.0,5,Unknown,-0.06947918038697933,-0.0072726508413445586,0.30957218840998035,0.12135025248885273,-0.9343624530725255,0.6561446561718995
PT089_P7_E06_S54,PT089,P7,2483,731421.4000000001,0.0,0.0,11,Unknown,-0.006265587406646431,-0.0005372000790221667,-0.40769953851320434,-0.1308750320169593,-0.5302659533731788,0.4640248461297129
PT089_P7_E07_S55,PT089,P7,2403,652892.18,0.0,0.0,5,Unknown,-0.05436241453956421,-0.02885964502182197,0.4222089142257459,0.35817148541880983,-0.4956427824126042,0.09317052096753475
PT089_P7_E08_S56,PT089,P7,435,1631.8199999999997,0.0,0.0,1,Unknown,-0.029544877645309733,0.0,-0.15077778722001978,-0.15336430893310407,-0.2834308511015334,-0.13785932023970246
PT089_P7_E09_S57,PT089,P7,2143,593362.29,0.0,0.0,7,Unknown,-0.037901131250001156,-0.0026116128088188068,0.09609440731999352,-0.2019331424260749,-0.5572754900566279,-0.41810825677208924
PT089_P7_E11_S59,PT089,P7,1541,130761.48000000001,0.0,0.0,0,Unknown,-0.01248865673413333,-0.014189918205177336,0.47604459713068464,-0.1094990476950684,-0.610718353990956,0.6965391097992135
PT089_P7_E12_S60,PT089,P7,2776,978079.63,0.0,0.0,9,Unknown,-0.03770121234412726,-0.03725924192511696,-0.33434116874230974,-0.18496396499044718,3.8975576986467515,-0.2686720153265531
PT089_P7_F01_S61,PT089,P7,574,1060.0,0.0,0.0,6,Unknown,-0.05206425086753603,-0.01563377391980142,0.5441230147364664,-0.01563377391980142,-0.34129940855836155,0.3489041274481174
PT089_P7_F02_S62,PT089,P7,3605,187402.78,0.0,0.0,5,Unknown,-0.06396710649516733,-0.013541378329453091,0.5685731261494975,-0.305069719761607,-1.022342717976753,0.9775244574029327
PT089_P7_F03_S63,PT089,P7,6147,1638408.23,0.0,0.0,5,Unknown,-0.10563914146885224,-0.021916447279919003,-0.20660419055114687,-0.19590695600877467,-1.0396733887694516,0.3486315096131808
PT089_P7_F04_S64,PT089,P7,4199,1311448.26,0.0,0.0,5,Unknown,-0.03948520268404864,-0.009492349600498324,-0.08070962645918767,0.03166643439323999,-0.7554942801328864,0.26387440610739454
PT089_P7_F05_S65,PT089,P7,3213,986057.98,0.0,0.0,6,Unknown,-0.06621269131124305,-0.043396803554028515,-0.42740674341971024,-0.10997897273954024,-0.42952064275691326,0.3345749797442842
PT089_P7_F06_S66,PT089,P7,4501,1397296.3499999999,0.0,0.0,11,Unknown,-0.08094688857522866,-0.016546830064501864,0.45228160695029523,-0.2040161878563824,-0.9551672910831955,0.6384620037423822
PT089_P7_F07_S67,PT089,P7,550,106844.09,0.0,0.0,0,Unknown,-0.020841680595217706,-0.01610426054434855,0.8836678376848127,-0.02807588185509772,2.2284390418590387,-0.24594515329456257
PT089_P7_F08_S68,PT089,P7,2020,629206.3800000001,0.0,0.0,0,Unknown,-0.02498084610945843,-0.0004156360705970772,0.48281674664502044,-0.05420515790120523,-0.7394974469846978,0.636418679549837
PT089_P7_F09_S69,PT089,P7,1416,289402.06999999995,0.0,0.0,0,Unknown,-0.020755266397922845,-0.00047130405540715746,-0.3003776709546312,-0.08548150381255916,-0.4031944814665092,-0.3039596688223573
PT089_P7_F10_S70,PT089,P7,3298,938820.45,0.0,0.0,5,Unknown,-0.0711940453889822,-0.01380340713034666,0.31007317255729633,-0.20324387914990202,-0.9094168988298067,0.4395417229711786
PT089_P7_F11_S71,PT089,P7,3103,787169.77,0.0,0.0,5,Unknown,-0.07922835457909033,-0.03144742977667152,0.6518044770604293,-0.11440034115899946,-0.6742032779452363,0.4674945171105916
PT089_P7_F12_S72,PT089,P7,1100,112021.59,0.0,0.0,0,Unknown,-0.0001106536259612434,-0.005393394933091267,0.549282339930643,-0.012933431011179627,-0.33108786553420777,0.40778665941617614
PT089_P7_G01_S73,PT089,P7,3932,1702642.86,0.0,0.0,5,Unknown,-0.056637256988496004,-0.01936587131848315,0.6101604644544592,-0.16364971265171147,-0.912501910034357,0.21528482869441823
PT089_P7_G02_S74,PT089,P7,4024,816084.95,0.0,0.0,5,Unknown,-0.05263979392938782,-0.0035361793592066874,0.7326004574302024,-0.13991734338718848,-0.7703065397581085,0.32613946501265495
PT089_P7_G03_S75,PT089,P7,4411,1387741.78,0.0,0.0,5,Unknown,-0.10430083452622904,-0.026777063757475936,0.24300326452928134,0.07845635641440213,-0.8755594460313018,0.4789835364475298
PT089_P7_G04_S76,PT089,P7,2601,841886.1100000001,0.0,0.0,9,Unknown,-0.01985338651415064,-0.00039334075662780435,0.15145929426970617,0.4209036843295709,2.309354673866469,-0.4563889536059319
PT089_P7_G05_S77,PT089,P7,3766,779663.83,0.0,0.0,11,Unknown,-0.017691693359461906,-0.019975901049075477,-0.4520042606887302,-0.15080793185013883,-0.6423278587076214,0.8219672057316503
PT089_P7_G06_S78,PT089,P7,3631,1210639.5,0.0,0.0,9,Unknown,-0.0776911869459047,-0.04642181320981303,-0.4822964248307622,-0.1541939483282573,2.93344153604067,0.16153036327774578
PT089_P7_G07_S79,PT089,P7,2679,931399.21,0.0,0.0,9,Unknown,-0.023187221026863884,-0.0003467436088485732,0.693792022552213,-0.12481792443097048,1.9146136370187996,0.23117397000072387
PT089_P7_G08_S80,PT089,P7,2835,847600.13,0.0,0.0,9,Unknown,-0.05236541018867202,-0.0046493953829767395,-0.0010155215339184287,-0.18992435399435467,2.1758140194017854,0.12622197324641865
PT089_P7_G09_S81,PT089,P7,4395,1448861.0499999998,0.0,0.0,11,Unknown,-0.050572797594701985,-0.004516362553034677,-0.40054756571702743,-0.19217713283059445,-0.9554364633375392,0.0690403428377766
PT089_P7_G10_S82,PT089,P7,1754,422511.43,0.0,0.0,0,Unknown,-0.025743167587670448,-0.003666469314026129,0.625312458295331,-0.07011288245273432,-0.22106846200382668,-0.02952999952245894
PT089_P7_G11_S83,PT089,P7,2547,492674.93,0.0,0.0,9,Unknown,-0.03696206393819418,0.006698037797191011,0.6552779011036407,0.4624391418047476,3.259937196852041,-0.33406432826154614
PT089_P7_G12_S84,PT089,P7,2933,928264.6200000001,0.0,0.0,9,Unknown,-0.010772448380512837,-0.009703475475312825,-0.319248324356671,-0.17736614411291557,2.2945909639118227,-0.00456784353012607
PT089_P7_H03_S87,PT089,P7,377,498.0,0.0,0.0,0,Unknown,-0.015241699823937962,0.0,-0.26934054772869853,-0.08128906572766913,0.15601686846220048,0.4788483722712123
PT089_P9_A01_S97,PT089,P9,3969,604980.6000000001,0.0,0.0,5,Unknown,-0.065217060255446,-0.009653174417832474,0.403199057557334,0.025260201437511676,-0.7696656786414253,0.32041938860660146
PT089_P9_A02_S98,PT089,P9,4174,845012.97,0.0,0.0,11,Unknown,-0.06236117891269993,-0.001316849160323869,-0.037611664806012524,-0.2201007521697278,-1.066672224418497,0.8869536561878968
PT089_P9_A03_S99,PT089,P9,3531,518835.42,0.0,0.0,11,Unknown,-0.04319787029310233,-0.00011970221665336266,-0.2392420055624503,0.2778315871413663,-1.022501713994701,0.9354992020678281
PT089_P9_A04_S100,PT089,P9,5030,900435.47,0.0,0.0,5,Unknown,-0.09343408212451021,-0.002861353318966643,-0.3277084366081542,-0.033080075666939185,-0.9723237399252657,-0.4130277703722127
PT089_P9_A05_S101,PT089,P9,3700,689453.98,0.0,0.0,6,Unknown,0.11666712371535204,-0.013504929589278356,-0.2984689713677951,0.14890552788723588,-0.6467160200769652,0.9309844104973448
PT089_P9_A06_S102,PT089,P9,3367,809893.85,0.0,0.0,6,Unknown,-0.081605168002496,-0.006569929168917738,0.25121712877973207,-0.1370660104998006,-0.6874033677360775,0.4265730978962994
PT089_P9_A07_S103,PT089,P9,4492,887050.22,0.0,0.0,9,Unknown,-0.0698115155929596,-0.018466981126307413,0.06901855527859468,-0.005967553888854504,3.2274857699095776,0.2702032814299966
PT089_P9_A08_S104,PT089,P9,3730,454197.62,0.0,0.0,11,Unknown,-0.07669520312713861,-0.003176350426411213,0.1837844033005559,0.18681099611041851,-0.8502187675864963,0.34664389598758316
PT089_P9_A09_S105,PT089,P9,4095,604485.47,0.0,0.0,11,Unknown,-0.06527304916561974,-0.014917419054119148,-0.024068011971280723,0.22264397915015838,-1.0501262634943014,0.7852097142013514
PT089_P9_A10_S106,PT089,P9,4456,765759.52,0.0,0.0,5,Unknown,-0.09832621746631534,-0.052306760913928704,-0.07342823655677061,0.26920048872031216,-0.9312915584090147,0.021421630807102465
PT089_P9_A11_S107,PT089,P9,3597,536078.16,0.0,0.0,6,Unknown,-0.070525246402474,-0.026819814731685435,0.30369233167542364,-0.034885467648773566,-0.7039823698572049,0.636655390319355
PT089_P9_A12_S108,PT089,P9,5962,408424.22000000003,0.0,0.0,9,Unknown,-0.054054481275652204,-0.0426150170385855,0.3965884940642332,-0.18630433913279937,1.6794407903044144,-0.4076439654116499
PT089_P9_B01_S109,PT089,P9,2592,713914.79,0.0,0.0,11,Unknown,-0.0597189601394254,-0.00013770683928071648,0.6581282758604157,-0.15776294549545447,-0.4874426707580059,0.8290793965512775
PT089_P9_B02_S110,PT089,P9,3108,713565.96,0.0,0.0,9,Unknown,-0.07385209283170023,-0.01603071987581163,-0.36168882053495816,-0.24152690692219228,2.714544180863744,-0.008375790835373709
PT089_P9_B03_S111,PT089,P9,3396,700347.61,0.0,0.0,6,Unknown,-0.050928160344290194,-0.005568476238646203,0.6502066134117921,-0.2038398197053965,-0.6654114388496291,0.8148775125339822
PT089_P9_B04_S112,PT089,P9,3855,993339.5700000001,0.0,0.0,5,Unknown,-0.03937066763739725,-0.0004317182951289105,0.6681852547758318,0.13314542586087857,-0.808867038525329,0.4300628224697438
PT089_P9_B05_S113,PT089,P9,3692,675786.64,0.0,0.0,5,Unknown,-0.046461581384402234,-0.01894075712482275,0.2361793379379203,-0.18650467591633443,-0.804493420090479,0.5705735778167405
PT089_P9_B06_S114,PT089,P9,5710,897768.24,0.0,0.0,5,Unknown,-0.11814952470530649,-0.028576931171861233,-0.04048629800996484,-0.047512883320535965,-0.9829365491199922,0.006911245134565647
PT089_P9_B07_S115,PT089,P9,3557,636402.04,0.0,0.0,6,Unknown,-0.07592751163909016,-0.0003128544931703302,-0.42575777467019454,-0.23324790062693965,-0.5553698528865376,0.83522913699172
PT089_P9_B08_S116,PT089,P9,3058,411300.08,0.0,0.0,9,Unknown,-0.029239343745526884,0.0,-0.24849501915960406,-0.17154589048057586,3.723733407216554,-0.05306287862668935
PT089_P9_B09_S117,PT089,P9,4588,715852.78,0.0,0.0,5,Unknown,-0.061385429767656874,-0.00919542328609562,0.23797517291193077,-0.0181774164018437,-0.6988299846028456,0.3174254143249257
PT089_P9_B10_S118,PT089,P9,4229,567673.6000000001,0.0,0.0,11,Unknown,-0.06464329851604422,-0.007330514809412505,-0.4891646251136834,0.13314880121491948,-0.9253615806173241,0.9637011111861505
PT089_P9_B11_S119,PT089,P9,5044,566908.98,0.0,0.0,11,Unknown,-0.07709596393730074,-0.014840681119895451,-0.08036350984423984,-0.046771546385319746,-0.9582649077269807,0.7268421368865983
PT089_P9_C01_S121,PT089,P9,1733,143566.61000000002,0.0,0.0,13,Unknown,-0.05830898506963484,-0.015767651377980425,-0.4364773108662204,-0.12484920860865953,-0.5621125532593162,-0.41951622639344677
PT089_P9_C02_S122,PT089,P9,4376,843206.49,0.0,0.0,5,Unknown,-0.06522729495797322,-0.005100520071805844,0.4727457434479858,-0.03400900679284599,-1.1270509356757241,0.13685966295171303
PT089_P9_C03_S123,PT089,P9,3861,681525.61,0.0,0.0,5,Unknown,-0.052309636314037816,-0.014428699457933769,0.5676482419089706,-0.1484778439445942,-0.8689607005894436,0.7872188780506606
PT089_P9_C04_S124,PT089,P9,3150,563315.28,0.0,0.0,6,Unknown,-0.06234671241313803,-0.05276989742689406,-0.39941583292438676,-0.185962059630024,-0.6364217348543864,0.33045146882709425
PT089_P9_C05_S125,PT089,P9,4728,500402.05999999994,0.0,0.0,5,Unknown,-0.06457220131641164,-0.020140855442662243,-0.009280395032461919,0.12621690759811252,-0.9690394366001105,0.6737136799934671
PT089_P9_C06_S126,PT089,P9,4447,690352.55,0.0,0.0,5,Unknown,-0.0702003290676715,-0.006240101817772335,0.2964500243414421,0.0313805222478544,-0.9301506792444321,0.45061979014496023
PT089_P9_C07_S127,PT089,P9,4247,590310.78,0.0,0.0,11,Unknown,-0.09144969600876107,-0.006124108930953828,-0.5777791529680678,0.3408628065044529,-1.0091011896596265,0.522506457038317
PT089_P9_C08_S128,PT089,P9,3694,601146.22,0.0,0.0,9,Unknown,-0.023391455327611103,0.044787618002011746,-0.5007524979633137,-0.033661135649317664,2.6429068461962792,0.6308472367082371
PT089_P9_C09_S129,PT089,P9,4553,654774.1,0.0,0.0,5,Unknown,-0.06891168403346645,-0.017961652007200467,0.5801501346387453,0.31789284052449107,-0.913516399631639,0.5239442059434657
PT089_P9_C10_S130,PT089,P9,4842,533215.39,0.0,0.0,11,Unknown,-0.07032210177719281,-0.023029014457603754,0.2810112908578264,-0.037748752633097515,-1.0158955617728496,0.9162420833686653
PT089_P9_C11_S131,PT089,P9,2365,175013.77,0.0,0.0,7,Unknown,-0.012887801345096511,-0.01721926774568252,0.16985612784170906,-0.16616879730806525,0.47304198902686245,0.1091793438551823
PT089_P9_C12_S132,PT089,P9,3600,259365.12999999998,0.0,0.0,5,Unknown,-0.07408329593667334,-0.024937198787572057,0.7571629606895998,-0.2417944074912064,-0.7781652533378821,0.34116731132067823
PT089_P9_D01_S133,PT089,P9,2740,623309.46,0.0,0.0,7,Unknown,-0.04609975743278049,-0.00010610706704851239,0.2859909661057378,0.12722210913179688,-0.5839064943744572,0.0347542948813524
PT089_P9_D02_S134,PT089,P9,4296,854585.8599999999,0.0,0.0,5,Unknown,-0.05249960001223637,-0.013754625966730891,0.0989988719897163,-0.08637627912946465,-0.7493148541347923,0.7545246615784157
PT089_P9_D03_S135,PT089,P9,2580,434170.56,0.0,0.0,6,Unknown,-0.03912691734248663,-0.032347178497082144,0.6122412675647243,-0.24979869923881892,-0.5528619702093311,0.17638787475365975
PT089_P9_D04_S136,PT089,P9,3938,428419.80000000005,0.0,0.0,9,Unknown,-0.058133081391126246,-0.03917008364084252,-0.1800186886342218,-0.15180988762174236,1.6917377964203797,-0.026972796631843543
PT089_P9_D05_S137,PT089,P9,4323,579979.15,0.0,0.0,11,Unknown,-0.05870383205460925,-0.0022992448950363304,-0.04564473090133714,-0.13524155569891194,-0.7792366194567433,0.6656525339788953
PT089_P9_D06_S138,PT089,P9,4489,654322.46,0.0,0.0,11,Unknown,-0.04210957956014241,0.003031417225383364,-0.1085592314748064,-0.1747172774706288,-1.0027860266896738,0.1859587339076647
PT089_P9_D07_S139,PT089,P9,3747,587327.35,0.0,0.0,5,Unknown,-0.06098220875714519,0.004262196876625593,0.43131361402505874,-0.18985165955598698,-0.6590039276815559,0.46604497367487063
PT089_P9_D08_S140,PT089,P9,3876,611760.8300000001,0.0,0.0,6,Unknown,-0.07336792139488284,-0.021207896221472684,-0.42283921294303817,-0.16438859209856146,-0.6777081070511786,0.7493345314125059
PT089_P9_D09_S141,PT089,P9,4366,619194.23,0.0,0.0,9,Unknown,-0.07287354971237575,-0.026784772161991252,-0.5168982926902852,-0.16828065358269567,3.1694450423409215,-0.042082176597237564
PT089_P9_D10_S142,PT089,P9,5333,739658.99,0.0,0.0,5,Unknown,-0.12077759771692624,-0.024020061127223886,0.12961625107185948,-0.128035579946833,-1.1323734583648284,0.6224649217408398
PT089_P9_D11_S143,PT089,P9,3152,244799.08000000002,0.0,0.0,6,Unknown,-0.08100608850242123,-0.041481477657931226,0.21106208040989077,-0.2545708821145746,-0.7959668144544572,0.52122196587014
PT089_P9_D12_S144,PT089,P9,685,21548.190000000002,0.0,0.0,1,Unknown,-0.018331240234715687,0.0,-0.08870274531109597,-0.060993686084628795,2.7861591192761703,-0.15034380147076332
PT089_P9_E01_S145,PT089,P9,4688,690069.78,0.0,0.0,11,Unknown,-0.041996581001747094,-0.005199591197213463,-0.20002206322539834,-0.23780995178477898,-0.9488558102057418,0.49250061645777954
PT089_P9_E02_S146,PT089,P9,2698,721885.19,0.0,0.0,9,Unknown,-0.06256240193938309,-0.0005101740197996692,0.03444626339768858,-0.2526399615685942,2.0223778038653184,-0.447699032239694
PT089_P9_E03_S147,PT089,P9,4948,859919.73,0.0,0.0,5,Unknown,-0.09219159380021406,-0.019806592068444897,-0.34998506506237004,-0.3295288117937395,-1.0418313809765896,0.33688267605542577
PT089_P9_E04_S148,PT089,P9,3861,613548.64,0.0,0.0,5,Unknown,-0.06018801849855839,-0.011642824240084082,0.7882482855657943,-0.1630493514613882,-0.7909207698198395,0.11050645378174062
PT089_P9_E05_S149,PT089,P9,3862,678604.5900000001,0.0,0.0,9,Unknown,-0.08126183333103949,-0.037290309032897796,-0.2303010318103235,-0.24448860290791447,2.8051596829868437,0.30087131090825847
PT089_P9_E06_S150,PT089,P9,4071,529611.4199999999,0.0,0.0,5,Unknown,-0.06140203382915898,-0.010427930212372306,0.5268855773419359,0.05975157184963514,-0.584716931411749,0.9256996691356588
PT089_P9_E07_S151,PT089,P9,2883,496613.12,0.0,0.0,6,Unknown,-0.07465346480792713,-0.022185734856537957,-0.35782905804657467,-0.13818215656112023,-0.6795269374820601,0.2498614989279665
PT089_P9_E08_S152,PT089,P9,3683,493793.12000000005,0.0,0.0,6,Unknown,-0.07185605235888445,-0.016825099275652587,0.3799006091751166,-0.17590943110958382,-0.6739194995707625,0.44927268377209867
PT089_P9_E09_S153,PT089,P9,3493,543970.8500000001,0.0,0.0,9,Unknown,-0.0852180213886816,-0.025907965808902395,0.1962035709138134,-0.22160784818165383,2.7037721273010464,-0.45787291314265155
PT089_P9_E10_S154,PT089,P9,4923,660746.34,0.0,0.0,11,Unknown,-0.0701503562518108,-0.016614958077340036,-0.07448862734939304,-0.2495334964954503,-1.1128843191590567,0.49808722697366126
PT089_P9_E11_S155,PT089,P9,5926,691578.2000000001,0.0,0.0,5,Unknown,-0.08262944789118601,-0.019816247305358345,-0.31033181947202154,0.019215411251392894,-0.8600067967621221,0.4351479540831237
PT089_P9_E12_S156,PT089,P9,4369,383684.02,0.0,0.0,11,Unknown,-0.048973042225345015,-0.005006739262889855,-0.08804476737223654,0.12669384702593134,-0.9399186403542139,0.6078154569166483
PT089_P9_F01_S157,PT089,P9,1982,469032.80000000005,0.0,0.0,9,Unknown,-0.05113126215490294,-0.0004009368876931917,-0.3859146056556782,-0.13001936566306782,3.4189292669736457,-0.35391804509345953
PT089_P9_F02_S158,PT089,P9,3420,603331.26,0.0,0.0,5,Unknown,-0.05054276543363489,-0.0019889536500082125,0.3058170068914845,0.25073405508436036,-0.9423735691797712,0.9999246347553935
PT089_P9_F03_S159,PT089,P9,3881,543203.6000000001,0.0,0.0,11,Unknown,-0.09523209731922379,-0.012593745110893357,-0.009043641786035561,0.12126315466327486,-0.7709753731500695,0.0634337412203212
PT089_P9_F04_S160,PT089,P9,2669,559756.6699999999,0.0,0.0,5,Unknown,-0.053292393276444305,-0.007393867000798459,0.5087515447454642,-0.22070973038293693,-0.6902406136933409,-0.11040970582853493
PT089_P9_F05_S161,PT089,P9,3999,432281.63,0.0,0.0,11,Unknown,-0.03874914889182386,-0.0032461097215859725,-0.5099489589405812,-0.097168080715164,-0.930030206542714,0.32368922375294684
PT089_P9_F06_S162,PT089,P9,4903,702505.6699999999,0.0,0.0,11,Unknown,-0.06034071540789335,-0.0004727011696090569,-0.3792565646240673,-0.18589065041373562,-1.0225984735721088,0.37581058712963644
PT089_P9_F07_S163,PT089,P9,3291,577845.51,0.0,0.0,6,Unknown,-0.06646447817688406,-0.039465663981499914,0.34088692601274956,-0.16837371817015462,-0.6749615515963755,0.5152738059436833
PT089_P9_F08_S164,PT089,P9,3341,411578.78,0.0,0.0,6,Unknown,-0.06040368578814945,-0.016391874594689514,0.3456273208842601,0.2070954241452249,-0.2596291828893022,0.2057901850674218
PT089_P9_F09_S165,PT089,P9,6223,677262.38,0.0,0.0,5,Unknown,-0.08740913377278765,-0.013517024801009109,-0.17488610807559368,0.1444873827649232,-1.0504677009969074,0.6885747111633416
PT089_P9_F10_S166,PT089,P9,1033,17286.639999999996,0.0,0.0,1,Unknown,-0.024612251453205714,-0.01699947677989465,-0.14441280947658106,-0.1305698360265371,0.5692695179697331,-0.11194382501217184
PT089_P9_F11_S167,PT089,P9,3065,245550.34000000003,0.0,0.0,6,Unknown,-0.05977989757517052,-0.04095671731557616,0.059697179723505744,0.5045047846256099,-0.6451194521258564,0.30040992673025113
PT089_P9_G01_S169,PT089,P9,2912,611806.36,0.0,0.0,11,Unknown,-0.02535194438526638,-0.00010808599149814836,-0.10620954550791606,-0.16932828079572798,-0.9082976853646576,-0.5414258005076343
PT089_P9_G02_S170,PT089,P9,2503,655614.97,0.0,0.0,9,Unknown,-0.03449964513057717,-0.009035298676409741,0.8594948646240741,-0.18267441234970358,1.9496327672559293,0.9828985750278565
PT089_P9_G03_S171,PT089,P9,4090,682057.9099999999,0.0,0.0,11,Unknown,-0.057172233508650284,-0.0024486347090124736,0.23021094483797638,0.10300578733526672,-0.9628431759651267,0.891680419679783
PT089_P9_G04_S172,PT089,P9,3635,802146.87,0.0,0.0,11,Unknown,-0.06012900883455416,-0.025719908283361605,0.14665019090280174,-0.26906682147480726,-0.8783847160855675,0.5854617957759432
PT089_P9_G05_S173,PT089,P9,3016,595894.3999999999,0.0,0.0,5,Unknown,-0.0787993743237029,-0.007097024509138307,0.48579811259930744,-0.13890578644829435,-0.8846240219793712,0.49744694234417053
PT089_P9_G06_S174,PT089,P9,3830,929639.0900000001,0.0,0.0,5,Unknown,-0.07049530814353924,-0.014135054939832395,0.47814829903361356,0.026368204943991586,-0.773228165806036,0.7682219883773442
PT089_P9_G07_S175,PT089,P9,3591,878189.12,0.0,0.0,9,Unknown,-0.045979152932412504,-0.013811521116713823,-0.2840126675912603,-0.22911705228557416,3.052401975372641,-0.07286293489147899
PT089_P9_G08_S176,PT089,P9,4358,602654.75,0.0,0.0,5,Unknown,-0.09060187619563133,-0.033344855239947076,0.47365063471451996,-0.011267631508171894,-0.7575597220066079,0.4749056297974876
PT089_P9_G09_S177,PT089,P9,4977,726994.1200000001,0.0,0.0,5,Unknown,-0.06421655550236782,-0.03362700402726576,0.6401727480580959,-0.21892930249808668,-0.938782094228563,0.7851442438834256
PT089_P9_G10_S178,PT089,P9,4232,671826.16,0.0,0.0,5,Unknown,-0.10261820757722555,-0.016727299036690367,0.6453378690090184,-0.24914026177308518,-0.8450747066178091,-0.08046570519774532
PT089_P9_G11_S179,PT089,P9,967,63213.59,0.0,0.0,0,Unknown,-0.006963499416169802,-0.0029372349958137266,-0.1510954238159326,-0.02153212742209556,-0.33632884831587495,-0.1913329303862837
PT089_P9_G12_S180,PT089,P9,3323,420720.60000000003,0.0,0.0,6,Unknown,-0.05247916334387739,-0.0254412965526545,0.15310297268714196,-0.17034030351788465,-0.702090052809875,1.073524156436727
PT089_P9_H01_S181,PT089,P9,2884,502519.37,0.0,0.0,9,Unknown,-0.06259798799558779,-0.03501262292511939,-0.309640423176035,0.06746021746131703,2.498735492870241,0.7582658990537775
PT089_P9_H02_S182,PT089,P9,4454,1061414.79,0.0,0.0,11,Unknown,-0.0861139232992322,-0.021770447656298066,0.6674004754435128,-0.23610289078139768,-0.9129224718879483,0.6203900672461934
PT089_P9_H03_S183,PT089,P9,2530,709521.23,0.0,0.0,5,Unknown,-0.026136703236310538,-0.00014131101289160234,0.470379300285276,-0.13837223186302386,-0.7287146803862108,0.17902689704769503
PT089_P9_H04_S184,PT089,P9,3330,1107267.1099999999,0.0,0.0,11,Unknown,-0.06348003011156332,-0.0025601465739795116,0.3462209251962803,0.04527280605797965,-0.8771546131467636,0.8302531613924197
PT089_P9_H05_S185,PT089,P9,3854,503685.27999999997,0.0,0.0,11,Unknown,-0.06707979152768898,-0.02595664952057251,-0.3392182215911805,1.0039837610243585,-0.9011713294371816,0.07072545769157401
PT089_P9_H06_S186,PT089,P9,3858,797787.21,0.0,0.0,5,Unknown,-0.08013682642095882,-0.02151369473514263,0.7921821376181164,-0.2142764108309081,-0.8930122093918149,1.1977702951767322
PT089_P9_H07_S187,PT089,P9,2273,102236.99,0.0,0.0,13,Unknown,-0.03791244074287117,-0.013425810433757998,-0.43893633278536903,-0.22792132936162485,-0.7377744850683556,0.6770568490366727
PT089_P9_H08_S188,PT089,P9,3408,478956.53,0.0,0.0,6,Unknown,-0.07224639482479402,-0.023902242241593364,-0.02986947880148011,-0.16288211753456955,-0.6372047244604686,0.8043731839611834
PT089_P9_H09_S189,PT089,P9,4117,597524.41,0.0,0.0,5,Unknown,-0.13503234235557401,-0.015793947041826913,0.2629868669025762,-0.17061167421416681,-0.8990212451332374,0.4009463491124029
PT089_P9_H10_S190,PT089,P9,4581,610928.0700000001,0.0,0.0,11,Unknown,-0.05419295305096666,-0.00865688162886436,-0.357349039044867,0.05565021783706839,-1.084789837672423,0.3065715489331654
PT039_P11_A01_S1,PT039,P11,1293,91726.16,0.0,0.0,0,Unknown,-0.008276056256028168,-0.008369632737221536,0.2930288364491116,-0.0913947599626765,-0.2595345006939788,-0.13314799128309251
PT039_P11_A02_S2,PT039,P11,4644,514366.29999999993,0.0,0.0,4,Unknown,-0.10736964411335452,-0.0033375495420420887,0.7028648385961209,-0.26681464633774565,-0.8227233873667379,0.486494432379179
PT039_P11_A03_S3,PT039,P11,5263,1034506.81,0.0,0.0,4,Unknown,-0.08742795217031946,-0.02145976631807367,0.5867169645444026,-0.2356582234563967,-0.6619111707857642,0.4777727970297436
PT039_P11_A04_S4,PT039,P11,4839,1069443.3,0.0,0.0,4,Unknown,-0.08856205411915599,-0.011728788655908757,0.6461250013802784,-0.06360898791544592,-0.9055903858572689,0.881385187368411
PT039_P11_A06_S6,PT039,P11,4015,1261576.0299999998,0.0,0.0,7,Unknown,-0.022791003778825595,-0.01223573316609204,-0.18274046738143207,-0.14765572879161962,4.288755827717691,0.08337045543192445
PT039_P11_A09_S9,PT039,P11,261,20197.809999999998,0.0,0.0,0,Unknown,-0.006562962200334152,0.0,2.418201940273823,0.2822976487464435,-0.2254328893845456,-0.06571680688461719
PT039_P11_A11_S11,PT039,P11,359,563.4200000000001,0.0,0.0,0,Unknown,0.0,0.0,0.8207789628040727,-0.019540846765962395,0.3091016380446979,-0.14740519322892504
PT039_P11_A12_S12,PT039,P11,2266,312485.43,0.0,0.0,0,Unknown,-0.04804418677983226,-0.0034320966281725326,0.8624729216227842,-0.15823817918955813,-0.47223404447415,-0.12244623745239991
PT039_P11_B02_S14,PT039,P11,3933,410870.15,0.0,0.0,4,Unknown,-0.0678725377138307,-0.007625624339843311,0.5949474475330394,0.15922734106250447,-0.8158088015984539,0.14498893638329813
PT039_P11_B03_S15,PT039,P11,260,1388.9099999999999,0.0,0.0,1,Unknown,-0.04199383133225044,0.0,0.44938371493449025,-0.04753111269190051,0.23256110976688343,-0.15866815976303167
PT039_P11_B04_S16,PT039,P11,5059,1143811.48,0.0,0.0,4,Unknown,-0.06004132684697094,-0.011317525315416292,0.6757449770261952,-0.22538526975166737,-1.0743876161474932,0.23581343662790732
PT039_P11_B05_S17,PT039,P11,3116,370039.83999999997,0.0,0.0,0,Unknown,-0.03307357976104694,-0.004674656987296372,0.2006422673900872,-0.13147170897835272,-0.4331907503743127,-0.09729918997866863
PT039_P11_B06_S18,PT039,P11,1535,348403.72,0.0,0.0,7,Unknown,-0.04622328040048587,-0.03894481366644296,-0.3129486966323908,-0.1236107597623421,3.931311099187626,0.9433008478074796
PT039_P11_B07_S19,PT039,P11,3573,416121.6,0.0,0.0,0,Unknown,-0.040010094050259466,-0.04479683209681014,0.41283809803627886,-0.1870192408719703,-0.5429042094620276,-0.3743140849367706
PT039_P11_B08_S20,PT039,P11,5027,1473548.4500000002,0.0,0.0,4,Unknown,-0.06345088474949664,-0.019364087831546143,0.869928391179879,-0.03200328088634849,-1.0113094012343626,0.5508727940274668
PT039_P11_B09_S21,PT039,P11,1927,565271.79,0.0,0.0,7,Unknown,-0.0189541622168605,-5.7540277708968785e-05,-0.4158690658434755,-0.0628736246838695,3.43973020588711,1.4975856062335469
PT039_P11_B10_S22,PT039,P11,2157,730152.3499999999,0.0,0.0,7,Unknown,-0.0013944163428936773,-0.007415112105932204,-0.4237192041350484,-0.12150982471232467,4.0894135958216475,0.32294257026607565
PT039_P11_B11_S23,PT039,P11,1170,28807.97,0.0,0.0,1,Unknown,-0.020324471645253236,-0.001986490352916617,0.17708053444008376,-0.05236011343576348,-0.31731002459586344,-0.09687864965162657
PT039_P11_B12_S24,PT039,P11,568,36607.06999999999,0.0,0.0,1,Unknown,-0.007715281083999061,-0.003305420890460762,-0.016046441291786832,-0.02362912332980133,-0.1214211648299872,-0.014012560376950488
PT039_P11_C03_S27,PT039,P11,4074,802231.32,0.0,0.0,4,Unknown,-0.02800445241413014,-0.00752365020119712,0.7670354496184846,-0.23503824084681127,-0.5485348919617902,1.837931475973255
PT039_P11_C05_S29,PT039,P11,5845,1543492.05,0.0,0.0,4,Unknown,-0.12284920609096506,-0.03525944078907129,0.6222368333980951,-0.2744029326531708,-0.6592739281054198,0.5531427990703532
PT039_P11_C06_S30,PT039,P11,2817,320014.9,0.0,0.0,0,Unknown,-0.03473189046161993,-0.014595765068963044,0.7900057862011745,-0.1638971924095309,-0.7641775235091148,0.8885872480119128
PT039_P11_C07_S31,PT039,P11,3583,799771.2,0.0,0.0,4,Unknown,-0.06510204731612448,-0.028905112131520437,0.6520028876658825,-0.23290540960031597,0.07678953120282328,0.8268809351338307
PT039_P11_C09_S33,PT039,P11,2784,352204.88,0.0,0.0,0,Unknown,-0.011218689606384516,-0.010226049257549824,0.1374566711601947,-0.19519724542048356,-0.4195300036162993,0.8034777379655959
PT039_P11_C11_S35,PT039,P11,5213,1107755.7000000002,0.0,0.0,4,Unknown,0.00037492087444448985,-0.019681273586053004,0.6342100861003349,-0.25170978600217414,-0.5501224375564879,0.11690378764947695
PT039_P11_C12_S36,PT039,P11,3408,1367047.6099999999,0.0,0.0,4,Unknown,-0.048385405921607186,-0.010534443429849683,0.5038617067468393,-0.17176640220520437,-0.974002955189466,0.4905809496639304
PT039_P11_D01_S37,PT039,P11,3286,962922.83,0.0,0.0,4,Unknown,-0.049826764451693255,-0.004222274990400452,0.13575855296790057,-0.11080591178768341,-0.2108839429533481,-0.2252914846304353
PT039_P11_D04_S40,PT039,P11,4170,1051047.93,0.0,0.0,4,Unknown,-0.07131830312855646,-0.006986590469424939,0.6431809325689171,-0.22226978157568145,-0.6298426295624698,0.7436438879908351
PT039_P11_D05_S41,PT039,P11,5337,1057063.6099999999,0.0,0.0,4,Unknown,-0.12244600454693502,-0.016023850173154205,1.2404790280076732,0.18810330688183408,-0.27322003183801824,0.8880233642342961
PT039_P11_D07_S43,PT039,P11,2312,121130.43,0.0,0.0,0,Unknown,-0.06334820044169824,-0.023862883482238192,0.576141358179114,-0.19027950054386766,-0.42835059676042175,0.3258879430012974
PT039_P11_D08_S44,PT039,P11,5088,1218325.72,0.0,0.0,4,Unknown,-0.118748115674438,-0.004446081592905586,0.5167969141602484,0.07239084125985787,-1.0141572009657784,0.00013772696514713356
PT039_P11_D10_S46,PT039,P11,5338,969884.7,0.0,0.0,4,Unknown,-0.07688942330628394,-0.007939743402780742,0.841389314808883,0.011331594692433666,-0.42880671698748674,0.4148434372002735
PT039_P11_D12_S48,PT039,P11,1819,502733.98,0.0,0.0,7,Unknown,-0.021359754777732002,-0.01506518646870579,-0.3794052304465076,-0.11499753294871078,4.4169479763059405,0.9582800961680236
PT039_P11_E01_S49,PT039,P11,4506,1581223.41,0.0,0.0,4,Unknown,-0.14071151182560349,-0.0173313768714057,0.7435091100173554,-0.2615712260401558,-0.9244005605156002,0.2619092545140247
PT039_P11_E02_S50,PT039,P11,2409,359760.11,0.0,0.0,7,Unknown,-0.023522291144312635,-0.022478173899844554,-0.44777925319698214,-0.15137502838062045,3.485073896661299,1.5503290227267823
PT039_P11_E03_S51,PT039,P11,465,32730.560000000005,0.0,0.0,0,Unknown,-0.0026660515706448695,0.0,1.305427750519625,-0.03806887256826388,1.1670755692964603,-0.07967563336955623
PT039_P11_E04_S52,PT039,P11,2789,638108.25,0.0,0.0,0,Unknown,-0.08165610906000718,-0.005764233159451846,0.6624111220394786,-0.11703280797367026,-0.5828868795611721,-0.014304022146971296
PT039_P11_E05_S53,PT039,P11,5042,1255766.89,0.0,0.0,4,Unknown,-0.0316766430332637,-0.005009490672667946,0.7082258057774058,-0.07862408656741385,-1.019552543541059,0.3689142473704816
PT039_P11_E06_S54,PT039,P11,6045,1367815.54,0.0,0.0,4,Unknown,-0.11431391313669963,-0.03211234609713207,0.6780663467066841,-0.3125419136012057,-1.1566638967458651,0.3053874868362023
PT039_P11_E09_S57,PT039,P11,5536,1269743.12,0.0,0.0,4,Unknown,-0.10773177561221221,-0.011180743260467486,0.63838648781789,-0.26078251642889616,-1.0074873750021514,0.0674053265420097
PT039_P11_E10_S58,PT039,P11,344,11394.320000000002,0.0,0.0,1,Unknown,-0.00307944412154554,0.0,-0.02500360719814593,-0.03700280057059261,-0.10990214563168077,-0.031126882419317124
PT039_P11_E11_S59,PT039,P11,3806,219530.53000000003,0.0,0.0,4,Unknown,-0.07395902270225622,-0.01827465106277293,0.8154054113312581,-0.2734880232298391,-0.8020632544673402,-0.14550497587180083
PT039_P11_E12_S60,PT039,P11,945,2004.98,0.0,0.0,0,Unknown,-0.0357937495610576,0.0,0.691851131216597,-0.11977067432758991,0.5413475187852301,0.7152170994253202
PT039_P11_F01_S61,PT039,P11,729,205552.53999999998,0.0,0.0,0,Unknown,-0.0004750301457430477,-0.000633373527657397,0.827576500246213,-0.05286408019479998,-0.01582256197986942,-0.3227390235999424
PT039_P11_F02_S62,PT039,P11,718,11387.45,0.0,0.0,1,Unknown,0.12005813254010123,0.0,1.0114284575605759,-0.08125799413247116,-0.26956824073242547,-0.14716983465734187
PT039_P11_F03_S63,PT039,P11,3312,1262509.9000000001,0.0,0.0,7,Unknown,-0.046087377971229596,-0.012571496668318435,0.41219554178357304,-0.21912340236163658,1.7399014174857261,0.44330201972263283
PT039_P11_F06_S66,PT039,P11,5371,1126318.1,0.0,0.0,4,Unknown,-0.08211581599500495,-0.03863858036194649,0.8348552118482919,-0.15844362429025094,-1.051905246888851,-0.06439183526206815
PT039_P11_F07_S67,PT039,P11,1835,190270.22999999998,0.0,0.0,0,Unknown,-0.03842853493730703,-0.02383422673418296,-0.2658509915382127,-0.11518166846867314,1.3055724720497275,-0.23565838932383554
PT039_P11_F09_S69,PT039,P11,238,13885.02,0.0,0.0,7,Unknown,-0.020570677773533084,0.0,0.033238446482512576,-0.03824043907635643,-0.08425460323035136,0.10221367736108593
PT039_P11_F10_S70,PT039,P11,1201,24087.44,0.0,0.0,1,Unknown,-0.03045036214374638,-0.0040298959454161285,-0.10149119995624618,-0.12279050500639732,-0.23698987300613517,-0.06837439448154987
PT039_P11_F11_S71,PT039,P11,3223,685199.88,0.0,0.0,4,Unknown,-0.04920385242729233,-0.014203618756090502,0.9085681804219725,0.2081852193099713,-0.23982692034641073,0.024486920048782224
PT039_P11_F12_S72,PT039,P11,3905,225538.41999999998,0.0,0.0,4,Unknown,-0.08839837037159641,-0.02343460255774823,0.505678556371674,-0.25522563500156,-0.8980539391071884,0.5126873711076585
PT039_P11_G01_S73,PT039,P11,258,4306.95,0.0,0.0,1,Unknown,-0.005564563134393301,-0.008003436241262223,-0.06307155003725258,-0.044894178699915625,-0.08494280953831676,-0.028213931584359874
PT039_P11_G03_S75,PT039,P11,2939,1376726.15,0.0,0.0,4,Unknown,-0.08278917371569434,-0.00019264946457091793,0.7364669051339553,-0.12502210895642063,-0.8735359639618475,0.6176654511008988
PT039_P11_G04_S76,PT039,P11,6498,1624819.79,0.0,0.0,4,Unknown,-0.09600632834632876,-0.015636963092348032,0.4915262764781133,0.061948171998164214,-1.0607163952193688,0.20624974191984813
PT039_P11_G07_S79,PT039,P11,2655,878503.7100000001,0.0,0.0,7,Unknown,-0.06212615727609888,-0.019955137082372384,-0.43340907184325467,-0.14260301481707735,2.302377904809308,1.2730340335241748
PT039_P11_G08_S80,PT039,P11,4795,1952790.35,0.0,0.0,4,Unknown,-0.06024530752013519,-0.0026940312883134217,0.749112066543326,-0.11627235969648483,-0.7628456698395651,0.39341196348731833
PT039_P11_G09_S81,PT039,P11,6316,1490781.0599999998,0.0,0.0,4,Unknown,-0.08935913284647082,-0.013857285956094112,0.5839945487958684,-0.2828036450142552,-1.0630911009206458,0.340983410219614
PT039_P11_G10_S82,PT039,P11,2415,220153.39999999997,0.0,0.0,0,Unknown,-0.08928560401540414,-0.021906386141195736,-0.2622936533960475,-0.12906310325222206,-0.35439745616429397,0.5354413416071345
PT039_P11_G12_S84,PT039,P11,1910,786000.5800000001,0.0,0.0,4,Unknown,-0.044476031011700654,-0.003531949072477846,0.6746159669894004,-0.24460561374628217,-0.5131052743110776,0.07883816593692805
PT039_P11_H02_S86,PT039,P11,3038,396176.32999999996,0.0,0.0,4,Unknown,-0.04705917847768809,-0.013143226726054644,0.7409463111856448,0.1295273973800608,-0.6758946686558259,-0.08358627281214054
PT039_P11_H03_S87,PT039,P11,4719,1327918.1500000001,0.0,0.0,4,Unknown,-0.06280015930450183,-0.0149678083964971,0.6299336480973073,-0.16396542700186664,-0.7312441524568845,-0.1752557842712849
PT039_P11_H04_S88,PT039,P11,1226,514639.63000000006,0.0,0.0,7,Unknown,-0.08880275125259365,-0.06227211867855752,-0.30493785508280097,-0.09980547389665244,4.657804691053774,0.6425468148894149
PT039_P11_H06_S90,PT039,P11,3612,1226828.85,0.0,0.0,4,Unknown,-0.05659888982367864,-0.002814815028669157,0.6871931870528238,-0.19714738256108086,-0.6837501833151919,1.118688187547868
PT039_P11_H07_S91,PT039,P11,3111,1511514.78,0.0,0.0,7,Unknown,-0.04024822778058603,-0.0012070071783236548,-0.32133954283515387,-0.13039329409337092,4.802974406760607,0.33474175730270417
PT039_P11_H10_S94,PT039,P11,6210,1373321.7599999998,0.0,0.0,4,Unknown,-0.10336457533314232,-0.006711451071513218,0.41827179673114845,-0.002418702042814025,-1.0591639171852463,-0.1455917577659
PT039_P11_H11_S95,PT039,P11,318,2336.01,0.0,0.0,0,Unknown,-0.008320391408387237,0.0,0.7236092869483474,0.3454985888400546,-0.17873898213456405,0.19152357984151402
PT039_P1_A01,PT039,P1,4767,2596978.42,0.0,0.0,10,Unknown,-0.06434517242040771,-0.012958940711411513,1.21664048344339,2.4832179578434377,0.32626228189050166,1.099804987318621
PT039_P1_A02,PT039,P1,4892,2139430.2199999997,0.0,0.0,10,Unknown,0.12275490114486505,-0.015445402960325216,-0.3186750162482842,-0.21419102151435082,0.07163843419896532,0.5101292537019988
PT039_P1_A05,PT039,P1,4019,1086695.74,0.0,0.0,3,Unknown,0.7771088183543903,1.9167291635185604,-0.4533443790738849,0.4084780889402446,-0.6499082074084934,0.495940376106957
PT039_P1_A06,PT039,P1,3097,773175.35,0.0,0.0,7,Unknown,-0.05956836279190737,-0.030815977662488187,-0.21921661525613703,-0.2349852663147363,4.116515208591862,0.7062513241722476
PT039_P1_A07,PT039,P1,5132,1599252.8,0.0,0.0,7,Unknown,-0.09554929496697154,-0.03535116678738775,-0.11108950989336264,-0.22929632344058476,3.7097163564859104,0.6968939718564211
PT039_P1_A09,PT039,P1,4565,2405216.58,0.0,0.0,10,Unknown,0.04246075045273165,-0.045966462342021217,0.5200627335321265,1.7057393757554102,-0.16535668408388937,0.5297043304826463
PT039_P1_A10,PT039,P1,4452,1678339.9299999997,0.0,0.0,10,Unknown,0.27371793600488603,-0.05058876347194603,1.2348840368355178,0.44037142166907656,-0.15209257213949556,0.9541664915204433
PT039_P1_A11,PT039,P1,3240,1163151.1400000001,0.0,0.0,7,Unknown,-0.0547855579301659,-0.015348636325774078,-0.3861587570872614,-0.11744566967254298,3.5681265543861445,0.7265178000361469
PT039_P1_A12,PT039,P1,5060,2709135.0200000005,0.0,0.0,10,Unknown,0.3427033210900159,-0.03231253111970264,1.3450054960149993,-0.14916610505057104,0.03294379395739766,0.9037752255726637
PT039_P1_B01,PT039,P1,3989,1935901.42,0.0,0.0,7,Unknown,-0.03607967378870317,-0.04086922674372822,-0.4349883441600693,-0.15875671571671704,1.9737920747436828,1.051927555794649
PT039_P1_B02,PT039,P1,6140,3028973.04,0.0,0.0,4,Unknown,-0.09794320345222904,-0.03321458115740217,-0.16187355661012542,-0.24493554265412523,0.3212943895956599,1.453628380748378
PT039_P1_B03,PT039,P1,4190,1375388.18,0.0,0.0,10,Unknown,0.07687396735108303,-0.04725629701693829,1.212015369209849,1.4960392924440373,0.24974393461838185,0.9531626145053168
PT039_P1_B04,PT039,P1,6399,2245316.77,0.0,0.0,4,Unknown,-0.09302332934960218,-0.032274953865712025,0.5780005058210981,-0.2795130334143237,-0.8713163927842063,0.14152956491865976
PT039_P1_B05,PT039,P1,6681,3211480.95,0.0,0.0,4,Unknown,-0.09563891277236589,-0.032130176545964756,0.23722956041267107,-0.09441492406330462,-0.07119882555002588,0.546516679689504
PT039_P1_B07,PT039,P1,4921,2170521.6500000004,0.0,0.0,3,Unknown,-0.06669314614601346,-0.02134135439005302,-0.421734064685911,-0.11330014666884583,-0.6518916859025233,0.20626479330537761
PT039_P1_B08,PT039,P1,4646,2112085.4699999997,0.0,0.0,3,Unknown,0.4946109479455492,-0.026190379568648437,-0.4165665551780387,0.05115761943481126,-0.727172488238666,1.1555317084105345
PT039_P1_B09,PT039,P1,6042,2675526.29,0.0,0.0,4,Unknown,-0.1186758987084538,-0.027892710618823938,0.3959611769241479,-0.23039374354388797,-0.2955305985960015,0.765226699485376
PT039_P1_B10,PT039,P1,4089,1872144.66,0.0,0.0,10,Unknown,-0.06954624387943949,-0.019975435387053892,0.7188118359569791,1.9394804015485196,-0.413670839227084,1.5301037483693833
PT039_P1_B11,PT039,P1,5993,2187368.04,0.0,0.0,4,Unknown,-0.07219098856654449,-0.027288365246588273,0.32804272518868693,-0.30640532247016383,-0.3576845638271192,0.7391850032908323
PT039_P1_C01,PT039,P1,6785,2857218.98,0.0,0.0,4,Unknown,-0.133180155215605,-0.02053395537810023,0.5831136863494246,-0.10639576989236718,-0.9606853406421197,-0.05236234059240452
PT039_P1_C05,PT039,P1,3700,1715705.01,0.0,0.0,10,Unknown,0.29400951340230275,-0.024232636347572098,0.8159307780276132,2.4139089045417284,-0.09104653119167516,0.6783121177715383
PT039_P1_C06,PT039,P1,4423,1594603.78,0.0,0.0,7,Unknown,-0.07514500767648823,-0.01582502774614552,-0.14215201093433077,-0.22395449321503857,2.027654470100459,0.6004949134648185
PT039_P1_C07,PT039,P1,5263,3024748.29,0.0,0.0,10,Unknown,0.542231975635343,-0.027653917070453816,0.6570381401468051,0.1165767240756029,-0.20267693317214575,0.7546424207626001
PT039_P1_C08,PT039,P1,6997,2615709.23,0.0,0.0,4,Unknown,-0.09821022168147112,-0.029751582833299886,-0.01988497840549963,-0.09503422067664821,-1.0301912697930442,0.49497834111830774
PT039_P1_C09,PT039,P1,5455,2145087.49,0.0,0.0,4,Unknown,-0.08860712945737742,-0.020297770933101193,0.5048303166591075,-0.006143234381242396,-0.36331900117630733,0.7841038868766755
PT039_P1_C10,PT039,P1,6183,2061410.8599999999,0.0,0.0,4,Unknown,-0.07112270707992152,-0.018521461856024154,0.6317409435527501,-0.32209926636373787,-0.9657025102540528,0.33878563600286415
PT039_P1_C11,PT039,P1,4768,931556.73,0.0,0.0,4,Unknown,-0.05094628849046343,-0.004612413471816732,0.42573500891592414,-0.2382940587186332,-0.8711102594934517,0.7685096723535183
PT039_P1_C12,PT039,P1,5633,1778834.2000000002,0.0,0.0,4,Unknown,-0.11207592316776675,-0.017847284892237483,0.48955802258075537,-0.27098316568692465,-1.0707442360467145,0.5867802536552581
PT039_P1_D01,PT039,P1,5041,2142536.4699999997,0.0,0.0,4,Unknown,-0.09041436624422264,-0.038533301875830726,0.7114471250267302,-0.06043808007247503,-0.6169336700408194,0.3213568549912915
PT039_P1_D05,PT039,P1,5773,1832281.19,0.0,0.0,4,Unknown,-0.063425971294514,-0.02156648837457885,0.10116704094143014,-0.16092757482281517,-1.0244594158931544,0.42283426186910267
PT039_P1_D06,PT039,P1,4325,491279.49,0.0,0.0,4,Unknown,-0.09287575059549195,-0.00794587503791046,0.6435570994643777,-0.21009974147247962,-0.31892104484558786,0.8702687870860093
PT039_P1_D07,PT039,P1,3677,1224032.75,0.0,0.0,10,Unknown,0.40922890599143225,-0.018047128204952457,0.9350679413779297,0.08725767244870705,-0.08588444844765519,1.1982847325100427
PT039_P1_D08,PT039,P1,4133,1674365.5100000002,0.0,0.0,10,Unknown,0.47589302411392254,-0.026762927075309674,1.2109761407442277,0.4273819570153391,0.16622662530760313,0.9868945340509535
PT039_P1_D09,PT039,P1,3747,1810149.99,0.0,0.0,10,Unknown,-0.065039347288016,-0.009560422785535065,1.5150847504664433,2.213775398912979,-0.5324777388434628,0.4195187361257274
PT039_P1_D11,PT039,P1,2176,392713.01,0.0,0.0,13,Unknown,-0.030673184688194747,-0.001283129795223692,0.029773755988897865,-0.10138497591300197,-0.07570529513235691,0.7093691150058039
PT039_P1_D12,PT039,P1,6931,2982499.21,0.0,0.0,4,Unknown,-0.0755510989974521,-0.02040030049221881,0.703928173097842,-0.15512188766993035,-0.729236809351933,0.13911836303796643
PT039_P1_E01,PT039,P1,4478,3073216.37,0.0,0.0,7,Unknown,-0.04894380071662038,-0.03243932309735688,-0.4011967852486914,0.039578764797844834,4.365110924958868,0.9348548287812843
PT039_P1_E02,PT039,P1,3273,718384.62,0.0,0.0,7,Unknown,-0.053551744161639936,-0.019847812481058807,-0.2907690992150135,-0.11998365726295088,2.5701792553223095,-0.17300454457309594
PT039_P1_E04,PT039,P1,2762,1797931.12,0.0,0.0,7,Unknown,-0.042526062537472625,-0.025749247342827877,-0.36097776353382116,-0.16802751333205695,4.0682735879244785,0.8367212676273585
PT039_P1_E05,PT039,P1,4046,1833659.94,0.0,0.0,7,Unknown,-0.04937050013584125,-0.02198732201142128,-0.10185650413025787,-0.20437113328840267,4.090115005473033,0.544814395961916
PT039_P1_E06,PT039,P1,3552,411513.49,0.0,0.0,0,Unknown,-0.04863549979534845,-0.022979687562627558,-0.009181939061558841,-0.22836855378732368,-0.6458350858839025,-0.030752878957609753
PT039_P1_E09,PT039,P1,6910,2294554.3200000003,0.0,0.0,4,Unknown,-0.08140209869194534,-0.03880406428743975,0.2319439020016414,0.020741510517369388,-1.0405214473296145,0.3957054261850155
PT039_P1_E11,PT039,P1,5568,1716957.2,0.0,0.0,4,Unknown,-0.07569835555660978,-0.022009695168154444,0.5386902110385949,-0.20278184239689295,-0.5271625179522217,0.27293162601959353
PT039_P1_F01,PT039,P1,5267,3402463.13,0.0,0.0,4,Unknown,-0.0684187833682788,-0.008507902402560259,-0.0029445301383428935,-0.2045894706392609,-0.9675104324378365,1.2803635301491143
PT039_P1_F02,PT039,P1,6106,3600376.7199999997,0.0,0.0,4,Unknown,-0.11853018374729586,-0.02382573308950179,0.7069455259752838,-0.24457528052574318,-0.22385513644981592,0.6637796500311838
PT039_P1_F03,PT039,P1,6334,3214789.7199999997,0.0,0.0,4,Unknown,-0.06595751226296095,-0.01278358476151733,0.7022864952484337,-0.3134324297516693,-0.3794789845230341,0.683183421408223
PT039_P1_F04,PT039,P1,5733,3092941.52,0.0,0.0,4,Unknown,-0.07337706665613687,-0.01350652581660917,-0.036117585131108576,-0.01926726454663244,-0.8079136891394236,1.2996706925762003
PT039_P1_F05,PT039,P1,5285,1789745.27,0.0,0.0,4,Unknown,-0.08518014191379794,-0.021536281678002922,0.5955044490281656,0.031709390504805146,-0.26797262051928905,0.4585011465754767
PT039_P1_F06,PT039,P1,5784,2127123.7600000002,0.0,0.0,4,Unknown,-0.05773366136845314,-0.007694110472885091,0.5624280854913,-0.21380993328173054,-0.89371744911529,-0.009586836987029113
PT039_P1_F07,PT039,P1,5271,2076979.8299999998,0.0,0.0,4,Unknown,-0.08627712199058253,-0.009127755024992,0.544666666602351,-0.22841736106310975,-0.06698869031014487,0.8268755761135191
PT039_P1_F08,PT039,P1,6140,2750322.4099999997,0.0,0.0,4,Unknown,-0.0682804693949735,-0.02229315176948323,0.6135015854297857,-0.28448434764799474,-0.7910587480109676,0.5935014587840677
PT039_P1_F09,PT039,P1,6082,2446574.63,0.0,0.0,10,Unknown,0.42754779873254006,-0.043153250943563336,-0.3963169923177789,0.24745577409042604,-0.8720628519957454,1.0417660066700516
PT039_P1_F10,PT039,P1,6826,2203581.94,0.0,0.0,4,Unknown,-0.05837380288943488,-0.007294526975511791,0.7012308338085811,-0.09778183843860311,-0.9793196362663867,0.32087050516692517
PT039_P1_F12,PT039,P1,202,234.0,0.0,0.0,0,Unknown,0.0,0.0,0.6060613249899207,-0.020717399784882597,-0.31990097848003096,0.4755184668672235
PT058_P1_A01,PT058,P1,3689,865626.13,0.0,0.0,3,Unknown,0.252795543733044,-0.009525601742036382,-0.3983078344262657,0.3052593825083496,-0.6779743785668196,0.4574750327506202
PT058_P1_A02,PT058,P1,3332,742267.0499999999,0.0,0.0,3,Unknown,0.5454330219752402,-0.028150052391219416,-0.37963558101869604,-0.16580080375782477,-0.5262732995671733,0.33831297245655473
PT058_P1_A04,PT058,P1,3341,626907.99,0.0,0.0,3,Unknown,-0.04581464290949981,-0.002263046017823498,-0.3802257424860484,-0.2084081131501919,-0.4279500445563801,-0.30208527754798076
PT058_P1_A05,PT058,P1,841,1627.0700000000002,0.0,0.0,1,Unknown,-0.07348874207874169,-0.013110367659040337,-0.2419538449461992,-0.13272005177414561,0.020107211080831133,-0.0871368034080782
PT058_P1_A06,PT058,P1,4119,974216.5599999999,0.0,0.0,15,Unknown,-0.04519135513984067,-0.054030041147752804,-0.41615205361476176,0.0805294945483945,-0.7437890618767331,-0.12485786677790073
PT058_P1_A07,PT058,P1,5498,1886948.74,0.0,0.0,3,Unknown,0.121995163768686,-0.05375009144080438,-0.40865473124382057,-0.20430595492351095,-0.740745334836771,0.7313557134219567
PT058_P1_A11,PT058,P1,3628,668695.77,0.0,0.0,3,Unknown,0.35068217369442856,-0.010511620271956275,-0.4620977701601053,-0.10770616655190347,-0.6727713658025349,0.7597867698649832
PT058_P1_A12,PT058,P1,842,9411.06,0.0,0.0,1,Unknown,-0.038518198219357064,-0.024661824143207712,-0.09946744760057333,-0.139256926416142,0.23261212941542192,-0.10557714658506243
PT058_P1_B04,PT058,P1,219,42342.26,0.0,0.0,0,Unknown,-0.002780727773701866,0.0,-0.0031962577941643667,-0.01639103091983524,-0.06991311504170733,-0.0021201843367956966
PT058_P1_B06,PT058,P1,3122,336945.31999999995,0.0,0.0,3,Unknown,-0.0798387948168744,0.06123884528881028,-0.3176282703047997,-0.13410333234068536,-0.4266071612673013,0.6182423451719772
PT058_P1_B08,PT058,P1,4853,1114800.75,0.0,0.0,10,Unknown,0.333047608039171,-0.03907456091649499,-0.4029528144966673,0.263580326406892,-0.611973035364298,0.0829623276773187
PT058_P1_B09,PT058,P1,4320,860852.42,0.0,0.0,3,Unknown,0.2448727240317809,-0.03434968691905739,-0.412390113129749,-0.2311961310376239,-0.5626816568701627,0.09470362945453376
PT058_P1_B10,PT058,P1,3776,451664.86,0.0,0.0,13,Unknown,-0.057062719679917884,-0.019703397813647695,-0.48273251630092295,-0.08142385867384531,-0.5973171154029776,0.23315450437443264
PT058_P1_C01,PT058,P1,3985,839823.78,0.0,0.0,9,Unknown,-0.08997807154284158,-0.06234292853219627,0.7886003193141984,0.07373280706569679,2.969339811770451,0.4466867266091464
PT058_P1_C02,PT058,P1,4357,330267.92000000004,0.0,0.0,0,Unknown,-0.07278725938150855,-0.06897209075890973,-0.40245250237134234,-0.22674329412457356,1.835710553156825,0.9152894425145396
PT058_P1_C04,PT058,P1,3054,373703.85000000003,0.0,0.0,3,Unknown,0.10139912606681736,-0.019583967616273606,-0.37897993047641326,-0.1955073170189166,-0.5090038123627135,0.387876793310327
PT058_P1_C05,PT058,P1,3180,410433.58999999997,0.0,0.0,3,Unknown,-0.07556663604305644,-0.0006728689120206867,-0.4012978419359761,0.2703892372863477,-0.6637385458791161,-0.39622189638991767
PT058_P1_C06,PT058,P1,3352,579398.98,0.0,0.0,3,Unknown,0.04912195406480274,-0.012192502026126737,-0.40833618418750495,0.009983560463700969,-0.5593399887740715,0.5492274083582988
PT058_P1_C07,PT058,P1,1543,482500.4,0.0,0.0,5,Unknown,-0.04286399599502963,-0.004529342357855834,-0.23978592251608347,-0.11368405494501505,-0.66658445450279,1.2740565175051324
PT058_P1_C09,PT058,P1,3258,514457.68999999994,0.0,0.0,3,Unknown,-0.024847883758720983,-0.005105865543523922,-0.3893956256735548,0.1450571387517109,-0.5521639194824544,0.5506146255048823
PT058_P1_C10,PT058,P1,2674,155198.78,0.0,0.0,3,Unknown,0.3269446027749539,0.7948386974323822,-0.02752944553506556,-0.21707938551169167,-0.2982488431251136,-0.19364715039936653
PT058_P1_C11,PT058,P1,3062,426763.87,0.0,0.0,3,Unknown,-0.03877264990660616,-0.014591983253819522,-0.37439917218742574,0.18953047975906692,-0.4682989131690821,0.7945905359250844
PT058_P1_D02,PT058,P1,3193,570531.4199999999,0.0,0.0,3,Unknown,-0.087577410445927,-0.006700607242198337,-0.31915055161165456,-0.146475332428593,-0.4485224264341905,0.09559865772471104
PT058_P1_D03,PT058,P1,3522,641967.33,0.0,0.0,3,Unknown,0.33610268894552353,-0.006694442960044848,-0.36792049585044473,0.0170658505408903,-0.6082658511065758,0.42897008084872196
PT058_P1_D04,PT058,P1,4970,1141071.2,0.0,0.0,9,Unknown,-0.07391753952594725,-0.0788510725720427,0.1368295929657073,0.01927902160129219,4.333150041243905,0.30493812130524556
PT058_P1_D05,PT058,P1,2923,326777.54000000004,0.0,0.0,3,Unknown,-0.04253569982247172,-0.010449530728981223,-0.3838811344586909,-0.2489413706052199,-0.5878180652762413,0.04182706131277936
PT058_P1_D07,PT058,P1,1951,539309.67,0.0,0.0,0,Unknown,-0.04976590380932924,-0.011790872530850179,0.21797479850762286,0.7682291680444868,-0.3627686574706877,0.38729882224533635
PT058_P1_D09,PT058,P1,3261,507526.82,0.0,0.0,3,Unknown,0.10764716779555236,0.46807625869432695,-0.4075566777495893,-0.15271360407119003,-0.47180170948949285,0.20554644787404597
PT058_P1_D12,PT058,P1,3062,454767.25,0.0,0.0,3,Unknown,0.4505228260757486,-0.00047384001860341016,-0.3203027872836473,0.24998631922777959,-0.5081698379962499,0.15169227293645
PT058_P1_E02,PT058,P1,2948,384459.1,0.0,0.0,3,Unknown,-0.10934974891007486,-0.023935093835270524,-0.38002574146444934,-0.21604414522287213,-0.6434603224567106,0.4991924560392517
PT058_P1_E04,PT058,P1,5836,1379594.62,0.0,0.0,10,Unknown,0.17173256028420786,-0.059456069964755,0.22255660048358267,0.2941914502642203,-0.7271094913750566,0.5123764713060781
PT058_P1_E05,PT058,P1,3553,540653.14,0.0,0.0,3,Unknown,-0.023229946128770062,-0.012230951400388372,-0.4523687711340607,0.1367950834296654,-0.6161577519848935,0.0890937968686703
PT058_P1_E06,PT058,P1,3783,525183.67,0.0,0.0,6,Unknown,-0.08205320664788662,-0.00593941835143722,-0.10085738392114335,0.052462699393443696,-0.4624357750536285,-0.019730056723332168
PT058_P1_E07,PT058,P1,3617,767442.29,0.0,0.0,3,Unknown,0.12568689735241426,-0.018151431269481953,-0.34166596566420965,-0.2191778599426079,-0.5297200693896582,-0.3107856533592758
PT058_P1_E09,PT058,P1,3539,471079.5,0.0,0.0,13,Unknown,-0.07755991072973362,-0.021301647455801122,-0.3684349270497203,0.19007049494972286,-0.7147933300338507,0.3140358496981072
PT058_P1_E10,PT058,P1,5726,1439158.3699999999,0.0,0.0,6,Unknown,-0.08985509457794165,-0.09492731573009429,-0.08680541232671118,-0.34147670140409025,-0.22633353918784094,0.19028979927391065
PT058_P1_E11,PT058,P1,4809,1341234.77,0.0,0.0,10,Unknown,0.0434654271065418,-0.019621184269003344,0.0031424818480283445,-0.23179722814192305,-0.7240736396880546,0.3226370207025318
PT058_P1_E12,PT058,P1,3902,1060948.3599999999,0.0,0.0,3,Unknown,-0.0552150445019215,-0.023576139545274526,-0.38448441487972845,0.12232794677065176,-0.6569330208628636,0.36183309614017745
PT058_P1_F01,PT058,P1,2882,319817.41000000003,0.0,0.0,3,Unknown,0.4399304805838127,-0.037005501983870745,-0.3161413168279666,-0.18474785040104316,-0.5195611987637445,0.7063754753884476
PT058_P1_F02,PT058,P1,3138,471288.44,0.0,0.0,15,Unknown,-0.0862161389206898,-0.03255484991814542,-0.3709532871458142,-0.17079622376626133,-0.4778537968582162,0.2217398960606629
PT058_P1_F04,PT058,P1,3155,330359.12,0.0,0.0,3,Unknown,-0.10860876701900332,-0.027796713085257392,-0.3532767454196383,-0.2398488161308927,-0.4990737122140352,0.027461705317315566
PT058_P1_F07,PT058,P1,3551,426017.37,0.0,0.0,13,Unknown,-0.06945627564658703,-0.040616707993736366,-0.402097171874919,0.3126895508504811,-0.5942139882666335,-0.29478760749489125
PT058_P1_F09,PT058,P1,4120,1199752.12,0.0,0.0,5,Unknown,-0.09384025297390894,-0.03316541533392944,0.0766567887353245,-0.2880429957813482,-0.9932879530028635,0.8046038875162056
PT058_P1_F10,PT058,P1,334,297914.38,0.0,0.0,0,Unknown,-0.011163651730999232,0.0,0.8326503079145978,-0.05157683518651097,-0.16558818297919523,-0.16779973791029273
PT058_P1_F11,PT058,P1,3314,592626.05,0.0,0.0,3,Unknown,-0.08275006010793913,-0.016334393156925378,-0.4448043688729121,-0.12023291358528729,-0.5487234915626326,0.03635621999387778
PT058_P1_F12,PT058,P1,372,300295.58999999997,0.0,0.0,0,Unknown,-0.005854498681122751,0.0,0.5910535734306065,-0.02466537764253592,-0.3379900216664924,-0.14246586703562925
PT058_P1_G01,PT058,P1,3369,535534.9800000001,0.0,0.0,15,Unknown,-0.05967166649216037,-0.021198505662440775,-0.4248871692010306,-0.2628041106210227,-0.6119067763020289,-0.3496376180942186
PT058_P1_G02,PT058,P1,3439,877936.2,0.0,0.0,7,Unknown,-0.08954558793384791,-0.027530195821255276,-0.20769576559540803,-0.17217438347062244,0.6893725691683086,-0.051551571802538776
PT058_P1_G03,PT058,P1,4034,701456.27,0.0,0.0,3,Unknown,0.09121957233802575,-0.027309478029615395,-0.4325579008038238,0.13417736747633663,-0.7123913438394373,0.3363385761701415
PT058_P1_G07,PT058,P1,3669,868283.29,0.0,0.0,3,Unknown,0.36151457827893396,-0.000159318758591923,-0.3912072007703347,-0.23906893005982685,-0.6627232488185415,0.03648140653057935
PT058_P1_G08,PT058,P1,6955,1413638.7999999998,0.0,0.0,5,Unknown,-0.10374786783726943,-0.028397040446931695,0.57138668742193,-0.2938341587135577,-0.6377589124963705,0.5173879595493724
PT058_P1_G10,PT058,P1,3633,842256.74,0.0,0.0,7,Unknown,-0.08657769897917893,-0.039741052347698404,-0.3252623563563023,0.2241818363201504,-0.11724170221279928,-0.07257850644172903
PT058_P1_G12,PT058,P1,236,602.45,0.0,0.0,1,Unknown,0.5594694993533827,-0.03823780948132589,-0.08030576277280368,-0.16663249637323438,-0.1011463083833706,-0.032328700632532514
PT058_P1_H01,PT058,P1,2626,336008.87,0.0,0.0,3,Unknown,-0.11398932498596351,-0.011305764164905798,-0.39769251632698566,0.23174213201276267,-0.42189391710707386,0.15998421274897912
PT058_P1_H02,PT058,P1,3538,726359.0900000001,0.0,0.0,3,Unknown,0.4157058107774667,0.03994764807464776,-0.36207413052848614,0.21623108765958127,-0.5829883676986313,-0.15690241755770368
PT058_P1_H03,PT058,P1,3461,490168.43999999994,0.0,0.0,3,Unknown,-0.07016406499724184,-0.005244229776471384,-0.39231095368863395,-0.18413224604048048,-0.6584535047546285,0.3298515181800311
PT058_P1_H04,PT058,P1,3426,517173.82999999996,0.0,0.0,3,Unknown,-0.08024189181911172,-0.006378114403378498,-0.4267836878505949,-0.23424050552552036,-0.6946728940520895,0.5714866109466905
PT058_P1_H05,PT058,P1,3467,486007.87999999995,0.0,0.0,3,Unknown,-0.09877982412401934,-0.010969619583772152,-0.46264393723507474,-0.15836109343078336,-0.6651279494537425,-0.12086471658726622
PT058_P1_H06,PT058,P1,1603,52547.74,0.0,0.0,1,Unknown,-0.03894179311585538,-0.010740937399207996,-0.08676303551902283,-0.11902593482744957,-0.22347731864263878,-0.07535906471812324
PT058_P1_H07,PT058,P1,4300,723882.3200000001,0.0,0.0,11,Unknown,-0.07774625716858335,-0.03467848767784639,-0.1909064208378788,-0.10904995636235515,-0.6984467610665966,0.5367085390297681
PT058_P1_H11,PT058,P1,3117,348053.91000000003,0.0,0.0,3,Unknown,0.2752653818765317,-0.009817038753003566,-0.2899564512664417,0.4832251837143444,-0.5375162929554711,0.7546709885378478
PT058_P1_H12,PT058,P1,1057,3114.77,0.0,0.0,3,Unknown,0.24435125933138718,-0.009583891751710535,-0.37425673944401483,-0.1518538535667527,-0.5834064743399595,0.5435771239280869
PT081_P1_A01,PT081,P1,3927,538364.45,0.0,0.0,2,Unknown,-0.043702849316911666,-0.005770611230309958,-0.47241858150995386,0.1812886429000506,-1.0466017140131385,0.6464051852301271
PT081_P1_A02,PT081,P1,3581,434114.68,0.0,0.0,2,Unknown,-0.04045847214022295,-0.005524268239644455,0.23532154488705592,1.2129915803661382,-0.9321513048535368,0.448507076696818
PT081_P1_A05,PT081,P1,3555,321468.95999999996,0.0,0.0,2,Unknown,-0.05387958246031754,-0.01340376967328523,0.22394903433925528,0.06381700859670053,-0.8548030004243898,1.6636392282785466
PT081_P1_A08,PT081,P1,3550,319094.46,0.0,0.0,2,Unknown,-0.057047329751541725,-0.007153306796939726,0.16794421042557361,0.4682391423918529,-0.9973804940928627,1.5843272432696036
PT081_P1_A09,PT081,P1,2928,375448.95999999996,0.0,0.0,2,Unknown,-0.05025077177956955,-0.004748933339776874,0.2217148093476775,1.1528483373470804,-0.8843926238156756,0.5045285143350859
PT081_P1_A10,PT081,P1,3391,557231.23,0.0,0.0,2,Unknown,-0.04209454606036914,-0.012555793777529698,-0.2652976566403308,0.5959117073690814,-0.9314669532463152,0.9497612713780594
PT081_P1_A12,PT081,P1,3305,488936.41000000003,0.0,0.0,2,Unknown,-0.07084705734936372,-0.00922745303662032,0.026562364460886334,0.7155583857712625,-0.8912526194899065,0.19884753636456753
PT081_P1_B01,PT081,P1,3614,343184.82,0.0,0.0,2,Unknown,-0.054422719907000705,-0.01590501580920294,-0.3835529936282902,0.0026954865793828997,-0.9677374280091005,0.4366088887997077
PT081_P1_B02,PT081,P1,4160,577707.8400000001,0.0,0.0,2,Unknown,-0.08734628675584898,-0.01902926488447126,0.15765008678082926,0.8752791228141864,-0.9778418642975244,0.4562972125822259
PT081_P1_B03,PT081,P1,3614,473399.88,0.0,0.0,2,Unknown,-0.06723529476007349,-0.009062843085786879,-0.25880051117904584,0.19583287033587343,-1.0428352162997443,0.17689382732314962
PT081_P1_B04,PT081,P1,4966,507160.5,0.0,0.0,2,Unknown,-0.061768653391207996,-0.015967642544013942,0.06164231288643618,-0.247977522110459,-1.107727233739173,0.20900964288252633
PT081_P1_B05,PT081,P1,2363,322372.56,0.0,0.0,7,Unknown,-0.04279710627752655,-0.010639907131675638,-0.09018698495436711,-0.12085269407858727,3.834026690614869,0.4832837027938348
PT081_P1_B06,PT081,P1,4220,387832.41000000003,0.0,0.0,2,Unknown,-0.04434357181062426,-0.01007368243364876,0.09003244204931182,0.7182868375457099,-1.03285374964707,0.33768534367880665
PT081_P1_B07,PT081,P1,1847,249756.54,0.0,0.0,2,Unknown,-0.028408532936425136,-0.0015039179661235594,0.23610979339520294,0.38297836574966493,-0.4083584800047636,1.3083266959572493
PT081_P1_B08,PT081,P1,2624,334347.87,0.0,0.0,2,Unknown,-0.051404011229930734,-0.03686106879888346,0.3144509977791474,0.41011023125530066,-0.8641237134848158,0.39400270371190316
PT081_P1_B10,PT081,P1,2692,441882.24,0.0,0.0,2,Unknown,-0.029554089547903405,-0.001129529140123666,-0.3093144451043899,-0.09149836001828678,-0.8114745263290675,0.19309246727972296
PT081_P1_B11,PT081,P1,2978,508267.17,0.0,0.0,2,Unknown,-0.043624583749919295,-0.007507655690116483,0.1492153019740226,0.4230775560178745,-0.9027826449226777,0.635137721592798
PT081_P1_B12,PT081,P1,3670,404497.62,0.0,0.0,2,Unknown,-0.0325878865049887,-0.028416271652346267,-0.18729134525732022,0.42822846871129466,-0.8936236024471896,0.30793998045616644
PT081_P1_C01,PT081,P1,1159,72254.35,0.0,0.0,0,Unknown,0.044517733370804245,-0.021440247487339432,-0.09016158082402326,-0.118692307043906,-0.5485182047225807,0.0035566252494072803
PT081_P1_C02,PT081,P1,3455,445144.85,0.0,0.0,2,Unknown,-0.0443874779425615,-0.020187999843581914,-0.2715958033280659,0.37784395272548743,-1.1566809041871315,0.5122301024529566
PT081_P1_C03,PT081,P1,3964,434433.35,0.0,0.0,2,Unknown,-0.04821347878188311,-0.011020071717823734,-0.026950156775855327,0.5247297743090125,-0.981897562663321,0.5031273474742386
PT081_P1_C04,PT081,P1,2436,173723.45,0.0,0.0,0,Unknown,-0.03712029217855254,-0.01662801614919777,0.14320563383245566,-0.19395937320485218,-0.6996658063749038,-0.16758823724678273
PT081_P1_C05,PT081,P1,243,275.0,0.0,0.0,12,Unknown,0.0,0.0,-0.26500232759834175,-0.1206899313899288,-0.23991656665082778,-0.29988429537732864
PT081_P1_C06,PT081,P1,2669,17904.35,0.0,0.0,2,Unknown,-0.05214530574340993,-0.00795840714476564,-0.5028450505823112,0.18695473781267496,-1.0052530526450658,0.4494747306000342
PT081_P1_C08,PT081,P1,2004,286060.63,0.0,0.0,2,Unknown,-0.03163858433674845,-0.011711052931514655,0.292065089543511,0.20394804370388878,-0.7592264399705455,0.43038414924988694
PT081_P1_C09,PT081,P1,3098,396430.77999999997,0.0,0.0,2,Unknown,-0.03110399178859505,-0.007411604308428794,-0.1586858819234775,0.2220912294366896,-0.8539607964457594,0.34378414505602073
PT081_P1_C11,PT081,P1,5715,225181.56999999998,0.0,0.0,2,Unknown,0.11723510043858927,-0.00682001049158302,-0.15102132079603153,0.54983931832001,-0.8984142219682002,0.18865450866123468
PT081_P1_C12,PT081,P1,2099,245778.76,0.0,0.0,2,Unknown,-0.04925380821028707,-0.0006924983865883674,0.3642310270572561,0.4787323703978168,-0.9488070594422561,0.36984706128165057
PT081_P1_D01,PT081,P1,3593,341188.0,0.0,0.0,2,Unknown,-0.10267280440937684,-0.013575462961077204,-0.1030278755883664,-0.18609131631428516,-0.8910765394085399,0.01718696288759891
PT081_P1_D02,PT081,P1,3810,446521.49000000005,0.0,0.0,2,Unknown,-0.062136576564416714,-0.0205847068613592,0.05272632290633883,0.18735424236425152,-1.0138576483587998,0.30439749440551833
PT081_P1_D03,PT081,P1,323,23193.42,0.0,0.0,0,Unknown,-0.0017924152287696051,0.0,-0.17092560260566017,-0.03801749495008283,-0.12197428428392104,-0.17007097459263185
PT081_P1_D04,PT081,P1,4022,528356.25,0.0,0.0,2,Unknown,-0.07454298253066714,-0.010657418741977316,-0.12068171622820745,0.3578256879653421,-1.064237051744125,0.03859691364096307
PT081_P1_D06,PT081,P1,3007,415967.19000000006,0.0,0.0,2,Unknown,-0.08382110478990822,-0.010661679721818843,-0.471979775786915,-0.14293839291808758,-0.9899659492987735,0.47620284163107796
PT081_P1_D08,PT081,P1,2333,334747.65,0.0,0.0,2,Unknown,-0.010734421256445787,-0.00019623823822746486,0.32602706521993036,1.307057920708196,-0.6664659269213523,0.2413719959179721
PT081_P1_D09,PT081,P1,2386,452951.82999999996,0.0,0.0,2,Unknown,-0.029048667659563085,-0.00014558150339169428,-0.45018435338965995,-0.12214894169124436,-0.8485979513320753,0.6509697731397446
PT081_P1_D10,PT081,P1,2100,388287.17000000004,0.0,0.0,2,Unknown,-0.03590094747356424,-0.00016952055359501807,-0.46299607540655147,-0.0638135606528384,-0.7706523525193971,-0.03246140933592767
PT081_P1_D11,PT081,P1,908,143727.08000000002,0.0,0.0,2,Unknown,-0.009795233796292808,0.0,-0.27936485519472437,0.6954703050421523,-0.585390413724787,-0.22211845791494209
PT081_P1_D12,PT081,P1,1940,134271.10000000003,0.0,0.0,2,Unknown,-0.02494376902729674,-0.014217181961184534,-0.08083241981424061,-0.1840503642347364,-0.8055562100095292,0.04450302641774262
PT081_P1_E01,PT081,P1,3578,238648.34,0.0,0.0,2,Unknown,-0.06835779600675046,-0.018382816075663472,-0.48711990828705987,-0.10687693881436255,-1.0296740237433522,0.20486293231260022
PT081_P1_E02,PT081,P1,2786,453810.61,0.0,0.0,2,Unknown,-0.04475601247365632,-0.005642331473574843,-0.2060526308237618,0.3353688852403125,-0.7095391526812717,0.07231723835273701
PT081_P1_E03,PT081,P1,2382,389982.6,0.0,0.0,2,Unknown,-0.04453640572214567,-0.01496377793220442,0.37469997819338824,0.7765955330630195,-0.8845965294666803,0.08100106712150407
PT081_P1_E04,PT081,P1,1391,275613.01,0.0,0.0,2,Unknown,-0.015474254668304772,-0.0009034604471208247,0.20365480591513385,-0.09539876878545128,-0.7884524809371516,0.08491260266739054
PT081_P1_E05,PT081,P1,2501,300415.31,0.0,0.0,2,Unknown,-0.056516900006851715,-0.019847768780534045,0.050375775165517056,-0.11160195612271039,-0.9568821714758193,0.4801036248955194
PT081_P1_E06,PT081,P1,3015,384693.8,0.0,0.0,2,Unknown,-0.052959948806949146,-0.02077701679835356,0.21046907283243266,0.40227214485119234,-1.0590936778743925,0.6544273370291127
PT081_P1_E07,PT081,P1,2640,429704.52999999997,0.0,0.0,2,Unknown,-0.04380679102883378,-0.014545355872047312,-0.24362010255274696,0.18411904718772085,-0.9748835956925663,0.7513199770762855
PT081_P1_E10,PT081,P1,2677,453501.38,0.0,0.0,2,Unknown,-0.06278665689576615,-0.0062853171744949084,-0.08373592680656633,-0.13478071809529285,-0.8973256489971128,0.6699972519113884
PT081_P1_E11,PT081,P1,1539,276458.84,0.0,0.0,2,Unknown,-0.010599246835640418,-0.004419519270183542,0.2431116004259522,-0.06327526342154306,-0.6272524631771539,0.3460118689428256
PT081_P1_E12,PT081,P1,1089,124369.59999999999,0.0,0.0,2,Unknown,-0.013825758848076262,0.0,0.5416023910816732,0.7045259881968304,-0.7688596181942512,0.19172506572644687
PT081_P1_F01,PT081,P1,3695,429369.64,0.0,0.0,2,Unknown,-0.04981467271083341,-0.005820067250080733,-0.2591143358801955,-0.09287451971664581,-1.0758393603012388,0.6982597551145832
PT081_P1_F02,PT081,P1,2616,549847.6000000001,0.0,0.0,2,Unknown,-0.039589141392832754,-0.010020764823884143,-0.4715962829882895,1.1181982060986626,-0.8769335273380227,-0.29560266676775304
PT081_P1_F03,PT081,P1,1924,390487.88,0.0,0.0,11,Unknown,-0.034011764300505044,-0.003731269263475661,0.038803323283067404,-0.08020552774505228,-0.7620485362529008,0.009114617105929923
PT081_P1_F04,PT081,P1,3353,468522.02,0.0,0.0,2,Unknown,-0.05496161468870598,-0.0003640374221253939,0.01795028410575039,0.028141875264795002,-1.0473408048325363,0.5802451293787958
PT081_P1_F05,PT081,P1,2362,254350.09,0.0,0.0,2,Unknown,-0.03193327123984644,0.009597328867188615,0.23450997517606742,0.30077819167382713,-0.8087039371585025,0.0007343395966497024
PT081_P1_F06,PT081,P1,2836,344561.08,0.0,0.0,2,Unknown,-0.025548162404017978,-0.014605237967208296,0.07934872312907182,-0.15236318467086116,-0.9077362904200507,0.5027753260606241
PT081_P1_F07,PT081,P1,1935,150831.81,0.0,0.0,2,Unknown,-0.030877256016722195,-0.005096801156126365,0.38793346071235885,-0.14372579923237874,-0.6860768539384406,-0.31439101690933413
PT081_P1_F08,PT081,P1,2271,403970.02,0.0,0.0,2,Unknown,-0.013615051947541796,-0.0074131426398126666,-0.09807422812267308,-0.10724423997026936,-0.8739628305246113,0.29806551700609907
PT081_P1_F11,PT081,P1,2745,414742.70999999996,0.0,0.0,2,Unknown,-0.03845288970385786,-0.006565911210356949,-0.05358269837020524,0.804558108958086,-0.8891789205674786,-0.02434721869608869
PT081_P1_F12,PT081,P1,1114,75656.13,0.0,0.0,2,Unknown,-0.0006207116226894118,-0.0008276154969192157,0.373750843397104,-0.08131905096965303,-0.6787053886078428,0.7499795249707963
PT081_P1_G01,PT081,P1,1796,370384.49,0.0,0.0,2,Unknown,-0.023273100870900367,-0.0008441874442813469,0.4481832423534587,0.6058302345083969,-0.7344134737364372,0.2656322909781077
PT081_P1_G02,PT081,P1,1821,302865.32999999996,0.0,0.0,2,Unknown,-0.05205816948873232,-0.00030620766298668304,-0.38089433517083404,-0.05111321484326612,-0.612861096838737,-0.10026716084416681
PT081_P1_G03,PT081,P1,1998,417887.57,0.0,0.0,2,Unknown,-0.0031933423986898824,-0.0012156361533631529,-0.30815293021244233,1.4343116856606064,-0.730239027451447,0.12343074498510981
PT081_P1_G04,PT081,P1,3132,510157.04999999993,0.0,0.0,2,Unknown,-0.04005289809281924,-0.003599820132895289,0.36433969466914445,0.6503312206757883,-1.065891061680746,0.058939794405591384
PT081_P1_G05,PT081,P1,1605,218118.03000000003,0.0,0.0,2,Unknown,-0.013001988853192125,-0.0002988455476927606,0.24616458161099575,-0.0379394100055856,-0.6752604916863213,-0.3219171832520771
PT081_P1_G06,PT081,P1,2388,382170.06000000006,0.0,0.0,2,Unknown,-0.03899066131314664,-0.030275073665094604,-0.031426703423466096,0.3063842614161735,-0.8637211020583372,0.8256976007588834
PT081_P1_G07,PT081,P1,1914,233502.53,0.0,0.0,2,Unknown,-0.045334802741315815,-0.00027956280296252613,-0.10096980111035703,0.3289358965796041,-0.7209265724344438,0.15466834428488174
PT081_P1_G08,PT081,P1,2629,281912.32999999996,0.0,0.0,2,Unknown,-0.056901614298819764,-0.0009217020260359791,-0.09632813948099561,0.36094340479844583,-0.8212134430992575,-0.434885845959326
PT081_P1_G09,PT081,P1,2711,405865.48,0.0,0.0,2,Unknown,-0.04621633054339523,-0.0015988283944603666,0.12072252139737738,-0.13739604592153085,-0.8917984831606164,0.47213012063059345
PT081_P1_G10,PT081,P1,1508,359465.48000000004,0.0,0.0,2,Unknown,-0.0325439414198518,-0.017277611213762062,0.39758181869436804,-0.0698942321986616,-0.6807541054695939,0.15713498375693924
PT081_P1_G11,PT081,P1,2356,420479.04,0.0,0.0,2,Unknown,-0.021324084224094455,-0.0003133866981514036,-0.4507157008412471,-0.09175781287149555,-0.9431752581739983,0.5768420135599005
PT081_P1_H01,PT081,P1,2385,604966.5700000001,0.0,0.0,2,Unknown,-0.038269776698011425,-0.02008179578547465,0.1247023062460646,-0.19626450419904923,-0.7844411876551556,0.3048930778977456
PT081_P1_H02,PT081,P1,2186,484420.70999999996,0.0,0.0,2,Unknown,-0.04071649454276875,0.0,0.2930061119481926,-0.18797309529666675,-0.9059111255541099,0.6854121888693802
PT081_P1_H03,PT081,P1,992,119415.64000000001,0.0,0.0,0,Unknown,-0.011954038781818659,0.0,1.255863517705285,-0.11722683378451668,-0.5630257789235992,0.25672087672618327
PT081_P1_H04,PT081,P1,2758,308619.35000000003,0.0,0.0,2,Unknown,-0.04738929619853607,-0.0012136091244819066,0.39595133845037916,0.3444091742777943,-0.8846314186356219,0.05806023376863245
PT081_P1_H06,PT081,P1,2201,636963.22,0.0,0.0,2,Unknown,-0.025542657366295008,-0.0001038502093148909,-0.13902230394295556,1.2009361613640879,-0.8109304233961702,-0.11028389277346706
PT081_P1_H07,PT081,P1,281,34124.08,0.0,0.0,0,Unknown,-0.011407545637800083,0.0,0.055294856340247334,-0.039108225852612956,-0.2652809741423999,-0.12522959909367173
PT081_P1_H08,PT081,P1,1355,254968.75999999998,0.0,0.0,7,Unknown,-0.016671384675476547,0.0,0.16084254653212926,-0.09474026667837478,1.8748998650428697,-0.38133998820689885
PT081_P1_H09,PT081,P1,1685,316394.97,0.0,0.0,2,Unknown,-0.01872428007832963,-0.003745007658161582,0.1448649932709849,1.1121805681443337,-0.7593737900046892,-0.16866802092332156
PT081_P1_H10,PT081,P1,1317,272671.12,0.0,0.0,2,Unknown,-0.005209292150960904,-0.0021953667582945997,0.007831352265138258,0.39347909433808725,-0.6314989645220878,-0.3401619960664361
PT081_P1_H11,PT081,P1,932,139289.7,0.0,0.0,0,Unknown,-0.016206524021647753,-0.0004577514241090767,-0.296322581349811,0.5755096247699454,-0.49067305138124123,-0.2920953141310481
PT081_P1_H12,PT081,P1,633,20288.58,0.0,0.0,2,Unknown,-0.00423105331270371,0.0,-0.29552817362644795,0.477034784363929,-0.5068358017393515,0.8106669965412301
PT081_P3_A01_S193,PT081,P3,881,210257.38,0.0,0.0,0,Unknown,-0.002568302482676289,-0.0009155313317170866,-0.20713941332738847,-0.03719328975154695,-0.19193577091387215,-0.199758685893927
PT081_P3_A02_S194,PT081,P3,567,143821.8,0.0,0.0,0,Unknown,-0.0024946330225196238,-0.0016414615851614613,-0.06976654681364787,-0.016777253895872136,-0.14431054319832504,-0.06993097866181619
PT081_P3_A03_S195,PT081,P3,3044,4892284.28,0.0,0.0,0,Unknown,-0.009402949538905709,-0.00011015183941365701,0.35545560887834177,-0.06867566326125688,0.20843825975954278,0.05503807545085504
PT081_P3_A04_S196,PT081,P3,1084,494584.69,0.0,0.0,0,Unknown,-0.0016355620464498974,-0.00013344863053934815,0.9163925619147708,-0.05075480538504626,-0.2141349215282659,-0.161449847876709
PT081_P3_A05_S197,PT081,P3,539,160277.09999999998,0.0,0.0,0,Unknown,-0.0006110985117975505,-0.000403486118496567,0.977676574815847,-0.002017430592482835,-0.2274609260265173,-0.16683847991378534
PT081_P3_A06_S198,PT081,P3,432,57775.95,0.0,0.0,0,Unknown,-0.0036874228613079513,-0.001064232087539446,-0.09942443452198235,-0.05325132414362162,-0.10139855807885531,-0.10422184506969785
PT081_P3_A08_S200,PT081,P3,870,486461.6,0.0,0.0,0,Unknown,0.0019796148986834104,-0.00013565447822978666,0.5259630929460467,0.9184198098762887,-0.2820978179265378,-0.19936967292420665
PT081_P3_A10_S202,PT081,P3,1497,1363855.29,0.0,0.0,0,Unknown,-0.0020828910212717135,-4.8702710686574086e-05,-0.09793059218077381,-0.06053797832459766,-0.363384396910862,-0.1078611919984428
PT081_P3_A11_S203,PT081,P3,1624,1623248.7200000002,0.0,0.0,0,Unknown,-0.0005887751607535214,0.0,-0.2264079991713637,-0.03998019638615579,-0.0425505975232367,-0.2298140114374071
PT081_P3_A12_S204,PT081,P3,1390,1191383.47,0.0,0.0,0,Unknown,-0.001270852639469181,-5.572381805743443e-05,-0.1714144271355743,0.0633599868779287,-0.3326074205702927,-0.18134438945736528
PT081_P3_B01_S205,PT081,P3,1368,2082593.6199999999,0.0,0.0,0,Unknown,-0.0004905249277266728,-0.0001021729051704995,-0.1312948514590166,-0.0016878894778577305,-0.27470334433061333,-0.17642570653731937
PT081_P3_B02_S206,PT081,P3,3359,4600784.71,0.0,0.0,2,Unknown,-0.04068070612022682,-0.00010238211790999578,0.14196662411831995,0.5986918883569559,-0.7051591524468398,0.4887759262433137
PT081_P3_B03_S207,PT081,P3,1016,370393.29000000004,0.0,0.0,0,Unknown,-0.006338158006937315,-0.009892076892688664,-0.09133276480076918,-0.008656110492303212,-0.18803061523434508,-0.08739871369514818
PT081_P3_B04_S208,PT081,P3,3932,5620954.5,0.0,0.0,2,Unknown,-0.029281931810814905,0.0010968967871270185,0.2527443606180937,-0.15711270224087934,-0.758441830209224,1.0993121639685863
PT081_P3_B05_S209,PT081,P3,1788,915224.56,0.0,0.0,2,Unknown,-0.01014090265269079,-0.0002789119159721024,0.6250970186857372,-0.037079040560015146,-0.5987408305564332,-0.21241157190374046
PT081_P3_B07_S211,PT081,P3,3082,3463252.7299999995,0.0,0.0,2,Unknown,-0.014018592169516704,-0.018263844529897995,0.23450036723308199,-0.07177856355176183,-0.7115567206484402,-0.22015332270611904
PT081_P3_B09_S213,PT081,P3,947,315396.23,0.0,0.0,0,Unknown,-0.001192456457338623,0.0,-0.10677359419198568,-0.03349842368826041,-0.3425926402086419,-0.09247782883564826
PT081_P3_B11_S215,PT081,P3,1257,247237.5,0.0,0.0,0,Unknown,-0.0019231348946279908,0.0,-0.030255187807706772,0.04769446959134752,-0.05188087720929417,1.1717193999969413
PT081_P3_B12_S216,PT081,P3,2032,2237457.26,0.0,0.0,0,Unknown,-0.000403196908800281,-8.93782051252671e-05,-0.010411651102509745,1.2882712649765695,-0.4356199162551059,0.4744318635892605
PT081_P3_C02_S218,PT081,P3,2525,3014640.52,0.0,0.0,2,Unknown,-0.0005822210922258154,-0.0003404955845621286,0.2693793371655312,-0.01884239315298754,-0.45748355564957605,-0.28357375237736165
PT081_P3_C03_S219,PT081,P3,4942,7704787.29,0.0,0.0,2,Unknown,-0.05036776170354646,-0.0029122874362898852,0.26506253061696905,0.3055409563951794,-0.9228840296468315,-0.046533074701461175
PT081_P3_C04_S220,PT081,P3,3325,2506864.1399999997,0.0,0.0,0,Unknown,-0.022660428864028876,-0.015593777552566248,0.37356690202880644,-0.08907271914786072,-0.7048437436864893,-0.36451189844227555
PT081_P3_C05_S221,PT081,P3,4681,6108459.08,0.0,0.0,2,Unknown,-0.04761298794704117,-0.0002613643763187074,0.31961409232822513,0.46954023332067424,-0.8364132281771035,0.4580239510234627
PT081_P3_C06_S222,PT081,P3,2804,2275978.3200000003,0.0,0.0,0,Unknown,-0.014282541634549336,-8.768181555422667e-05,0.4132866787289227,0.5873941245292575,-0.5635199430686995,0.3242287530038259
PT081_P3_C07_S223,PT081,P3,288,48419.82000000001,0.0,0.0,0,Unknown,-0.0028161897268105117,-0.0017040629954805583,-0.06237269233356875,-0.003754919635747349,-0.0847371864579825,-0.07250208312103222
PT081_P3_C09_S225,PT081,P3,827,307090.17000000004,0.0,0.0,0,Unknown,-0.012962041741508857,-0.00042062976202647973,-0.14941826039616113,-0.015198180895507866,-0.27040531896612824,-0.15142569015957452
PT081_P3_C10_S226,PT081,P3,1309,635964.1399999999,0.0,0.0,0,Unknown,-0.015557789698057522,-0.00010401208868799525,-0.18069829411698213,-0.03485216002338362,-0.3400793665178729,-0.22377919600254573
PT081_P3_C11_S227,PT081,P3,811,189102.08000000002,0.0,0.0,0,Unknown,-0.0007830003009305677,0.0,1.1425156928493108,0.8914522593496048,-0.2689897720737149,-0.1037612913122712
PT081_P3_C12_S228,PT081,P3,545,238063.87,0.0,0.0,0,Unknown,-0.0022946759532671934,-0.0002743150287746596,-0.05914846327258882,0.01800421138200337,-0.2708916353913273,-0.09725339986620822
PT081_P3_D02_S230,PT081,P3,1467,331661.1,0.0,0.0,0,Unknown,-0.013172100975077886,0.0,0.5574547265151778,-0.05903256894555863,-0.4334163023943738,0.7798983548283214
PT081_P3_D03_S231,PT081,P3,2305,1162981.52,0.0,0.0,0,Unknown,-0.015471003861874628,-0.0004976555923732721,0.47801060403355455,-0.02532082278309848,-0.3472251455776189,-0.23522333991479458
PT081_P3_D04_S232,PT081,P3,1055,363070.28,0.0,0.0,0,Unknown,0.0039542311608172205,-0.0009338189184426132,-0.11759303973314167,-0.008238441342273266,-0.15345664777851575,0.5834277760217366
PT081_P3_D05_S233,PT081,P3,3479,3335819.7,0.0,0.0,2,Unknown,-0.039699732834387984,-0.0004396548624659799,-0.4263342703185246,0.7055203661551825,-0.8303512030505581,0.1816401179132085
PT081_P3_D06_S234,PT081,P3,754,242908.6,0.0,0.0,0,Unknown,-0.0020740776790313044,0.0,0.8977110178971658,1.0892079455992787,-0.28012550754669785,-0.13677525091329013
PT081_P3_D10_S238,PT081,P3,1910,1132169.9100000001,0.0,0.0,0,Unknown,-0.0027953169990691034,-0.0005317452310410636,-0.228406786320881,-0.026210930947639467,-0.38390604096155106,0.3799942467469016
PT081_P3_D11_S239,PT081,P3,1565,1309773.3599999999,0.0,0.0,0,Unknown,-0.009573078288518454,-0.00011158425090451003,-0.15475907085308524,-0.015770915489500454,-0.3674572579608813,-0.16239750152176827
PT081_P3_E01_S241,PT081,P3,2261,3903721.8099999996,0.0,0.0,0,Unknown,-0.0005319379526182449,-0.018898554573275727,0.6306251312097303,-0.05083363689610543,-0.5668303588757646,-0.23183980106149715
PT081_P3_E02_S242,PT081,P3,1914,991939.85,0.0,0.0,0,Unknown,-0.0013454430316200367,-0.00031852168351531596,0.4357947519206092,0.6306807851979791,-0.28349241941671827,-0.21733581573077534
PT081_P3_E03_S243,PT081,P3,4041,6609405.649999999,0.0,0.0,2,Unknown,-0.06241306475167131,-0.006739545545856249,0.3184374436847791,0.7067239239812999,-0.8512611941073505,0.2635724810730432
PT081_P3_E04_S244,PT081,P3,4106,2541094.67,0.0,0.0,2,Unknown,-0.016793176799354364,-0.03633029683349124,0.30664462704424905,0.2150634685340742,-0.8994595368415069,0.06189966633628591
PT081_P3_E05_S245,PT081,P3,284,4862.05,0.0,0.0,0,Unknown,0.0,0.0,0.423851613601153,0.0,-0.12805390628188962,0.177527288908728
PT081_P3_E06_S246,PT081,P3,330,385.01000000000005,0.0,0.0,0,Unknown,-0.03294849391260609,-0.04393132521680812,0.8510190745580859,-0.04393132521680812,-0.6623051308160883,0.5183740152263152
PT081_P3_E07_S247,PT081,P3,499,38642.66,0.0,0.0,0,Unknown,-0.0028508866070347007,-0.003801182142712934,-0.04782394858710778,-0.037087418840194175,0.4682310657526514,-0.04413121869698797
PT081_P3_E08_S248,PT081,P3,1473,864633.37,0.0,0.0,2,Unknown,-0.028851911995812524,-0.000305774476970868,-0.21844598439176538,-0.0595201645663773,-0.47108759740080197,-0.22706724807045625
PT081_P3_E09_S249,PT081,P3,357,43925.5,0.0,0.0,0,Unknown,0.0,0.0,-0.0677109989458846,-0.0013673896488121044,0.013954003513737531,-0.06839798618776426
PT081_P3_E10_S250,PT081,P3,305,45265.68,0.0,0.0,0,Unknown,-0.0025423756227828348,0.0,-0.07814925031710399,-0.014478359323335637,-0.10809953964979288,-0.07218152920317054
PT081_P3_E11_S251,PT081,P3,1321,2871.1099999999997,0.0,0.0,2,Unknown,-0.07540361546867279,-0.01000191033596009,0.8145101008498037,-0.19867112170653503,-0.6501822482457129,-0.08211185984003427
PT081_P3_F01_S253,PT081,P3,2505,5611359.6899999995,0.0,0.0,0,Unknown,-0.0003719037175582885,-2.371907889459028e-05,-0.18611951799992463,-0.08876321950048731,-0.42422962556694005,-0.26261636531083793
PT081_P3_F03_S255,PT081,P3,1152,670026.19,0.0,0.0,0,Unknown,-0.02811017152231116,0.0,-0.20691864011456185,0.41253021416434954,-0.3830021187343239,-0.15013743488228115
PT081_P3_F04_S256,PT081,P3,783,323406.22,0.0,0.0,0,Unknown,0.010990563365504765,0.0,-0.16626656491077743,-0.07068865960677569,-0.41194811599769227,-0.1336019926788698
PT081_P3_F05_S257,PT081,P3,1717,813766.5900000001,0.0,0.0,0,Unknown,-0.0021220208802859436,-8.142429871761005e-05,0.6237046017474055,0.40798702223701433,-0.46124804815659837,-0.16446562442863158
PT081_P3_F06_S258,PT081,P3,2924,3312813.46,0.0,0.0,2,Unknown,-0.013941431484816776,-0.004913553083695941,0.41252239371533517,0.4634447067285566,-0.6822116027243231,-0.310602914068934
PT081_P3_F08_S260,PT081,P3,726,263245.72,0.0,0.0,0,Unknown,-0.0029090896378957377,-0.0004971142806622153,-0.1367116749692334,-0.012930867138968441,-0.42686897491883635,-0.14631323528873758
PT081_P3_F09_S261,PT081,P3,458,71773.39000000001,0.0,0.0,0,Unknown,0.024223615251993288,0.0,-0.09708466648890329,-0.0373002954516507,-0.22078625667306034,-0.10235981579845427
PT081_P3_F10_S262,PT081,P3,305,18383.54,0.0,0.0,0,Unknown,-0.00953349873153726,-0.002895691337647528,-0.04367951401193506,-0.023767510658768854,-0.13020893215297905,-0.06814035726565289
PT081_P3_F11_S263,PT081,P3,946,1183089.3099999998,0.0,0.0,0,Unknown,-0.03186688482246048,0.0028056417849384244,0.36299246723851764,0.7324750123526739,-0.45384771381878714,-0.15591788315145994
PT081_P3_F12_S264,PT081,P3,289,43672.96,0.0,0.0,0,Unknown,-0.0030927028535400465,-0.002749069203146708,-0.006656449986815414,0.04054877074641394,-0.03865374218624755,-0.006008757986595324
PT081_P3_G01_S265,PT081,P3,1319,1121567.8800000001,0.0,0.0,0,Unknown,-0.000812105272236143,-0.00046981879178182705,-0.17425381408677051,-0.0022691986228806893,-0.34271558906307187,-0.14753660641923255
PT081_P3_G02_S266,PT081,P3,293,3098.4399999999996,0.0,0.0,1,Unknown,-0.01441594380122533,-0.009610629200816886,-0.07423219884092161,-0.03274244285581627,-0.15811404156480524,-0.05944509404549167
PT081_P3_G04_S268,PT081,P3,1573,1120227.7799999998,0.0,0.0,0,Unknown,-0.0006367882479949935,-0.0001179733989071533,-0.14205262755057774,-0.07610320409458779,-0.28421647122888916,-0.1520490395871691
PT081_P3_G06_S270,PT081,P3,657,167891.34,0.0,0.0,0,Unknown,0.0,0.0,-0.15691935315394162,-0.0037239781355659527,1.540514007444325,-0.16591332628038669
PT081_P3_G11_S275,PT081,P3,1001,839456.47,0.0,0.0,0,Unknown,-0.00041965248049976466,-0.00015789433349178538,0.11612761512671675,-0.00542327307931605,-0.03158816561348754,-0.14843133374622416
PT081_P3_H01_S277,PT081,P3,1407,1483599.1400000001,0.0,0.0,0,Unknown,-0.0005200073123220973,-0.00013435500986224477,-0.033357785568234204,-0.003971501586309759,-0.29166668159346093,-0.0538974435944556
PT081_P3_H02_S278,PT081,P3,252,503.22999999999996,0.0,0.0,1,Unknown,-0.07728951335874176,-0.06076781571674205,0.6711760738887733,-0.12543765743961416,-0.2824781293516988,-0.06944306249945181
PT081_P3_H03_S279,PT081,P3,1081,94555.41999999998,0.0,0.0,0,Unknown,-0.0014620187693044344,-0.002010622962532416,-0.1781277722540709,-0.010366158347819426,-0.1497230257355371,-0.16533488962752985
PT081_P3_H04_S280,PT081,P3,436,141007.15999999997,0.0,0.0,0,Unknown,-0.0006631908340727784,0.0,0.009992218372989942,0.01010757662059552,-0.1895124707342651,0.3772166339306701
PT081_P3_H05_S281,PT081,P3,773,121714.81,0.0,0.0,0,Unknown,-0.0029635636530949356,-0.0010142398169535197,-0.06828481720772137,-0.009849334093704237,-0.11961681628938237,-0.1272171072575466
PT081_P3_H08_S284,PT081,P3,332,11793.82,0.0,0.0,0,Unknown,-0.031843310695932533,-0.027659095450457916,-0.053534000797397105,-0.018436770743946333,-0.0745987723964718,-0.08049362526770384
PT081_P3_H09_S285,PT081,P3,251,21684.480000000003,0.0,0.0,0,Unknown,-0.005688452606989004,-0.0025282011586617793,-0.06902044945328084,-0.013375008447541243,-0.03711201127907047,-0.0900599647823439
PT081_P3_H10_S286,PT081,P3,379,58643.09999999999,0.0,0.0,0,Unknown,-0.0007872534810517094,-0.0010496713080689459,-0.07725798037901543,-0.007330626165370996,-0.04506486563088659,-0.09458495693727766
PT081_P3_H11_S287,PT081,P3,673,170076.56,0.0,0.0,0,Unknown,-0.001984226378321483,0.01866357902611132,1.0766316767417774,-0.007023078835429058,-0.17544944007702146,-0.1567399209097135
PT081_P3_H12_S288,PT081,P3,358,20829.620000000003,0.0,0.0,0,Unknown,-0.007841998079553204,-0.0026139993598510674,-0.07626809081010179,-0.00713549967820908,-0.04599985715645323,-0.06563403846954874
PT081_P5_A02_S98,PT081,P5,439,35569.0,0.0,0.0,0,Unknown,-0.028496024685524105,-0.0016808835604550938,0.5691774413146908,0.3553813357447741,-0.2781451598963765,0.5608434988113489
PT081_P5_A03_S99,PT081,P5,973,220726.22,0.0,0.0,0,Unknown,-0.0022078169070685566,-0.0005865507616071618,-0.2541947286840704,-0.02895031651531612,-0.4702323615299829,-0.2648642975495806
PT081_P5_A04_S100,PT081,P5,627,144652.57,0.0,0.0,0,Unknown,-0.0017799583849702919,0.0,-0.19673417534247273,-0.10374771261745316,2.6261478846461133,-0.19475664981027102
PT081_P5_A05_S101,PT081,P5,2787,1084466.99,0.0,0.0,2,Unknown,-0.015588438646707323,-0.006124447873542783,0.4224364721586244,1.5360064056960203,-0.6899191773108728,-0.13592807492077352
PT081_P5_A06_S102,PT081,P5,3542,2148061.5,0.0,0.0,2,Unknown,-0.06146209583985694,-0.00010281615738690474,0.03440016000590185,-0.05103247288390467,-0.8655196524401514,0.35999582444600375
PT081_P5_A07_S103,PT081,P5,2212,1085455.2599999998,0.0,0.0,2,Unknown,-0.03845847960020358,-0.00034810919338740514,0.20111828926514774,-0.04091517677202164,-0.5446414224016509,-0.31874689190784417
PT081_P5_A09_S105,PT081,P5,3737,990639.64,0.0,0.0,2,Unknown,-0.03477585972858071,-0.00916468641989015,0.1603813783979801,0.49301807092521155,-0.913370427235205,0.28531682380161344
PT081_P5_A10_S106,PT081,P5,4065,2509768.5,0.0,0.0,2,Unknown,-0.07888193408975988,-0.02845353877547846,-0.10049079172832986,0.45843516036702536,-0.9569202151325539,0.2711625028317347
PT081_P5_A12_S108,PT081,P5,4530,2573837.6100000003,0.0,0.0,2,Unknown,-0.037944660664403135,-0.02147898568398245,0.18647735833763857,-0.08408823243835313,-1.0087785997344147,0.20696501099821862
PT081_P5_B03_S111,PT081,P5,1089,283725.94,0.0,0.0,7,Unknown,-0.002092655398991359,-0.00023092255647956,-0.2734241312194409,-0.027955979765968107,4.073401005962417,-0.3171795223356948
PT081_P5_B04_S112,PT081,P5,1309,184272.62,0.0,0.0,0,Unknown,0.020297860133380755,-0.0014305918346807394,-0.15634953303294383,-0.053310200244201036,-0.4804670474577397,-0.18602170451632488
PT081_P5_B05_S113,PT081,P5,3391,1886769.46,0.0,0.0,2,Unknown,0.0021763175483714104,-0.02177762695072468,0.18682935749802282,-0.1308306796414251,-0.8944543548512014,-0.23466652211406247
PT081_P5_B06_S114,PT081,P5,4657,2786738.5999999996,0.0,0.0,2,Unknown,-0.056290364484600314,-0.01017888660311611,0.35125953195286563,0.07747974382425327,-0.99045625984927,1.3185647518403991
PT081_P5_B07_S115,PT081,P5,3304,1930886.8699999999,0.0,0.0,2,Unknown,-0.010107211738577452,-0.04010419698882002,-0.2029048124486048,-0.14572804673221307,-0.7715694961121915,-0.36820828298851405
PT081_P5_B08_S116,PT081,P5,3606,1972807.82,0.0,0.0,2,Unknown,-0.06315248650756906,-0.009077828874124482,0.21332538088168457,0.16394578024242262,-0.7147447193903951,0.03595956584467619
PT081_P5_B09_S117,PT081,P5,4700,3020883.49,0.0,0.0,2,Unknown,-0.06866189726062673,-0.007319009772306618,0.16697762737877497,-0.18394422307192465,-0.992331959728498,0.4818988390229678
PT081_P5_B10_S118,PT081,P5,3829,2344524.6999999997,0.0,0.0,2,Unknown,-0.04731261933462433,-0.004742034700448737,0.19275907981108426,-0.14059827037209877,-0.8762507174688641,0.20379382334532614
PT081_P5_B11_S119,PT081,P5,2460,1395153.5,0.0,0.0,2,Unknown,-0.0012694975743202815,-4.7614029499909394e-05,0.2542421391834719,-0.07335325874790471,-0.7190227665813296,0.6577173800759295
PT081_P5_B12_S120,PT081,P5,3055,1781951.6500000001,0.0,0.0,2,Unknown,-0.0013982352710561704,-0.017990224762539603,0.21425931538896725,-0.142756411239886,-0.8462845276195613,0.24300425844939655
PT081_P5_C01_S121,PT081,P5,4011,2245233.92,0.0,0.0,2,Unknown,-0.022754866087664333,0.00041257293983676933,0.4569213240990537,-0.10075838706257803,-0.5411914976232887,-0.0007951259526046695
PT081_P5_C02_S122,PT081,P5,647,66040.18000000001,0.0,0.0,0,Unknown,-0.008547057172127203,0.0,0.9069720836451642,-0.023594641552567467,-0.27882722330085513,-0.18193859133300944
PT081_P5_C03_S123,PT081,P5,2569,1270661.29,0.0,0.0,2,Unknown,-0.03024484673419566,-0.027804839022966,0.1770089698263338,-0.09543943678566548,-0.7210047186257104,-0.007435118629229187
PT081_P5_C04_S124,PT081,P5,1940,619316.06,0.0,0.0,0,Unknown,-0.02377265734135321,-0.021518408735186876,0.48317616952238035,-0.07702619719751556,-0.492330959790424,-0.2905156143051117
PT081_P5_C05_S125,PT081,P5,3071,1424033.85,0.0,0.0,2,Unknown,-0.013927223114781739,-0.00023744172924671986,0.11711493514157806,1.0411801549376611,-0.8238402604348661,-0.19961929806792708
PT081_P5_C06_S126,PT081,P5,2582,1100695.69,0.0,0.0,2,Unknown,-0.028333683037072552,0.0,-0.06359840364885005,-0.1443404301311869,-0.5138325060643713,0.004888652927363846
PT081_P5_C07_S127,PT081,P5,2605,627112.09,0.0,0.0,2,Unknown,-0.0520421181911597,-0.00010546872646811651,0.07898845127522386,-0.07741687806625909,-0.5470277053282581,0.8855975883100187
PT081_P5_C08_S128,PT081,P5,4478,2373349.09,0.0,0.0,2,Unknown,-0.049105043772562605,-0.01759905728610499,-0.14371988626143145,0.1300506453208804,-0.8062599116920539,0.34142572430736706
PT081_P5_C09_S129,PT081,P5,5666,3448680.5,0.0,0.0,2,Unknown,-0.06268673259533077,-0.018710309553717143,-0.15811246172499527,-0.1526429801349989,-1.1519378424774507,0.6411354679126576
PT081_P5_C10_S130,PT081,P5,3223,1995038.27,0.0,0.0,2,Unknown,-0.022802230609333438,-0.008584318903301514,-0.00944789298758314,0.9587980482861115,-0.941583173082744,0.40034486886198883
PT081_P5_C11_S131,PT081,P5,2001,907101.23,0.0,0.0,2,Unknown,-0.03791754875934403,-0.00032782313843477887,0.2336536049403165,-0.01861340625599832,-0.6068015586370596,-0.17563362397880844
PT081_P5_C12_S132,PT081,P5,3003,1542233.7800000003,0.0,0.0,2,Unknown,-0.039354382416107614,-0.01987860232830022,0.4461100720263432,-0.05437226230208449,-0.8820737404549809,0.6114761476123496
PT081_P5_D01_S133,PT081,P5,1843,713241.8600000001,0.0,0.0,0,Unknown,-0.015299635379655618,-0.012246028474060209,0.22072191272803188,-0.05307261921556174,-0.6892598320562858,-0.10620512935948273
PT081_P5_D02_S134,PT081,P5,3042,1090465.09,0.0,0.0,2,Unknown,-0.015276462121813493,-0.0274666705147158,0.2085396619631048,-0.07735110589828822,-0.763645175158821,-0.16197009917210808
PT081_P5_D03_S135,PT081,P5,3176,1940851.54,0.0,0.0,2,Unknown,-0.02253579550816278,-0.025630608032819215,0.2382759443858382,0.08868275831892015,-0.8096116721758649,0.10768358118069166
PT081_P5_D05_S137,PT081,P5,497,803.01,0.0,0.0,0,Unknown,-0.025992129108160077,0.0,-0.32319953483917857,-0.12100138192964081,-0.4816473482122197,0.16254721577984282
PT081_P5_D07_S139,PT081,P5,2685,775859.5,0.0,0.0,2,Unknown,-0.0018485437845046377,-0.0002552831415757766,0.46016548285238706,-0.0950041238720171,-0.567252129919597,0.07633709908778225
PT081_P5_D08_S140,PT081,P5,3228,1832662.7399999998,0.0,0.0,2,Unknown,-0.056081345814928206,-0.01943070634685659,0.36623703689853176,-0.1095643806594699,-0.6918002695784153,0.6152931578472765
PT081_P5_D09_S141,PT081,P5,4388,2991595.34,0.0,0.0,2,Unknown,-0.044056676116445787,-0.010209344787443637,0.415427551987845,0.9463059495114448,-1.0860506071519405,0.2673941363980745
PT081_P5_D10_S142,PT081,P5,4850,3068345.69,0.0,0.0,2,Unknown,-0.06670330651145001,-0.02664500820257454,0.2098700220432983,0.5241399529037616,-0.8892234127556116,0.20394962675942574
PT081_P5_D11_S143,PT081,P5,1433,593655.46,0.0,0.0,0,Unknown,-0.020096611030022023,-0.016934230054684852,0.7454290901394593,-0.059082184692194534,-0.7279655613935283,0.08303092016921065
PT081_P5_D12_S144,PT081,P5,684,96834.61,0.0,0.0,0,Unknown,-0.0005100728965292166,0.0,-0.07204941044157889,0.01487937458868498,-0.12786757711005228,-0.0879872415124523
PT081_P5_E01_S145,PT081,P5,2424,923350.4099999999,0.0,0.0,13,Unknown,-0.001736011948739202,-0.0004974464256585982,0.2664841054437095,0.5947572798529841,-0.5513292802208906,0.17427159824703714
PT081_P5_E02_S146,PT081,P5,1285,263491.98,0.0,0.0,2,Unknown,-0.0050472784479724,-0.022149480054087633,-0.19900568243109104,-0.021340931648810506,-0.3209006196602253,0.1675706964248512
PT081_P5_E03_S147,PT081,P5,1400,446852.0,0.0,0.0,0,Unknown,-0.002926295547470416,-0.00040726463278669604,0.402942975090095,-0.06447166915889037,-0.5330778009236574,-0.2327065273627571
PT081_P5_E04_S148,PT081,P5,4302,2476506.4499999997,0.0,0.0,2,Unknown,-0.05962314466447515,-0.027346960328158434,0.453560323878089,0.4842892206746219,-0.933537414315354,0.17223844097749808
PT081_P5_E05_S149,PT081,P5,3892,2293001.2800000003,0.0,0.0,2,Unknown,-0.07204153250227735,-0.014098115220744537,-0.3462691033535815,0.06053499621021741,-0.95262731366444,0.032784408377778296
PT081_P5_E06_S150,PT081,P5,2017,830413.0700000001,0.0,0.0,0,Unknown,-0.015433977779225774,-0.023454365680918524,-0.37761798541117386,-0.13926227304359634,2.675035559696106,0.7425015864978958
PT081_P5_E08_S152,PT081,P5,3279,1392423.67,0.0,0.0,2,Unknown,-0.038746736497754626,-0.00028705825595184455,0.22121255336214424,-0.08515237160221717,-0.8504650848886803,-0.061664357276456194
PT081_P5_E09_S153,PT081,P5,3025,2013837.1800000002,0.0,0.0,2,Unknown,-0.01699631185613748,0.0012369089813592863,0.32995758202457065,0.46899899821290203,-0.8207970157667536,-0.007335959229930189
PT081_P5_E12_S156,PT081,P5,719,254030.65000000002,0.0,0.0,0,Unknown,-0.0006082933240479033,0.0,0.8858098036015222,-0.07120397138711035,-0.5433271051934074,-0.20925370283415856
PT081_P5_F01_S157,PT081,P5,4472,2348452.9899999998,0.0,0.0,2,Unknown,-0.02925226670703917,-0.01712152372588333,0.20457526094491718,-0.05543748688775518,-0.9785343789989015,0.1609857292831719
PT081_P5_F02_S158,PT081,P5,591,200557.16999999998,0.0,0.0,0,Unknown,-0.0004865786443722821,-0.0003243857629148547,-0.21585586505196613,-0.02865823038978893,-0.3018794172596034,-0.19656107147799398
PT081_P5_F03_S159,PT081,P5,1910,741183.17,0.0,0.0,2,Unknown,-0.01945394270942573,-0.0001229844658563188,0.27705106523615125,-0.05053932812666802,-0.6543333361568304,-0.1994564250574173
PT081_P5_F05_S161,PT081,P5,279,381.5,0.0,0.0,0,Unknown,0.0,-0.022024465361503442,-0.16781579925557208,-0.08809724284778345,-0.3944712497506785,-0.18349506928042178
PT081_P5_F06_S162,PT081,P5,2148,1049576.54,0.0,0.0,2,Unknown,-0.03276597292229347,-0.00868806658832506,0.13065586172019972,0.20645755020129625,-0.5864057605182609,-0.09619591010712836
PT081_P5_F08_S164,PT081,P5,1942,971321.12,0.0,0.0,2,Unknown,-0.009551277853858548,-0.00020417303359793743,0.5351151746186534,-0.07204501334515392,-0.6234595485983215,-0.3242688716036957
PT081_P5_F09_S165,PT081,P5,3611,2511448.3600000003,0.0,0.0,2,Unknown,-0.03650724799945037,-0.0006076384666181353,0.09690083848414155,0.43127328496672623,-0.8481851039846927,-0.026818154676878203
PT081_P5_F11_S167,PT081,P5,2730,1537986.34,0.0,0.0,2,Unknown,-0.026748623215926512,-0.003063074971034595,0.6174955171203327,0.25722777093546434,-0.7368754344575659,-0.44860238633440064
PT081_P5_F12_S168,PT081,P5,1359,469356.03,0.0,0.0,0,Unknown,0.009917551076878472,-0.0001405466181537964,0.3025283282441947,0.179104535880519,-0.5954334383071288,-0.3869742372003848
PT081_P5_G02_S170,PT081,P5,586,121531.54,0.0,0.0,0,Unknown,-0.0015562723182842042,0.0,-0.15022633607381022,-0.015247288892719594,-0.3255717536712691,-0.1609240208631557
PT081_P5_G04_S172,PT081,P5,993,179077.84,0.0,0.0,2,Unknown,0.00919825936458036,-0.0003622547364813483,0.8051126941444348,-0.11363509496983912,-0.3571009089444338,-0.18037502308971665
PT081_P5_G05_S173,PT081,P5,338,397.0,0.0,0.0,0,Unknown,-0.0326533630129078,0.0,0.9594156964417637,-0.08707563470108746,-0.2808991558882959,0.33749617855385083
PT081_P5_G06_S174,PT081,P5,480,93181.99,0.0,0.0,0,Unknown,-0.02187418180860405,0.0,0.8055023662244793,-0.01771450670611633,-0.27855214947434975,-0.06490997538010947
PT081_P5_G08_S176,PT081,P5,800,193217.22999999998,0.0,0.0,0,Unknown,-0.029349495560383226,0.0,0.7175296350361189,-0.005846362656627833,-0.4095876822610743,-0.13576501417240958
PT081_P5_G09_S177,PT081,P5,690,132513.22,0.0,0.0,0,Unknown,-0.006770932967543378,-0.000485015688675673,0.8609311900807162,-0.006425448997804711,-0.36458892960657996,-0.07200310899630029
PT081_P5_G11_S179,PT081,P5,570,149627.61,0.0,0.0,0,Unknown,-0.00040733484892207947,0.0,-0.10400376797223124,-0.006510611385831654,-0.21050207743617932,-0.12694869505835707
PT081_P5_H01_S181,PT081,P5,2326,1021660.69,0.0,0.0,2,Unknown,-0.035520851394204724,-0.00025725479892109166,0.08742588008389868,-0.1150769192628384,-0.7522305015479348,-0.31736522852681953
PT081_P5_H02_S182,PT081,P5,1078,270760.70999999996,0.0,0.0,0,Unknown,-0.015414919474511695,0.0,-0.2009113495109353,-0.04970801695325464,-0.38224374270121475,-0.0010522404170012767
PT081_P5_H03_S183,PT081,P5,1227,367328.92000000004,0.0,0.0,0,Unknown,-0.002152499452419211,-0.0012440793235644195,-0.1704337642368629,-0.007535252953432054,-0.5214450957557033,0.5490442660994959
PT081_P5_H04_S184,PT081,P5,2508,1413886.02,0.0,0.0,2,Unknown,0.0011205061779554079,-9.397082172963053e-05,0.057474842546103466,-0.16250927203090196,-0.6669191138563397,-0.287801350744318
PT081_P5_H05_S185,PT081,P5,2117,1080368.27,0.0,0.0,2,Unknown,-0.018522519669585454,-0.01610622609282663,-0.20657374445628676,0.5359441360233922,-0.05470516017191096,0.010050190742792509
PT081_P5_H06_S186,PT081,P5,2439,1274394.08,0.0,0.0,2,Unknown,-0.030893975792853075,-0.00015230284106169416,0.4177144346567609,0.33938240577143197,-0.6641145446648354,-0.38079764808070105
PT081_P5_H08_S188,PT081,P5,1438,709502.8600000001,0.0,0.0,2,Unknown,-0.0012568558050735398,-9.33064913494954e-05,-0.24134768979134835,-0.05111110260681636,-0.5352639638586644,-0.31452577822793026
PT081_P5_H09_S189,PT081,P5,1346,525059.6900000001,0.0,0.0,2,Unknown,0.02381581723221071,-0.00040960817276796806,0.5036041597670342,0.7927966445132254,-0.5441331900475151,-0.26900477333448913
PT081_P5_H11_S191,PT081,P5,249,34495.75,0.0,0.0,0,Unknown,-0.00254557550950063,-0.0033941006793341733,0.1512241167145876,-0.0063952969504618255,-0.18312285207594678,-0.14319052484646014
PT084_P11_A04_S292,PT084,P11,1448,673780.85,0.0,0.0,3,Unknown,-0.04169822567732872,-0.00029465123752372296,-0.25723042384370437,-0.02859531664538425,-0.49961674800087164,-0.31411314152149944
PT084_P11_A06_S294,PT084,P11,524,9235.14,0.0,0.0,1,Unknown,0.15516187317650085,-0.006026862119748992,-0.08200885345585517,-0.0801448643002364,0.0055886388443201485,-0.06691437382066508
PT084_P11_A09_S297,PT084,P11,257,747.25,0.0,0.0,1,Unknown,0.0,0.0,-0.1620190341726178,-0.05779164179119794,-0.30316140787882223,-0.13454888514463167
PT084_P11_A10_S298,PT084,P11,956,3034.46,0.0,0.0,3,Unknown,-0.02915126270272472,0.0,-0.43196706842502025,0.2021519261272962,-0.5951866926846319,-0.15645135644431835
PT084_P11_A11_S299,PT084,P11,2289,188125.75,0.0,0.0,13,Unknown,-0.05860612375439626,-0.003908714970044879,-0.4264179747436237,0.05399916139375044,-0.7880950249519759,0.40227042942103924
PT084_P11_A12_S300,PT084,P11,2507,826293.41,0.0,0.0,3,Unknown,-0.05453778006563648,-0.0019549156021970845,-0.40080708972427054,0.47285368247579174,-0.3884362068886849,-0.0401908394617449
PT084_P11_B01_S301,PT084,P11,2036,720111.53,0.0,0.0,3,Unknown,0.5065557808569923,1.4182722972989181,-0.3301701117318569,-0.10535916803353566,-0.33668316290914235,0.28915687108540983
PT084_P11_B02_S302,PT084,P11,2216,807286.75,0.0,0.0,0,Unknown,-0.020060381780962793,-0.025599147400986122,-0.3145441745399849,-0.11519180949374615,-0.43595592702992564,-0.35257272182688476
PT084_P11_B03_S303,PT084,P11,1869,746073.0,0.0,0.0,3,Unknown,0.04701608948672084,0.1426263448909285,-0.402081369609115,0.610496792041444,-0.5924676663532477,-0.0506355790213891
PT084_P11_B04_S304,PT084,P11,2338,758784.02,0.0,0.0,3,Unknown,-0.061779447397317236,-0.0024650205525531222,-0.41881127514328914,0.3608666965220566,-0.5283068508894239,0.1461971612598688
PT084_P11_B05_S305,PT084,P11,2519,587906.48,0.0,0.0,3,Unknown,-0.06880807172441249,-0.0008612940522742739,-0.40438760133351653,-0.24096041806755095,-0.6466038493100222,0.2893217522591766
PT084_P11_B06_S306,PT084,P11,2686,861293.6100000001,0.0,0.0,3,Unknown,-0.03908605132708784,-0.013031094371801763,-0.39387781741935207,-0.07214234864430549,-0.6259290776519488,-0.3521106341775201
PT084_P11_B07_S307,PT084,P11,2818,821940.71,0.0,0.0,15,Unknown,-0.041523947861747665,-0.01653235520691214,-0.35153568543707364,0.029433433053265068,-0.4416493675899302,-0.3631406039904435
PT084_P11_B08_S308,PT084,P11,2741,671495.1599999999,0.0,0.0,3,Unknown,-0.051304568008235484,-0.019763141704148866,-0.47524759294617375,-0.18442570070744185,-0.719915677397767,-0.44587179361080415
PT084_P11_B09_S309,PT084,P11,2934,820336.23,0.0,0.0,3,Unknown,0.6457298332000552,0.006530001666765331,-0.3910285452112757,0.14904953638900917,-0.5872346899109435,0.5410073279679973
PT084_P11_B10_S310,PT084,P11,2204,672622.2599999999,0.0,0.0,3,Unknown,0.5923349479177236,-0.0002722037255530511,-0.39831170986739195,-0.1493425579108163,-0.5899075070140707,0.22668294065588568
PT084_P11_B11_S311,PT084,P11,2400,703582.4299999999,0.0,0.0,15,Unknown,-0.040924421267910266,-2.9341142034144895e-05,-0.3836859200782029,-0.136480446254855,-0.43102506735572343,-0.2590790912904609
PT084_P11_B12_S312,PT084,P11,2227,325980.43000000005,0.0,0.0,13,Unknown,-0.03841337971214265,-0.007952703805749443,-0.39690796970053305,-0.1220907894400455,-0.5150013172845221,-0.39298369187215154
PT084_P11_C01_S313,PT084,P11,1143,14160.550000000001,0.0,0.0,15,Unknown,-0.03165226825833865,0.0,-0.41722524855176085,-0.10136577397197734,-0.47908900903542884,0.8875161510478682
PT084_P11_C02_S314,PT084,P11,3308,1334465.48,0.0,0.0,10,Unknown,0.250969805409266,-0.020354614636136192,0.6193049818145886,-0.02096474088234543,-0.5519487341750131,0.003845732266970825
PT084_P11_C03_S315,PT084,P11,2057,389771.3,0.0,0.0,0,Unknown,0.0017521873610271688,-0.034368303050980265,-0.2092028755168223,-0.11268837856202175,-0.4420861843805383,-0.2080554312880544
PT084_P11_C04_S316,PT084,P11,3783,1258221.78,0.0,0.0,10,Unknown,0.19108141820395597,-0.02419955660274666,-0.21653523338350922,1.2324854437601949,-0.08441700862402035,0.8128139950275257
PT084_P11_C05_S317,PT084,P11,2539,601199.94,0.0,0.0,3,Unknown,-0.007591397651319744,-0.01797254638241385,-0.4321628278545022,0.6627179586801273,-0.5697705896935216,0.7226731452768963
PT084_P11_C06_S318,PT084,P11,2801,1023778.9099999999,0.0,0.0,3,Unknown,-0.019123874312505756,-0.006081064801225437,-0.3757043766627674,-0.1183653439867325,-0.5383419449868088,-0.427562195411241
PT084_P11_C07_S319,PT084,P11,2781,733862.09,0.0,0.0,3,Unknown,-0.050773419374430064,-0.003655095224092726,-0.4312804664017497,-0.05541013516775234,-0.5500182137636959,-0.340093223933193
PT084_P11_C08_S320,PT084,P11,1004,1127607.12,0.0,0.0,0,Unknown,-0.014450547818293078,-0.003109057387893829,0.40428395820539703,0.01287026455381192,-0.41444904745020494,0.011041854841877918
PT084_P11_C09_S321,PT084,P11,3015,772098.25,0.0,0.0,3,Unknown,1.2355816634525438,-0.016075523492285394,-0.3988708756664266,0.20725738191790913,-0.5781852782719424,0.6409426283399422
PT084_P11_C10_S322,PT084,P11,2787,479931.08,0.0,0.0,3,Unknown,0.5598240149370827,0.7414726158322507,-0.5147794390638053,0.2113156527580018,-0.6147562424154976,0.06107535003683501
PT084_P11_C11_S323,PT084,P11,3069,798638.15,0.0,0.0,3,Unknown,-0.046913065778461265,-0.0020812089636610713,-0.37988373367791767,-0.1400024355781198,-0.7028746024547091,0.6405098139234064
PT084_P11_D01_S325,PT084,P11,2371,671181.96,0.0,0.0,3,Unknown,-0.01325803620260647,-0.00029434685505637143,-0.4284005966147788,-0.16681604615892856,-0.6518161776143618,-0.41802862387527495
PT084_P11_D02_S326,PT084,P11,2356,682093.56,0.0,0.0,3,Unknown,0.8012606709861416,-0.0075214287874380585,-0.3866568425071357,-0.11435941878116805,-0.4884330043389513,-0.4009963412550625
PT084_P11_D03_S327,PT084,P11,2389,592588.3799999999,0.0,0.0,3,Unknown,-0.0444453553037301,-0.0014940703616739509,-0.3625528686406795,-0.0702523513752509,-0.62041827800558,0.7312260075191476
PT084_P11_D04_S328,PT084,P11,2932,513630.36,0.0,0.0,3,Unknown,0.27675016808562025,-0.011118633949657442,-0.37802695275470266,-0.15312304082559688,-0.5403146711407826,0.5784952265021672
PT084_P11_D05_S329,PT084,P11,2709,651536.97,0.0,0.0,3,Unknown,-0.07017557969207164,-0.004427873575103777,0.24395437978736778,-0.1106389401062574,-0.6871006782731829,0.49447069723889314
PT084_P11_D06_S330,PT084,P11,2730,753431.64,0.0,0.0,15,Unknown,-0.03309986530907328,0.767069401701106,-0.4551638670001648,-0.2236925417486225,-0.4192135572274423,0.11147805999914595
PT084_P11_D07_S331,PT084,P11,2433,773859.6000000001,0.0,0.0,3,Unknown,-0.04847726512197901,-0.008107270895909551,-0.46169085671017096,-0.11993396253494432,-0.7388114765146924,0.4477982458305677
PT084_P11_D08_S332,PT084,P11,2486,677336.1,0.0,0.0,3,Unknown,0.35066766020713597,-0.01809267934404711,-0.40583944567137537,-0.1384955011343467,-0.4862708876029816,0.6298844557696095
PT084_P11_D09_S333,PT084,P11,3807,1025973.8,0.0,0.0,10,Unknown,0.05166596428098372,-0.010805115199941462,0.37300969902636044,0.013422170406505868,0.2091720853846345,0.1281193460242141
PT084_P11_D10_S334,PT084,P11,2540,557323.42,0.0,0.0,3,Unknown,-0.05768118525380521,-0.023511299746596794,-0.38240933817991163,-0.17555096780179097,-0.5237372556724087,0.3044668175326723
PT084_P11_D11_S335,PT084,P11,2051,678490.5700000001,0.0,0.0,3,Unknown,-0.032084456279191195,-0.0011686562300090937,-0.41261585031566933,-0.15108781464338567,-0.6298358005389543,0.14527669493385387
PT084_P11_D12_S336,PT084,P11,2489,757762.2200000001,0.0,0.0,3,Unknown,-0.06743792561028727,-0.0024686010331685737,-0.40139419627461315,-0.16050044846894296,-0.39309826008587073,-0.34376223741805445
PT084_P11_E01_S337,PT084,P11,2845,846072.92,0.0,0.0,3,Unknown,-0.08599161892853434,-0.00018264429881714714,-0.4167492224343476,-0.16019785892592647,-0.6886380756034423,0.6779385083442231
PT084_P11_E02_S338,PT084,P11,2791,938446.4600000001,0.0,0.0,3,Unknown,0.1331804150848223,-0.022835717329962705,-0.3572033581829743,-0.01784477195702791,-0.4942616697956887,0.1649203993889104
PT084_P11_E03_S339,PT084,P11,2603,682571.42,0.0,0.0,3,Unknown,-0.0145082474745468,-0.00040150511353217983,-0.3534451033411473,-0.12947103061536944,-0.6825459993301467,0.15998247368190027
PT084_P11_E04_S340,PT084,P11,2588,553706.6699999999,0.0,0.0,3,Unknown,0.47297317833798036,-0.015245843726633446,-0.32405716501922854,0.24942958700668771,-0.46380245408190585,0.5869745890457541
PT084_P11_E05_S341,PT084,P11,2813,546973.47,0.0,0.0,15,Unknown,-0.028957535136472104,-0.0005975373501057561,-0.38465890266575825,-0.1719984114199661,-0.4059399927129665,0.19644999105966404
PT084_P11_E06_S342,PT084,P11,2859,611586.93,0.0,0.0,3,Unknown,-0.04097424388401553,-0.009770008879168592,-0.38589597017709926,-0.1830131725514251,-0.6163071442129194,0.6606193276447088
PT084_P11_E07_S343,PT084,P11,2950,815878.6399999999,0.0,0.0,3,Unknown,0.5686861289554999,-0.005863087241523844,-0.3294978219185613,-0.0840234758183898,-0.5696556641062078,0.1350885957471164
PT084_P11_E08_S344,PT084,P11,2886,519795.0,0.0,0.0,3,Unknown,-0.06853629854130333,-0.04109170356268398,-0.37173732175803104,0.43907372625864277,-0.5730633534075371,0.8097036824470569
PT084_P11_E09_S345,PT084,P11,2883,631244.35,0.0,0.0,3,Unknown,-0.055157501808774184,-0.00020438394413292273,-0.4332902076632917,-0.12564564694966954,-0.6884912130280614,-0.4569763777047849
PT084_P11_E10_S346,PT084,P11,921,765076.17,0.0,0.0,0,Unknown,-0.0001947886634611723,0.0,-0.19508156724019268,-0.05081455877821831,-0.36947649072648703,0.49164782359159853
PT084_P11_E11_S347,PT084,P11,3554,969838.87,0.0,0.0,10,Unknown,0.30687691303987863,-0.030238988378910356,-0.3892863143104494,-0.18363407249518102,-0.6357086410461139,0.491162835197975
PT084_P11_E12_S348,PT084,P11,2381,626728.51,0.0,0.0,3,Unknown,-0.019321477937240393,0.5429856918573611,-0.39183502174434875,-0.09246204143217363,-0.4309255054061676,-0.3509523705431757
PT084_P11_F01_S349,PT084,P11,2503,736119.06,0.0,0.0,3,Unknown,0.2022657916001254,-0.008064474590242121,-0.44198938384322034,-0.09984352089888612,-0.5371655826194899,0.386077593049779
PT084_P11_F02_S350,PT084,P11,2299,815178.91,0.0,0.0,15,Unknown,-0.028388714083183483,-0.00023967942355823373,-0.3985362940973918,-0.09369213823306319,-0.4259090070721616,-0.152889304683436
PT084_P11_F03_S351,PT084,P11,2058,539955.01,0.0,0.0,3,Unknown,-0.039338953761086766,0.4718124656273955,-0.38788659746987114,-0.09218021863106503,-0.5314301603817835,0.09261716564327599
PT084_P11_F04_S352,PT084,P11,2454,759360.79,0.0,0.0,3,Unknown,-0.025849163001577483,-0.00021331999713441552,-0.4275000563143896,-0.11532431460391228,-0.5045499343298393,0.035409374336249355
PT084_P11_F05_S353,PT084,P11,2263,265662.75,0.0,0.0,3,Unknown,-0.043287437503052265,-0.00048783543038693285,-0.19472141170143403,-0.14524896294732884,-0.3455298939995114,-0.28584822327582754
PT084_P11_F06_S354,PT084,P11,3103,827404.41,0.0,0.0,15,Unknown,-0.04738376619503549,-0.03376082772272813,-0.42862626210386495,-0.14441763728520074,-0.5912979812776963,0.3770326896270821
PT084_P11_F07_S355,PT084,P11,2826,604396.56,0.0,0.0,3,Unknown,-0.030785700353690375,-0.0023458393609543165,-0.3483813318823573,0.28632142182061704,-0.5016405236023642,0.12949999101803156
PT084_P11_F08_S356,PT084,P11,2389,599214.8500000001,0.0,0.0,3,Unknown,-0.06859934804197398,-0.01887800818813426,-0.318746264998692,-0.1553976422127965,-0.5628652195897202,0.2813156753346855
PT084_P11_F09_S357,PT084,P11,2748,693570.0,0.0,0.0,15,Unknown,-0.042009664235249024,-0.009072453755324183,-0.39017067162247765,-0.1615393092713955,-0.5342912620920486,-0.40301229053434967
PT084_P11_F10_S358,PT084,P11,2393,531635.95,0.0,0.0,3,Unknown,-0.06923287941939772,-0.016222241501263966,-0.3912285394258457,-0.15909841857831306,-0.41374367747912255,-0.46858025941208203
PT084_P11_F11_S359,PT084,P11,2350,766747.5800000001,0.0,0.0,3,Unknown,-0.05604878631441434,-0.0002591557182411439,-0.40895869315785904,-0.14986579164305297,-0.455633062064161,0.23999054018904825
PT084_P11_F12_S360,PT084,P11,3320,1085695.2,0.0,0.0,10,Unknown,0.3471685155214958,-0.009495209335202839,-0.2740262389864002,-0.16200042093185416,-0.29141758145862023,-0.4838031851713951
PT084_P11_G01_S361,PT084,P11,1842,530712.22,0.0,0.0,3,Unknown,-0.026979982913465636,-0.0008468524677724828,-0.2795997098172473,-0.132652527794725,-0.36620330765254516,0.3569366891928625
PT084_P11_G02_S362,PT084,P11,494,501182.57999999996,0.0,0.0,0,Unknown,-0.01252769518588459,-0.03655707099882286,1.1412593675758433,-0.029258008954841853,0.48669597573519174,-0.25062902514911695
PT084_P11_G03_S363,PT084,P11,2164,546814.3099999999,0.0,0.0,15,Unknown,-0.010223748200468546,0.0,-0.37820420284831896,-0.09887034729106901,-0.5338187599247448,-0.2274146856840302
PT084_P11_G04_S364,PT084,P11,2785,665315.35,0.0,0.0,3,Unknown,-0.025401028659619386,-0.020187676040917583,-0.42021395649232113,-0.07283900643947035,-0.6836352294170754,0.4062279003071969
PT084_P11_G05_S365,PT084,P11,3455,786340.8499999999,0.0,0.0,10,Unknown,0.353164620594449,-0.020146373168539886,-0.4192735398414144,0.16963125947168167,-0.632929525201341,0.34091802097898993
PT084_P11_G06_S366,PT084,P11,2266,549606.5900000001,0.0,0.0,3,Unknown,-0.018490117129361855,0.5123385927329104,-0.35317087850225154,-0.0875973017335212,-0.5737283331983892,0.20007195581811743
PT084_P11_G07_S367,PT084,P11,2376,764226.99,0.0,0.0,3,Unknown,0.2672614387870399,-0.0017432526506714063,-0.3243274394319631,-0.07445644064316825,-0.5204782106864151,-0.38486215653261935
PT084_P11_G08_S368,PT084,P11,2252,498508.91,0.0,0.0,0,Unknown,-0.03526350730638383,-0.010802870380300927,-0.30817978793353196,1.342361808411431,-0.44365786200338425,-0.3460682313783801
PT084_P11_G09_S369,PT084,P11,1946,449657.88,0.0,0.0,3,Unknown,0.3592740499444747,-0.0005833892079307014,-0.25947855707413425,0.8477390519097441,-0.3981349472834198,0.3758474126416336
PT084_P11_G10_S370,PT084,P11,2185,294017.72000000003,0.0,0.0,0,Unknown,-0.05655021638680359,-0.01818225893017739,-0.19883272904946117,0.7380251306805939,-0.3306264266442809,-0.17947789725195398
PT084_P11_G11_S371,PT084,P11,2156,544519.12,0.0,0.0,3,Unknown,0.5806336178236068,0.09449471148385011,-0.42804397215099305,-0.08639926118866283,-0.41508886713558973,0.17687900512034282
PT084_P11_G12_S372,PT084,P11,2324,525464.3099999999,0.0,0.0,3,Unknown,0.49413879934032456,-0.016911252995736998,-0.37324473199488406,-0.0871013791212162,-0.5462458700538949,-0.4237336857516955
PT084_P11_H01_S373,PT084,P11,2566,607159.31,0.0,0.0,15,Unknown,-0.05199904974142028,-0.016156829705324012,-0.349054440008424,-0.13280562880536617,-0.5713120946734793,0.23059890666723737
PT084_P11_H02_S374,PT084,P11,2005,196426.93,0.0,0.0,13,Unknown,-0.06434094932651963,-0.01546664784871636,-0.4315184255549456,-0.22194178189476327,-0.6189791431346524,0.09571920476709461
PT084_P11_H03_S375,PT084,P11,3084,1116301.67,0.0,0.0,10,Unknown,0.021565930873848185,-0.040055087773793824,-0.41952587121856993,0.21022043247565708,-0.7015169895988165,0.10808987363503264
PT084_P11_H04_S376,PT084,P11,2360,522341.94999999995,0.0,0.0,3,Unknown,-0.03124730716429437,-0.0021250399247288066,-0.3447161381228274,-0.1290482297915099,-0.34590689030515087,0.20046918172679035
PT084_P11_H05_S377,PT084,P11,2202,90084.87,0.0,0.0,13,Unknown,-0.06663394026667226,-0.014452990854112346,-0.3090459681829769,-0.046303786206188136,-0.6286456797177244,0.05262734905713595
PT084_P11_H06_S378,PT084,P11,2725,513754.91000000003,0.0,0.0,3,Unknown,-0.005636991355779192,-0.010687856133425837,-0.41485517506773517,-0.08545570122447409,-0.5842125559116017,0.2897447374554067
PT084_P11_H07_S379,PT084,P11,4943,1443748.9,0.0,0.0,10,Unknown,0.04273994964862558,-0.023371761920343,-0.4312153796642966,-0.2740664285420638,-0.972666525675324,0.8385688477807626
PT084_P11_H08_S380,PT084,P11,2010,653450.74,0.0,0.0,3,Unknown,0.33803392292690093,0.6733439896004818,-0.35281286472190493,-0.08952213290551247,-0.5319260087360071,0.2672847059142498
PT084_P11_H09_S381,PT084,P11,2538,814864.6200000001,0.0,0.0,3,Unknown,-0.03820788607385182,-0.00040478808166637494,-0.4812110631795575,-0.1234133488059712,-0.5076593698032578,-0.36289921539134806
PT084_P11_H10_S382,PT084,P11,2444,675628.73,0.0,0.0,3,Unknown,-0.027376549030678737,-0.01785502196732004,-0.38333411199984313,-0.09937788120931235,-0.5239427504829217,0.1964290724165057
PT084_P11_H11_S383,PT084,P11,2119,926831.37,0.0,0.0,3,Unknown,-0.042810735957852265,-0.019151909614243914,-0.342723462348545,-0.0947050804289839,-0.4757783651225603,0.8843696300803576
PT084_P11_H12_S384,PT084,P11,2358,609825.56,0.0,0.0,3,Unknown,-0.019937987257519944,-0.004346922942643274,-0.3788738132709976,0.14205939528857747,-0.4874262959104857,0.4366573176351187
PT084_P1_D10,PT084,P1,3347,1598714.01,0.0,0.0,6,Unknown,-0.004429367509696349,-0.04710440739081901,0.6912860375833644,-0.1395163850037866,-0.6038747801696582,0.142185533223384
PT084_P1_D11,PT084,P1,3294,1597381.71,0.0,0.0,2,Unknown,-0.01350005057555191,-0.00964108739726265,-0.04307044771440738,-0.10198893102260362,-0.7423847520308704,0.12724579170689354
PT084_P1_D12,PT084,P1,3033,1689876.29,0.0,0.0,2,Unknown,-0.018754460355114168,-0.00014478219419096809,-0.22114078647973362,-0.07493924182970059,-0.8690598585378634,0.8296817809059573
PT084_P1_E01,PT084,P1,3189,1425774.3599999999,0.0,0.0,2,Unknown,-0.03045254958093436,-0.005531304525768547,0.6001121091757515,-0.10560614449413018,-0.8327237209089082,0.16017457481227015
PT084_P1_E02,PT084,P1,3997,1939241.31,0.0,0.0,2,Unknown,-0.08545631391331171,-0.020202474251269253,-0.11911480283744202,-0.18980005216501966,-0.9493194098986097,0.5953087341544164
PT084_P1_E03,PT084,P1,3183,1473512.65,0.0,0.0,7,Unknown,-0.06632343980126396,-0.0005981592156305047,0.025240372577824022,-0.1737012238738948,0.9157184057604062,-0.4422404299645715
PT084_P1_E04,PT084,P1,2902,910105.1599999999,0.0,0.0,2,Unknown,-0.010490151404725735,-0.018790807737776725,0.48898601143247045,-0.1895877911767601,-0.6940423421671373,0.2963478747568882
PT084_P1_E05,PT084,P1,2965,1540745.6099999999,0.0,0.0,7,Unknown,-0.024790528045837826,-0.0002747026044401347,0.11904085485623755,0.19769987316541238,0.9418066040653479,0.5557617346069391
PT084_P8_A01_S193,PT084,P8,2290,215377.23000000004,0.0,0.0,13,Unknown,-0.005115727039436654,-0.0012657127812356378,-0.35638561797364826,0.07436468422730733,-0.45970064490297247,-0.3260907063878675
PT084_P8_A03_S195,PT084,P8,307,1620.71,0.0,0.0,0,Unknown,-0.027902662077353976,-0.019931633924481593,0.3600898181513309,-0.03939849052539823,-0.1973136760556118,-0.14157897948041584
PT084_P8_A05_S197,PT084,P8,1983,962256.1,0.0,0.0,5,Unknown,-0.056156556141173875,-0.004521348256962103,0.4612498315330705,-0.23632352986742053,-0.6947922155613955,0.9909030572734214
PT084_P8_A06_S198,PT084,P8,3683,1022832.3500000001,0.0,0.0,5,Unknown,-0.0905801609999113,-0.01164252499107568,0.4731262112258522,-0.24537323129414162,-0.9907471042146108,0.1396745311860137
PT084_P8_A08_S200,PT084,P8,4665,762220.1499999999,0.0,0.0,7,Unknown,-0.07460907520836037,-0.014196830413861194,1.0138996062033439,-0.18283459801209356,1.6831731730669175,0.006233752773010193
PT084_P8_A10_S202,PT084,P8,6382,727447.04,0.0,0.0,5,Unknown,-0.09470343039411741,-0.02103225906413846,0.4086944530494184,-0.2718928273555438,-1.1045038073951812,0.40699356088219474
PT084_P8_A11_S203,PT084,P8,3161,649590.38,0.0,0.0,5,Unknown,-0.07700136355302487,-0.01999240875163262,0.4817545974725086,-0.1672778414401201,-0.8666882754497773,0.8139064281423134
PT084_P8_B01_S205,PT084,P8,3252,906839.15,0.0,0.0,9,Unknown,-0.04737185829726523,-0.021132566751349943,0.4958366454073739,-0.1754270305447565,3.509227649559489,0.3624181955124386
PT084_P8_B02_S206,PT084,P8,4348,311917.45999999996,0.0,0.0,5,Unknown,-0.09150335507300217,-0.028195452683089494,0.38511765495739503,-0.24388620631515015,-0.8090944961861822,0.17951697194642668
PT084_P8_B03_S207,PT084,P8,3295,686004.85,0.0,0.0,7,Unknown,-0.0732807590208413,-0.014841829274098798,0.41225993440696956,-0.14013186946915154,1.7445312635486714,0.00350004612089877
PT084_P8_B04_S208,PT084,P8,259,162689.04,0.0,0.0,0,Unknown,0.0,0.0,0.9872649194156515,-0.005364231134064476,-0.2504770189324293,-0.15484183925775083
PT084_P8_B05_S209,PT084,P8,3718,666541.5900000001,0.0,0.0,5,Unknown,-0.07202303650050407,-0.03442329755804973,0.8556152955945397,-0.20374984485833544,-0.8239114750543676,0.5501346434107256
PT084_P8_B06_S210,PT084,P8,5533,804030.1499999999,0.0,0.0,5,Unknown,-0.1396264995510715,-0.0232162310616746,0.23149530963245446,-0.2493560352173254,-0.6821175289062225,-0.17221420192049847
PT084_P8_B07_S211,PT084,P8,2704,177080.21,0.0,0.0,13,Unknown,-0.05034669835693933,-0.007080585421677927,-0.2535599676892315,-0.1787891350657797,-0.683194051628082,0.22318875085886353
PT084_P8_B08_S212,PT084,P8,3714,618056.91,0.0,0.0,6,Unknown,-0.08638921445643731,-0.015697211161425854,-0.509780591753165,-0.1298159961266204,-0.6521188076420075,0.3974400427143706
PT084_P8_B10_S214,PT084,P8,2149,80591.54000000001,0.0,0.0,1,Unknown,-0.06919201704047336,-0.03200120497381251,-0.23407513524843143,-0.1395555087974286,-0.32868578563725803,-0.19470029799886276
PT084_P8_B11_S215,PT084,P8,5675,345944.4,0.0,0.0,5,Unknown,-0.10314854891105094,-0.0299324189090363,-0.14914764403761532,-0.020900197967127332,-0.35156270407025847,0.3100116979779449
PT084_P8_B12_S216,PT084,P8,4352,578068.1000000001,0.0,0.0,6,Unknown,-0.09068235669704078,-0.026110711298928033,-0.056006330635388735,-0.21140221330902065,-0.6767027018386417,0.4771450861663422
PT084_P8_C01_S217,PT084,P8,413,120169.98,0.0,0.0,7,Unknown,-0.0003958268640998722,0.0,0.39151771926498274,-0.06973409212128218,0.5202963536715022,-0.1839978995909245
PT084_P8_C02_S218,PT084,P8,1163,186721.56,0.0,0.0,5,Unknown,-0.03553444909076988,0.0,0.788843063711932,-0.13314335668868676,-0.4795439846101812,-0.10288287980874905
PT084_P8_C03_S219,PT084,P8,6014,929944.97,0.0,0.0,5,Unknown,-0.10004125917359008,0.005209630665369634,0.07843853604440942,-0.2577836577356385,-0.6130662756022486,0.5864509910201396
PT084_P8_C04_S220,PT084,P8,5080,680664.13,0.0,0.0,5,Unknown,-0.07191836030444594,-0.013428667149555441,0.10011130696746773,-0.27078165367410695,-0.6756092505843351,0.17280835387578064
PT084_P8_C05_S221,PT084,P8,2105,584756.51,0.0,0.0,5,Unknown,-0.07641096216372537,-0.010407381359507575,0.24222792249287872,-0.12018818655798325,-0.7729459956544121,0.5103142649432483
PT084_P8_C06_S222,PT084,P8,3548,254376.46999999997,0.0,0.0,0,Unknown,-0.07568236098216895,-0.009104480280212662,-0.3577095464341883,-0.1893704692312591,-0.5498066910830519,-0.04279632672257838
PT084_P8_C07_S223,PT084,P8,4538,722207.06,0.0,0.0,7,Unknown,-0.05825473637815306,-0.02654464526965649,0.5369561617226559,-0.08210574914522081,4.5065286743509985,0.21479914918456466
PT084_P8_C08_S224,PT084,P8,5885,670502.52,0.0,0.0,5,Unknown,-0.08924727454598906,-0.014573591346295286,0.4003120169087846,-0.1980754420259701,-1.0244519224378508,0.57004619547886
PT084_P8_C09_S225,PT084,P8,1521,33023.59,0.0,0.0,1,Unknown,-0.030463845542637844,-0.011729514894083973,-0.14269921667173713,-0.14231780940498884,-0.3076520077930223,-0.054607444441090724
PT084_P8_C10_S226,PT084,P8,3158,800814.3200000001,0.0,0.0,3,Unknown,0.3009897179947786,-0.04076132581004277,-0.4811326221470362,-0.14803068096071462,-0.6757845750791347,0.49147813169874016
PT084_P8_C11_S227,PT084,P8,2998,165366.98,0.0,0.0,13,Unknown,-0.0769120810575791,-0.013943732028563072,-0.4304040411383506,-0.17986148903154633,-0.6379592610507414,0.050546193456750654
PT084_P8_C12_S228,PT084,P8,3231,1064573.52,0.0,0.0,5,Unknown,-0.07078311908880966,-0.012272730099272109,0.5100557589434629,-0.17140766395874787,-0.8417828237716632,0.46304692134316816
PT084_P8_D01_S229,PT084,P8,4917,823439.8,0.0,0.0,5,Unknown,-0.10348063265860194,-0.02292550150484216,0.11704264011873655,-0.2663354519090221,-0.718722128086471,0.59047191827752
PT084_P8_D02_S230,PT084,P8,2715,164687.46000000002,0.0,0.0,9,Unknown,-0.042451881075285997,-0.019032403934307142,1.3155732754166143,-0.014642312325940543,3.170883195379947,-0.550329826107662
PT084_P8_D03_S231,PT084,P8,356,12771.01,0.0,0.0,0,Unknown,-0.004711832622853311,-0.006282443497137747,-0.12803148990113117,-0.0077108063621818615,-0.14550285105869587,0.017849800506779145
PT084_P8_D04_S232,PT084,P8,742,218172.09,0.0,0.0,13,Unknown,-0.025225352769941662,0.0,-0.215821478215895,-0.05435388182215335,-0.409909577686934,-0.176352875722555
PT084_P8_D05_S233,PT084,P8,5226,729006.48,0.0,0.0,5,Unknown,-0.07387961848486398,-0.017205217068833184,0.4240746998689545,-0.21790766307657072,-0.7114247739266363,0.4490000176099511
PT084_P8_D06_S234,PT084,P8,4909,311265.78,0.0,0.0,5,Unknown,-0.0881425218894993,-0.025379860414827694,0.5956508109052145,0.06710221926391943,-0.9066918611740578,0.2483805593063687
PT084_P8_D07_S235,PT084,P8,2753,854745.8599999999,0.0,0.0,5,Unknown,-0.04664512917035221,0.15246548411825697,-0.4568953908934152,-0.1934171923861528,-0.9771811704023095,0.5240839668986363
PT084_P8_D08_S236,PT084,P8,2914,532707.25,0.0,0.0,6,Unknown,-0.07134777935522045,-0.016108285762824887,0.016556551160668842,-0.20388738018988373,-0.6844202136870815,0.5909073065596211
PT084_P8_D10_S238,PT084,P8,5667,1133003.93,0.0,0.0,6,Unknown,-0.11958805760310984,-0.028903286758575113,-0.22097945725564977,-0.205801075768327,-0.7109576754007456,0.49428171375286356
PT084_P8_D11_S239,PT084,P8,3777,752587.8500000001,0.0,0.0,7,Unknown,-0.09730897865832747,-0.029637446415991472,0.31151551130027433,-0.10024392742796163,0.9792319941416281,0.3699356279509378
PT084_P8_D12_S240,PT084,P8,2434,542830.03,0.0,0.0,7,Unknown,-0.0586410734074663,-0.005503190055414742,-0.3979726161125208,0.3225326734910494,-0.5534156211609522,0.2652105356314344
PT084_P8_E01_S241,PT084,P8,4003,990454.3099999999,0.0,0.0,6,Unknown,-0.10337774789391112,-0.050833758484654816,-0.5379752968279686,-0.20776800123562067,-0.8669881755852749,0.5952759444468778
PT084_P8_E02_S242,PT084,P8,396,550.0,0.0,0.0,0,Unknown,0.0,0.0,-0.19624734563445922,-0.07877234295140523,-0.3703414780994291,0.4845640365231204
PT084_P8_E03_S243,PT084,P8,4805,485489.66,0.0,0.0,5,Unknown,-0.06297996767018031,-0.0322305411652232,0.46713539459163195,-0.17161219847431092,-0.37117119403474985,0.4304318649402724
PT084_P8_E04_S244,PT084,P8,4112,902337.3,0.0,0.0,5,Unknown,-0.1080559130877589,-0.0283426312736281,-0.10431076413937368,-0.03834181909730938,-0.8827183848385536,0.054540285748234774
PT084_P8_E05_S245,PT084,P8,762,1131.9,0.0,0.0,0,Unknown,-0.022859172238553084,0.0,0.6339679778545828,0.5074898176371594,-0.5211236457308225,-0.28591370475568867
PT084_P8_E06_S246,PT084,P8,2602,370245.13,0.0,0.0,7,Unknown,-0.043663316936891905,-0.024737043799154115,-0.4559160856899186,-0.22623601657396103,4.264878593378447,-0.3933936533039676
PT084_P8_E07_S247,PT084,P8,3797,745775.3300000001,0.0,0.0,6,Unknown,-0.09434644873512607,-0.03449563238150874,-0.1401827727510787,-0.139266974185875,-0.6935436764707349,0.6306344583283744
PT084_P8_E08_S248,PT084,P8,2083,768973.4299999999,0.0,0.0,5,Unknown,-0.0664066283719756,-0.011645283231686485,0.37989295386627997,0.022523239564214786,-0.7013231827809734,0.42191693989062307
PT084_P8_E09_S249,PT084,P8,3401,930639.41,0.0,0.0,5,Unknown,-0.04649729375663627,-0.010623068993471823,0.23018822051613985,-0.16241316532748404,-0.7964822504839859,0.4316107334398084
PT084_P8_E10_S250,PT084,P8,2717,500483.67,0.0,0.0,6,Unknown,-0.04310107194376351,-0.02225104646681699,-0.38812896183991635,-0.15032774121180345,-0.5975284456082767,0.28276700166992164
PT084_P8_E11_S251,PT084,P8,1884,314890.61,0.0,0.0,0,Unknown,-0.01221541814986878,-0.007413565228151855,-0.16715577585272645,-0.08090257841621437,-0.6252222870764625,1.3430140995408002
PT084_P8_E12_S252,PT084,P8,4799,762125.3600000001,0.0,0.0,5,Unknown,-0.0779777145942107,-0.009352477108278766,0.29590836795078435,-0.17028661442692478,-0.7995802907968274,0.6517665750700815
PT084_P8_F01_S253,PT084,P8,3094,751613.82,0.0,0.0,6,Unknown,-0.060808384663640205,-0.023550934085577367,-0.4068261844582934,-0.18571723641067617,-0.6570674957084143,0.6317394304990729
PT084_P8_F02_S254,PT084,P8,1789,591803.21,0.0,0.0,0,Unknown,-0.024795431177300768,-0.010938732786330707,0.17825141088379282,-0.13083129333560456,-0.6828756420742758,-0.3792860471080134
PT084_P8_F03_S255,PT084,P8,992,200230.38999999998,0.0,0.0,13,Unknown,-0.025702794944757305,-0.02821688754631553,-0.22181325359410067,-0.036235172230420165,-0.17309829265864726,0.2587036349103211
PT084_P8_F04_S256,PT084,P8,680,437136.27,0.0,0.0,3,Unknown,-0.044419009177411324,-0.006927848428757826,-0.20010089108031728,0.5605640970332102,-0.3073140968862812,-0.2509139378487031
PT084_P8_F05_S257,PT084,P8,2867,865292.7,0.0,0.0,9,Unknown,-0.051510932619012184,-0.013602971893535619,0.619623078286681,-0.057625414620302046,4.356159782113209,-0.11186165015280258
PT084_P8_F06_S258,PT084,P8,2463,524666.3300000001,0.0,0.0,7,Unknown,-0.031873599165338516,-0.04475323886279824,0.3131942007845343,-0.21928289329114029,2.3277562928195183,-0.3340795167582444
PT084_P8_F07_S259,PT084,P8,5485,821868.33,0.0,0.0,5,Unknown,-0.08637184445249498,-0.016045297027529902,0.5761171938150972,-0.2481449428838959,-0.8548861564261927,0.507749369486516
PT084_P8_F08_S260,PT084,P8,2855,675454.3700000001,0.0,0.0,6,Unknown,-0.06094522319946629,-0.009099635972409021,-0.3545631324931224,-0.1718891664835178,-0.3243330010600528,0.07652533506496356
PT084_P8_F09_S261,PT084,P8,3469,840911.14,0.0,0.0,6,Unknown,-0.0809220213032238,-0.010724712579788935,-0.13537080191873407,-0.15084695112951657,-0.22058422228310648,0.16795164903638793
PT084_P8_F10_S262,PT084,P8,266,438.0,0.0,0.0,0,Unknown,-0.031709893618269126,-0.021139929078846084,-0.2786810566604388,-0.08455971631538434,-0.32491684129000764,-0.24557775775886748
PT084_P8_F11_S263,PT084,P8,549,800.0,0.0,0.0,0,Unknown,-0.03904034528166576,0.0,-0.3402437995625523,-0.07639151531751259,0.827405621438991,-0.34466711063470157
PT084_P8_F12_S264,PT084,P8,1633,125514.73999999999,0.0,0.0,13,Unknown,-0.06681296405203588,0.0,-0.3212557299167661,-0.020257078691728367,-0.32680243534287784,-0.3157412305060509
PT084_P8_G01_S265,PT084,P8,2894,1054949.72,0.0,0.0,9,Unknown,-0.0721726758335664,-0.0030338067181955417,0.5700908976926797,-0.1762325619243571,2.8114904290504947,0.25491848081716745
PT084_P8_G02_S266,PT084,P8,4898,398278.19000000006,0.0,0.0,5,Unknown,-0.07211846509667974,-0.009125413062564446,0.11199881695579872,-0.20716214897332044,-0.7923428238083555,0.5119833890142729
PT084_P8_G03_S267,PT084,P8,3941,946023.5,0.0,0.0,6,Unknown,-0.04210426513723909,-0.021321892147307876,0.7481686943439797,-0.05079046604763754,-0.7475532147504791,0.5340783972257336
PT084_P8_G05_S269,PT084,P8,1805,745064.11,0.0,0.0,5,Unknown,-0.04807547337539374,-0.005079422520051288,0.3912576314151906,-0.1545507769441275,-0.6632837069302756,0.8139255621545449
PT084_P8_G06_S270,PT084,P8,2321,962319.48,0.0,0.0,5,Unknown,-0.03867934262349397,-0.025613581786636076,-0.01947213851808649,-0.1637183658621304,-0.7490767888728633,0.05428455634749735
PT084_P8_G07_S271,PT084,P8,2408,371777.33999999997,0.0,0.0,7,Unknown,-0.011176515883303555,-0.011048699357378181,0.6252355508512565,-0.08616530582795005,4.103749398790181,-0.3146748168402607
PT084_P8_G09_S273,PT084,P8,1218,654056.82,0.0,0.0,0,Unknown,-0.007941326939103644,0.0,0.012137926448758551,-0.04439103388526779,-0.5553570282905406,0.2541248081159636
PT084_P8_G10_S274,PT084,P8,3454,949320.95,0.0,0.0,6,Unknown,-0.1056317575384349,-0.05161617627308325,-0.5041966890035804,-0.16220210654456213,-0.6942344440995808,0.44206535980284395
PT084_P8_G11_S275,PT084,P8,4535,659218.31,0.0,0.0,5,Unknown,-0.08248324531578456,-0.02360046718999485,0.06229189231792909,-0.24552004551753437,-0.9327070819016292,0.6799778066585548
PT084_P8_G12_S276,PT084,P8,1791,322001.22,0.0,0.0,3,Unknown,-0.025098746750070042,-0.006452927114031891,-0.3755514878147809,-0.1345917287824727,-0.424825136545431,-0.41943297578859357
PT084_P8_H01_S277,PT084,P8,3673,927167.55,0.0,0.0,5,Unknown,-0.07511247341571826,-0.0069925972303830275,0.05456470696393051,-0.20572393469542136,-0.9031147005617777,-0.028033714566266132
PT084_P8_H02_S278,PT084,P8,3015,438670.26,0.0,0.0,5,Unknown,-0.054375041677003105,-0.00015026810497888255,0.6626836130208693,-0.24113266490529497,-1.0022971349104832,0.4824522922674758
PT084_P8_H03_S279,PT084,P8,3021,933668.6,0.0,0.0,9,Unknown,-0.03878601657716101,-0.0008308176082541482,0.16072566447257625,0.039170931820109195,3.6144078070702133,0.19673837397711158
PT084_P8_H04_S280,PT084,P8,2598,737420.46,0.0,0.0,7,Unknown,-0.05948397797601447,-0.02974930898737989,-0.4625453616923902,-0.12557619020132044,0.23483923011440921,0.11545674288340302
PT084_P8_H05_S281,PT084,P8,384,1640.08,0.0,0.0,0,Unknown,-0.01959709293997725,0.0,0.2968194531954451,-0.09044076288535803,1.1612628807083123,0.17446821270180957
PT084_P8_H06_S282,PT084,P8,5405,823128.1399999999,0.0,0.0,5,Unknown,-0.08005915427756144,-0.016272627300366976,0.13403414369196998,0.2524032328509644,-0.9768281065743952,0.3214124007402619
PT084_P8_H07_S283,PT084,P8,3161,883550.11,0.0,0.0,6,Unknown,-0.0642251209620984,-0.015419472655362271,-0.2817053713030625,-0.016048464720148592,-0.37898299898284005,0.4932651461784004
PT084_P8_H08_S284,PT084,P8,2810,949390.34,0.0,0.0,9,Unknown,-0.056917329618541034,-0.013185238241708717,0.33728350449982036,-0.19282681293425527,3.601508423546932,0.3387435035317985
PT084_P8_H09_S285,PT084,P8,302,108656.91,0.0,0.0,0,Unknown,0.0,0.0,1.050776473554547,-0.003110597899969581,-0.16799151304235044,0.6723452891809032
PT084_P8_H10_S286,PT084,P8,629,437655.34,0.0,0.0,0,Unknown,-0.005319300339992189,0.0,1.50854868286868,-0.018153027870937873,-0.33113336587178355,-0.29071958279474397
PT084_P8_H11_S287,PT084,P8,3760,477098.0,0.0,0.0,5,Unknown,-0.08156809828897313,-0.023227672273307506,0.13768447492856795,-0.16498730981850546,-0.8441452034357444,0.03584624639640155
PT084_P8_H12_S288,PT084,P8,2804,812141.53,0.0,0.0,9,Unknown,-0.04091110626470128,-0.010872395584659076,1.086546619366221,-0.17822166839122414,3.3145560857247247,0.2041436739458664
PT126_P3_A01_S1,PT126,P3,3045,492359.25,0.0,0.0,0,Unknown,-0.020527602812232534,0.01295083346408617,-0.23092066696834543,0.5916572792558521,-0.5524584304178771,-0.3141339851629827
PT126_P3_A02_S2,PT126,P3,538,1575.4099999999999,0.0,0.0,1,Unknown,-0.046476879483758185,-0.013295783097667248,-0.17672813304943755,-0.09364966034782309,-0.2891692014113111,-0.187669083523803
PT126_P3_A03_S3,PT126,P3,2912,901455.7599999999,0.0,0.0,9,Unknown,-0.07701977115441178,-0.0018259120954957017,0.4506486494938478,-0.17773640040176036,3.422465630298494,-0.4508580755464417
PT126_P3_A04_S4,PT126,P3,956,4805.24,0.0,0.0,1,Unknown,0.15331630183167966,-0.03020637907341607,-0.18261400900539265,-0.18657954408325036,-0.1048638754273657,-0.11461213115558153
PT126_P3_A05_S5,PT126,P3,1253,328348.65,0.0,0.0,8,Unknown,-0.0059662275334797284,-0.008290142949023561,-0.21882473149427317,0.6268759279577896,-0.445836166729912,0.3919829699974154
PT126_P3_A06_S6,PT126,P3,4096,1031744.9800000001,0.0,0.0,6,Unknown,-0.08552520804068511,-0.015321651427577288,0.26405839471079406,-0.14129293137226442,-0.39480459799598333,0.019982964838549444
PT126_P3_A07_S7,PT126,P3,1481,225648.60000000003,0.0,0.0,8,Unknown,-0.023499132214859532,0.0,-0.19578872189269553,-0.046255805168460236,-0.3785174590491866,-0.14351586853944384
PT126_P3_A08_S8,PT126,P3,962,6356.0599999999995,0.0,0.0,1,Unknown,-0.053566751062958905,0.0,-0.14401320547802662,-0.17925443009788247,-0.3174631492707681,-0.13730956272952158
PT126_P3_A09_S9,PT126,P3,909,22634.11,0.0,0.0,1,Unknown,-0.011824053634421395,-0.007866779032444735,-0.12778288324033998,-0.09826517749750123,-0.2550615056180791,-0.10156728528738626
PT126_P3_A10_S10,PT126,P3,1256,216585.81,0.0,0.0,0,Unknown,-0.05547783150927388,-0.0003009127021226832,-0.1883575287626936,-0.010562577118783556,-0.4614310864651891,-0.2285758967457936
PT126_P3_A11_S11,PT126,P3,1303,495878.53,0.0,0.0,8,Unknown,-0.04413250939956494,-0.030566332960480877,-0.2926982441100289,-0.032821492082160404,-0.5098838784177226,-0.30314354628685747
PT126_P3_B01_S13,PT126,P3,955,4000.6600000000008,0.0,0.0,1,Unknown,-0.050246521345994354,0.0,-0.16239828668347403,-0.22831986877872248,-0.3394385787805013,-0.1064895751882007
PT126_P3_B02_S14,PT126,P3,780,3006.59,0.0,0.0,1,Unknown,-0.015977186310049435,0.0,-0.1615795328602207,-0.2253528088817526,-0.2312025132296975,0.19379659630725693
PT126_P3_B03_S15,PT126,P3,1082,25711.43,0.0,0.0,1,Unknown,0.04198522500587719,0.0,-0.1571976852429501,-0.11246791438330005,-0.2044175000143831,-0.07863312517459253
PT126_P3_B04_S16,PT126,P3,5543,1136540.83,0.0,0.0,8,Unknown,-0.13382647414997315,-0.009325543651378429,-0.49907281441248313,-0.3251262889031312,-1.0385568735663895,0.9986648690088877
PT126_P3_B05_S17,PT126,P3,1649,274612.52,0.0,0.0,0,Unknown,-0.053462524497760136,-0.019236093905338952,-0.19546152186468724,-0.12808148372236203,-0.3682149872935669,1.1853519618366177
PT126_P3_B06_S18,PT126,P3,3329,1329833.88,0.0,0.0,8,Unknown,-0.05168191859553734,-0.010134158772907681,-0.21041278679325254,-0.17218873400888077,-0.9994584896585836,0.49380434328867706
PT126_P3_B07_S19,PT126,P3,2441,329564.68000000005,0.0,0.0,0,Unknown,-0.004629455132667024,-0.003040054581873202,0.4483292879100603,-0.05738763950600436,-0.2503828785691274,0.6298279677884869
PT126_P3_B08_S20,PT126,P3,1085,16561.59,0.0,0.0,1,Unknown,0.2700848539141333,-0.04781176789817956,-0.15211455280508238,-0.19325322381620919,-0.40952030741400525,-0.12603150847413683
PT126_P3_B09_S21,PT126,P3,1829,147340.56,0.0,0.0,0,Unknown,-0.06366329383317958,0.07810348170038799,-0.149366963253671,-0.12142125923902412,-0.39781059559937015,-0.1267239163463872
PT126_P3_B10_S22,PT126,P3,5521,1047178.26,0.0,0.0,8,Unknown,-0.10661515461854382,-0.0018398594076879313,-0.37804997238212457,-0.263872091808885,-1.0878362905222982,1.3004657047370125
PT126_P3_B11_S23,PT126,P3,4672,948417.79,0.0,0.0,8,Unknown,-0.09328689685602722,-0.021344320262490727,-0.4944166864220207,-0.2986372361307003,-0.9680898572448045,0.8260480504480958
PT126_P3_B12_S24,PT126,P3,2182,593335.8200000001,0.0,0.0,8,Unknown,-0.03193903323012118,-0.022963338308200628,-0.2766601317665636,-0.08727868699249944,-0.5068842886262798,0.5003148481392536
PT126_P3_C01_S25,PT126,P3,5233,1421642.47,0.0,0.0,8,Unknown,-0.03856775286242972,-0.015005680009387859,-0.4123087833468887,-0.18757478313642229,-0.8579727076938763,1.9216681441659733
PT126_P3_C02_S26,PT126,P3,1374,315416.75,0.0,0.0,0,Unknown,-0.012480656621194403,-0.002656866945362166,0.14825527560288926,-0.06416723688629467,-0.3492063317518129,-0.2606446919347667
PT126_P3_C03_S27,PT126,P3,1074,28465.220000000005,0.0,0.0,1,Unknown,0.04094175864279262,0.09433572576795198,-0.07598593170302365,-0.049911461647270415,-0.16682165723615225,-0.07680353667687405
PT126_P3_C04_S28,PT126,P3,2322,568148.45,0.0,0.0,8,Unknown,-0.021633003280852315,-0.0004970711456446172,-0.23072948419218725,-0.07998617447411342,-0.6818060153285592,1.190757017581318
PT126_P3_C05_S29,PT126,P3,1851,694289.83,0.0,0.0,8,Unknown,-0.026213377056223865,-0.023433249086318764,-0.2674258376856018,-0.09106426022626223,-0.5077195556663622,0.7117424371185876
PT126_P3_C06_S30,PT126,P3,2747,864544.19,0.0,0.0,6,Unknown,-0.06972192403596149,-0.011474164207536726,-0.37322191193951465,-0.1188392815181759,-0.4876224999019128,0.5799067010980723
PT126_P3_C07_S31,PT126,P3,5776,1032027.79,0.0,0.0,8,Unknown,-0.13695288311538495,-0.04571016990359291,-0.5497506433051891,-0.10846961390540086,-0.9788141280291708,0.21945055319279105
PT126_P3_C08_S32,PT126,P3,1418,158371.77,0.0,0.0,0,Unknown,0.031648655587954676,-0.0015134624570117953,-0.13158501200302333,-0.12920876374868645,-0.3325491520853527,0.7520157057038938
PT126_P3_C09_S33,PT126,P3,1453,273378.56000000006,0.0,0.0,0,Unknown,-0.021401017133959723,-0.0030250549996305664,-0.182137364937382,-0.03917291645197679,-0.32570947771161485,0.5863357940625311
PT126_P3_C10_S34,PT126,P3,5387,1034862.2,0.0,0.0,8,Unknown,-0.09737980280635154,-0.029836404351867244,-0.3812234952712213,-0.2486687928040678,-1.0794098096618356,0.5204712468147451
PT126_P3_C11_S35,PT126,P3,2413,412426.5,0.0,0.0,0,Unknown,-0.016824949258149008,-0.015563440854561262,-0.18082402884506454,-0.13873632569704392,-0.569602967377508,-0.2535931070066621
PT126_P3_C12_S36,PT126,P3,1682,286444.31999999995,0.0,0.0,8,Unknown,-0.04146667192209171,-0.0706727448923044,-0.18772404873531598,-0.11426252274161364,-0.27448722358497546,-0.2159150477124417
PT126_P3_D01_S37,PT126,P3,2092,168806.26,0.0,0.0,0,Unknown,0.020724387045528293,-0.0073611279504870375,-0.2238004397107414,-0.08232944801580463,-0.46607408846158793,0.43647143235062114
PT126_P3_D02_S38,PT126,P3,2488,540663.91,0.0,0.0,7,Unknown,-0.06965375698607564,-0.0007118409339263326,0.2539727037909025,-0.19987300738423794,0.8530069851848956,-0.36981203441844973
PT126_P3_D03_S39,PT126,P3,1047,53267.14000000001,0.0,0.0,1,Unknown,-0.005910203839314458,-0.026151349559484127,-0.04605362845204025,-0.06182197783176348,-0.21330547958815005,-0.03885427036673445
PT126_P3_D04_S40,PT126,P3,2568,1588696.12,0.0,0.0,8,Unknown,-0.04433996778847348,-0.01374816399797766,-0.3902011811898374,-0.15732854238691277,-0.7824163845580773,-0.06213126431017352
PT126_P3_D05_S41,PT126,P3,4246,1336757.98,0.0,0.0,11,Unknown,-0.07374671333987874,-0.02036259370826191,0.7830105915174407,0.5391086834215555,-1.0069610170520575,-0.5952725244261898
PT126_P3_D06_S42,PT126,P3,2616,513211.72,0.0,0.0,8,Unknown,-0.03827882636642671,-0.03052544810520994,-0.3908626225039456,-0.11376069468196479,-0.945872653980475,0.8845635010342594
PT126_P3_D08_S44,PT126,P3,4085,1347290.23,0.0,0.0,11,Unknown,-0.0798809849883979,-0.009070403228572093,0.8381583867431357,-0.06419774380582915,-0.7262876398785513,0.4838644648386375
PT126_P3_D09_S45,PT126,P3,924,7124.700000000001,0.0,0.0,1,Unknown,0.14522048652983646,-0.02749917966725886,-0.16722796894124972,-0.13956460712743624,-0.30164297102984944,-0.08548618529022001
PT126_P3_D10_S46,PT126,P3,2879,248751.11000000002,0.0,0.0,0,Unknown,-0.05441060153384179,-0.016696383421215367,-0.2782588372220267,-0.032368895384390195,-0.49286474070957537,2.105906345890573
PT126_P3_D11_S47,PT126,P3,1077,5898.360000000001,0.0,0.0,1,Unknown,-0.06013371093446822,0.0,0.13569437275961427,-0.10987215703265046,-0.3316571084410061,-0.1721489740238917
PT126_P3_D12_S48,PT126,P3,4502,797418.8799999999,0.0,0.0,8,Unknown,-0.08747894284344365,-0.011112127677864975,-0.39910109134314936,0.25481306742554943,-0.8674169817204297,1.2981597385506127
PT126_P3_E01_S49,PT126,P3,2285,186766.21,0.0,0.0,0,Unknown,-0.068577299291145,-0.008021155782848148,-0.124541441521856,0.3861682026516582,-0.3365056331782933,-0.14033296504264703
PT126_P3_E02_S50,PT126,P3,2376,180297.65,0.0,0.0,0,Unknown,-0.04592778261901606,-0.018045125769407463,-0.2666626167310415,-0.20427383414343628,-0.47516336602799725,0.30311278021980265
PT126_P3_E03_S51,PT126,P3,836,27570.489999999998,0.0,0.0,1,Unknown,-0.014008234284081503,-0.00601437567492844,-0.06480385517682068,-0.0695990320671993,-0.119654052797075,-0.04079272326820897
PT126_P3_E04_S52,PT126,P3,2056,1225205.52,0.0,0.0,8,Unknown,-0.03614379508785721,-0.011240464939972362,-0.2750836337130974,-0.12000886949218056,-0.7172028721109847,1.077439970559819
PT126_P3_E05_S53,PT126,P3,3353,1483983.13,0.0,0.0,9,Unknown,-0.020944058492927277,-0.027869115596849868,1.0544892413098101,-0.17039763684211315,4.198537099118169,0.1267039501516964
PT126_P3_E06_S54,PT126,P3,2598,1765935.87,0.0,0.0,8,Unknown,-0.04846637272780262,-0.01674611696947199,-0.19806312604138612,-0.16717241353622653,-0.3272724166752774,0.5297695549647448
PT126_P3_E07_S55,PT126,P3,1171,39525.07,0.0,0.0,1,Unknown,-0.01074960159005095,-0.003460929275603062,-0.05922212067153415,-0.09924969162734558,-0.20148486291340015,-0.07554604894111085
PT126_P3_E08_S56,PT126,P3,965,4106.23,0.0,0.0,1,Unknown,0.21755721180275447,-0.027627071269335855,-0.20313047806164372,-0.15739108232089283,-0.2731780057954648,-0.11498930406691889
PT126_P3_E09_S57,PT126,P3,3497,440080.74,0.0,0.0,0,Unknown,-0.10449440919275257,-0.018183969983650603,-0.2539721100384017,-0.2012987768514545,-0.6743130532119999,0.11699073480390348
PT126_P3_E12_S60,PT126,P3,2152,278831.55000000005,0.0,0.0,0,Unknown,-0.025427892355083928,-0.027336785978557744,-0.15651254371767112,-0.08327660951310194,-0.24763550125074738,-0.17607831995840748
PT126_P3_F01_S61,PT126,P3,1751,439479.25,0.0,0.0,8,Unknown,-0.008505639035116168,-0.0004915105168700521,-0.14560257055356127,-0.08891588090590229,-0.43301818339108133,-0.1770777182498836
PT126_P3_F02_S62,PT126,P3,2328,496601.33,0.0,0.0,8,Unknown,-0.027282158541357137,-0.0007369319814284829,-0.3036702100091477,-0.09943447986091745,-0.6237096923985306,2.2597202191725447
PT126_P3_F03_S63,PT126,P3,2265,1716277.71,0.0,0.0,8,Unknown,-0.045545254792098366,-0.015331705965425024,-0.06753598377775466,-0.11007306825002205,-0.7315250234358563,0.8397795571097717
PT126_P3_F04_S64,PT126,P3,2448,1642910.07,0.0,0.0,8,Unknown,-0.06930845504155815,-0.0260135161170845,-0.44348511828867165,-0.13096647480680373,-0.8081447179432604,-0.08051672584554431
PT126_P3_F05_S65,PT126,P3,2335,128340.05,0.0,0.0,0,Unknown,-0.006593415641770538,-0.02772910699304908,-0.18663032421601897,-0.03667453786734548,-0.41990379385567,0.8260959235443821
PT126_P3_F06_S66,PT126,P3,3257,757251.59,0.0,0.0,0,Unknown,-0.015527316247134,-0.006719013300954108,-0.19330829484342213,0.5144399842796523,-0.37073608878044445,1.4008048014773011
PT126_P3_F07_S67,PT126,P3,1794,803072.16,0.0,0.0,8,Unknown,-0.008608994063614771,-0.022123807067360036,-0.2064549884467631,-0.08389352560503102,-0.42565036041073223,0.35517538845178753
PT126_P3_F08_S68,PT126,P3,1792,131247.69,0.0,0.0,0,Unknown,0.001312332134772283,-0.0018623081231119998,-0.2341905371875011,-0.14831417930695157,-0.35444077126796464,-0.1795756925931531
PT126_P3_F09_S69,PT126,P3,1482,53138.340000000004,0.0,0.0,1,Unknown,0.0908431841115399,-0.05464376093850046,-0.1360005807765681,-0.08716003300306095,-0.23972503702777942,-0.10754055680355579
PT126_P3_F10_S70,PT126,P3,1919,350038.21,0.0,0.0,8,Unknown,0.0020509122102507233,-0.00036862447825968913,-0.17575568541470474,-0.051508060958766255,-0.31448155324074906,-0.26925425112879875
PT126_P3_F11_S71,PT126,P3,1778,126304.04,0.0,0.0,9,Unknown,-0.04268231150419557,-0.006901691190794233,0.6983757455965183,-0.10819987363593803,3.0956449384042064,-0.40057843162077433
PT126_P3_F12_S72,PT126,P3,2496,400284.86,0.0,0.0,6,Unknown,-0.05065906592241642,0.0055932730896117114,-0.04023083877663153,-0.11233067238471615,-0.5810655537969583,-0.014965557541793018
PT126_P3_G01_S73,PT126,P3,3351,521898.65,0.0,0.0,0,Unknown,-0.07498303710338453,-0.01028893006329942,-0.39344267247282677,-0.20743648353497524,-0.6812706829886178,0.3689906469445452
PT126_P3_G02_S74,PT126,P3,1340,184003.83999999997,0.0,0.0,0,Unknown,-0.0024173192686601556,-0.0007056176763390601,-0.19079957013572738,-0.09100973753521346,-0.40321662731916214,-0.18518539944476414
PT126_P3_G03_S75,PT126,P3,3266,547776.51,0.0,0.0,0,Unknown,-0.04292930364930112,-0.015522442776272485,-0.26394273539577245,-0.14747582028576764,-0.4848115396248383,-0.20109509762011013
PT126_P3_G04_S76,PT126,P3,3096,585696.9500000001,0.0,0.0,0,Unknown,-0.052976094291219626,-0.0026689844589519647,0.3324259148285495,-0.12764329886962555,-0.5333998670805937,0.5166987586807918
PT126_P3_G05_S77,PT126,P3,3877,1916768.1,0.0,0.0,6,Unknown,-0.06385109385104129,-0.031366363789921706,0.11568496480382218,-0.19896342477308174,-0.27145459551291723,0.17551364278464054
PT126_P3_G06_S78,PT126,P3,883,4901.299999999999,0.0,0.0,1,Unknown,-0.06436932141991805,0.0,-0.17188697972149114,-0.22123347820842137,-0.3959650672556204,-0.15062601117861615
PT126_P3_G07_S79,PT126,P3,956,3950.1800000000003,0.0,0.0,1,Unknown,-0.067153207643338,-0.02042630637270798,-0.21414885539074507,-0.26639443123778184,-0.33655731938481986,-0.14810698451793075
PT126_P3_G08_S80,PT126,P3,842,2704.42,0.0,0.0,1,Unknown,-0.05086200139949608,0.5053737476639867,0.17753629413205052,-0.20278812501746035,-0.27294514838960704,-0.20871695824510994
PT126_P3_G09_S81,PT126,P3,3428,576923.41,0.0,0.0,6,Unknown,-0.0411243180792429,0.003180872995077343,0.6676389608921115,-0.04979301646858733,-0.5805448993981139,0.29685233231403335
PT126_P3_G10_S82,PT126,P3,1361,298469.32,0.0,0.0,8,Unknown,-0.023979372167666248,-0.005446621658865697,-0.3707092881933592,-0.062567982470852,-0.3179166048226505,-0.32217122775302903
PT126_P3_G11_S83,PT126,P3,2539,273873.17000000004,0.0,0.0,0,Unknown,-0.0008806849874920288,-0.00308558185796804,0.444505874161931,-0.13289450404182546,-0.46746147742582517,0.5081195233180826
PT126_P3_G12_S84,PT126,P3,992,33268.76,0.0,0.0,1,Unknown,-0.03351587077090375,-0.007309216134514947,-0.08631054931932423,-0.07229161769418123,-0.17109197929812128,-0.07588764221205006
PT126_P3_H01_S85,PT126,P3,806,27582.64,0.0,0.0,1,Unknown,-0.02479810373707975,0.0,-0.08431460024270496,-0.0767510238110572,-0.22454635775681983,-0.03136700297424771
PT126_P3_H02_S86,PT126,P3,2361,189922.50999999998,0.0,0.0,0,Unknown,-0.028962660496313394,-0.01721600163569476,-0.21621153357204081,-0.11165281685661324,-0.25539928385827826,1.0521074056964286
PT126_P3_H03_S87,PT126,P3,1001,41841.07000000001,0.0,0.0,1,Unknown,0.005172057992981618,-0.007485762311904227,-0.05094250741322986,-0.06184654495516415,-0.11424178486507362,-0.03302064467331439
PT126_P3_H04_S88,PT126,P3,1515,295777.6,0.0,0.0,8,Unknown,-0.07493486425065003,-0.02438993125208147,-0.15733631306184526,-0.06696579894256463,-0.3904462416019653,0.7242083358172388
PT126_P3_H05_S89,PT126,P3,1296,339256.0,0.0,0.0,0,Unknown,-0.03083719735316565,-0.011552919368623344,-0.12997652510668242,-0.10128526137096436,-0.2226782943204521,-0.14173463003518344
PT126_P3_H06_S90,PT126,P3,1040,40725.170000000006,0.0,0.0,1,Unknown,0.04086738075452752,-0.002993070615222882,-0.09085510393883581,-0.08717226998544637,-0.13966178235643636,-0.08128131613653199
PT126_P3_H07_S91,PT126,P3,3285,1058196.31,0.0,0.0,8,Unknown,-0.06532009620747074,-0.010186519920840782,-0.46292120092133976,-0.1325180839218943,-0.7849301506436619,1.2514503889493482
PT126_P3_H08_S92,PT126,P3,2285,192691.25,0.0,0.0,0,Unknown,0.0009646472993682896,-0.007142798116218765,-0.1706633694446108,-0.12064760889782962,-0.31702993719214834,-0.18591495579034475
PT126_P3_H09_S93,PT126,P3,3511,829174.99,0.0,0.0,9,Unknown,-0.029231644807919347,-0.009690580087363412,0.5437857025222796,0.09024889298285396,3.156238029975004,-0.0966836265844444
PT126_P3_H10_S94,PT126,P3,1131,210926.76,0.0,0.0,0,Unknown,-0.01424136660336639,0.0,-0.21567161163677753,-0.1971436378984777,-0.38435526150907223,2.013885856919467
PT126_P3_H11_S95,PT126,P3,1912,677230.96,0.0,0.0,8,Unknown,-0.07159154110544383,-0.02036892240301956,-0.3036553391901501,-0.12536531594330724,-0.6488299060958245,0.5525736515375363
PT126_P3_H12_S96,PT126,P3,2765,443511.11,0.0,0.0,8,Unknown,-0.048539147611500084,-0.011160637825647695,-0.3931816903044781,-0.11970685916186456,-0.6869159080561971,0.20312458734281558
PT039_P121_A01_S289,PT039,P121,1717,33409.32,0.0,0.0,7,Unknown,-0.04632562972251412,-0.003127669063990523,-0.3714362945892958,-0.21627050899660086,3.868529725091932,0.7559468560836046
PT039_P121_A02_S290,PT039,P121,2296,322935.2,0.0,0.0,0,Unknown,-0.014631535446891714,-0.0396988587914621,-0.12440138272439213,-0.052974644574977074,1.1527794382411207,-0.14673100825918517
PT039_P121_A03_S291,PT039,P121,2708,780700.34,0.0,0.0,0,Unknown,-0.05914029815169251,-0.0015521680494792883,0.5859548422932972,-0.1442521458279764,-0.5828618512694732,0.3853720680103182
PT039_P121_A04_S292,PT039,P121,3836,802360.27,0.0,0.0,4,Unknown,-0.05837738003952879,-0.003402499637177909,0.5989290125932809,-0.1974235958456492,-0.8919610821412054,0.45047907620150984
PT039_P121_A05_S293,PT039,P121,5974,1529317.22,0.0,0.0,4,Unknown,-0.0735746927968062,-0.012309637232373584,0.5739560042382599,-0.29431900406454975,2.7436612369675517,0.2903374346344001
PT039_P121_A06_S294,PT039,P121,5904,1625953.35,0.0,0.0,4,Unknown,-0.06874317793947377,-0.03733132246511505,0.7899474538360628,-0.13986867755544288,-0.8162792861529817,0.8212845821126309
PT039_P121_A07_S295,PT039,P121,4521,1438196.19,0.0,0.0,4,Unknown,-0.05115945762918954,-0.0015584031664871657,0.741263788973416,-0.17310806967106407,-1.1142618149898849,0.7848127655318479
PT039_P121_A08_S296,PT039,P121,5635,1950573.75,0.0,0.0,4,Unknown,0.22072251279996286,-0.0164074053979511,1.3349530207723017,-0.1457164899430543,-0.4595394070247777,0.6933288719032886
PT039_P121_A09_S297,PT039,P121,1183,41093.490000000005,0.0,0.0,0,Unknown,-0.03806708729448467,-0.002555829486067252,-0.15860577243814747,-0.039932844493138255,-0.15136078203547718,-0.21053548387477974
PT039_P121_A10_S298,PT039,P121,3677,2286592.8899999997,0.0,0.0,7,Unknown,-0.03478416957605021,-0.0269774546744904,-0.4921972226469106,0.16033851145552006,3.379010236463948,0.8248732021128833
PT039_P121_A11_S299,PT039,P121,5448,1906263.6099999999,0.0,0.0,4,Unknown,-0.11574214476439598,-0.0196433682386095,0.7692577516014562,0.6525002732243206,-0.578457923807953,0.27646228332631995
PT039_P121_B01_S301,PT039,P121,5430,900869.01,0.0,0.0,4,Unknown,-0.06200873355903546,-0.005813207731997681,0.6494728811322582,0.08303489587300239,-0.9588364509580658,0.29462212749732264
PT039_P121_B02_S302,PT039,P121,2937,144983.82,0.0,0.0,8,Unknown,-0.020794334270140012,-0.00423553447603456,0.2160105164038606,-0.08661450156619183,-0.38604040849718335,0.5734439744712989
PT039_P121_B03_S303,PT039,P121,5262,1001361.2,0.0,0.0,4,Unknown,-0.08049757479445639,-0.031765329273110376,0.5175588858335238,-0.25807351718912386,-0.06440043260245143,0.9966821086189864
PT039_P121_B04_S304,PT039,P121,3503,1250293.02,0.0,0.0,8,Unknown,-0.09551967043825646,-0.02623581632533365,-0.484786950602623,0.12519880374450132,3.558715201903664,1.8043706115999683
PT039_P121_B05_S305,PT039,P121,5568,878998.5900000001,0.0,0.0,4,Unknown,-0.09047366309388727,-0.022167558309700994,0.9172856560040318,-0.29932200571113016,-1.0789277744542003,0.2292547889683072
PT039_P121_B06_S306,PT039,P121,2387,206528.55,0.0,0.0,0,Unknown,-0.008857186657869817,-0.024839930223628095,-0.26629697084866055,-0.1925421644330504,-0.29266437295612957,-0.23231006167628146
PT039_P121_B07_S307,PT039,P121,5432,1131382.5,0.0,0.0,4,Unknown,-0.08303049275002615,-0.018278123925422756,0.5129533931354482,-0.2870416562431148,-0.822039782374087,0.2293682015640658
PT039_P121_B08_S308,PT039,P121,4927,1815576.69,0.0,0.0,4,Unknown,-0.06455459031496365,-0.013615105613240894,0.9052249996784167,-0.261339104522805,1.7305223982719684,1.6215329567777674
PT039_P121_B09_S309,PT039,P121,3838,2134143.36,0.0,0.0,4,Unknown,-0.06803861160432599,-0.008169754158792756,0.7986779270998698,-0.18846876164986098,-0.6331321753305975,0.05163758513020261
PT039_P121_B10_S310,PT039,P121,3920,1361752.8399999999,0.0,0.0,9,Unknown,-0.08104265370856194,-0.027681306430038632,0.6980420576161726,-0.23743007043973155,2.606935854175976,0.6709305062193212
PT039_P121_B11_S311,PT039,P121,4014,738549.13,0.0,0.0,4,Unknown,-0.05945967897569332,-0.023770599182172992,0.6560446769307093,-0.23170340241440088,-0.882060486000037,-0.03878926761860585
PT039_P121_B12_S312,PT039,P121,4435,385969.31,0.0,0.0,8,Unknown,-0.03552327217780819,-0.013553208227716433,-0.3504077130008815,-0.07654964325110182,-0.3508812261562155,0.7230210436382456
PT039_P121_C01_S313,PT039,P121,2179,70597.17,0.0,0.0,8,Unknown,-0.005951817413423023,-0.026210574551508294,-0.21305479330333865,-0.06517752087919552,-0.4437944591152641,0.009029003296761373
PT039_P121_C02_S314,PT039,P121,1195,508455.37,0.0,0.0,0,Unknown,-0.010836584328775028,0.0,1.2071570565493137,-0.04699660711979187,0.29181675318662426,-0.2316460529063589
PT039_P121_C03_S315,PT039,P121,1389,57456.36,0.0,0.0,0,Unknown,-0.04327662509735876,-0.004130662081035306,-0.2555855899995055,-0.07465992553831341,-0.22567999894503507,0.562230932547432
PT039_P121_C04_S316,PT039,P121,3643,194753.71,0.0,0.0,4,Unknown,-0.033728209685409176,-0.031232809046014744,0.5041314871309266,-0.1400190349927345,-0.8687218704354599,-0.0018287300262893602
PT039_P121_C05_S317,PT039,P121,4732,904092.72,0.0,0.0,4,Unknown,-0.07872163892389311,-0.03178984243972043,0.8898809320017679,-0.1589539822470994,-0.26368392243545435,0.6350639497803631
PT039_P121_C06_S318,PT039,P121,1716,187681.87,0.0,0.0,0,Unknown,-0.000984288610805864,-0.004009240907482127,-0.22920590695514367,-0.19445563739512908,-0.26191174270723167,-0.23317916329514707
PT039_P121_C07_S319,PT039,P121,4559,484629.02,0.0,0.0,4,Unknown,-0.09477296293360807,-0.00792248614161035,0.7140301539208518,-0.18091471413692436,-0.6506042968725296,0.7887297517834286
PT039_P121_C08_S320,PT039,P121,4858,1047166.43,0.0,0.0,8,Unknown,-0.08065101279113049,-0.017161955915148384,0.5444723281636586,-0.1664295084583481,-1.0977048588905298,1.0135686265532162
PT039_P121_C09_S321,PT039,P121,4150,1422005.58,0.0,0.0,8,Unknown,-0.1272070780134698,0.004823109410971242,-0.36645322952141957,0.14272965459457018,-0.813464132975788,0.6892734675145972
PT039_P121_C10_S322,PT039,P121,3026,553865.28,0.0,0.0,5,Unknown,-0.08486503775153187,-0.03616158056808232,0.619040032609572,-0.15394869304352313,-0.775290715748764,-0.3337258225456153
PT039_P121_C11_S323,PT039,P121,2923,632486.1499999999,0.0,0.0,0,Unknown,-9.484138179253337e-05,-0.02124536454680568,0.9569539773899643,-0.10533242235454815,-0.48339876914958035,0.04909326982922371
PT039_P121_C12_S324,PT039,P121,679,154720.71,0.0,0.0,0,Unknown,-0.002288231574533185,-0.0008350633656768928,-0.0742837095263057,-0.035451946389671286,1.4850532702058805,-0.10093202845609453
PT039_P121_D01_S325,PT039,P121,3683,495489.67999999993,0.0,0.0,8,Unknown,-0.07396032755541604,-0.03182431938636149,-0.4485491254488254,-0.20547023885274404,-0.9311884824823943,0.2634609795014192
PT039_P121_D02_S326,PT039,P121,5215,1331126.4100000001,0.0,0.0,4,Unknown,-0.08182336856764527,-0.03340735374407183,0.6328877802574475,-0.17241410420477643,-0.8196988941418821,0.47832566979771163
PT039_P121_D03_S327,PT039,P121,3505,843380.64,0.0,0.0,8,Unknown,0.18523995438386218,-0.01780753698309317,-0.5504082647147639,0.06483733697206767,2.756933061616933,1.0987638543811389
PT039_P121_D04_S328,PT039,P121,4004,978251.76,0.0,0.0,4,Unknown,-0.019033032846419752,-0.011467642350640921,0.7230810705237473,-0.18766727979753928,-1.045644366876469,0.2551465632471809
PT039_P121_D05_S329,PT039,P121,3353,910972.3899999999,0.0,0.0,8,Unknown,-0.04088337809507652,-0.0276926225711253,-0.3493031100333889,-0.12102263516239373,0.24530646229411024,0.2176236370643731
PT039_P121_D06_S330,PT039,P121,779,25686.75,0.0,0.0,1,Unknown,-0.03765327497557703,-0.0376970871662789,1.5661292216282074,-0.06797890624927425,1.25601862896625,-0.097540849868869
PT039_P121_D07_S331,PT039,P121,1061,67152.72,0.0,0.0,0,Unknown,0.0631889017601772,0.0,-0.1560559236245661,-0.03122795427537003,-0.2771817735456575,-0.13488151623713393
PT039_P121_D08_S332,PT039,P121,3238,2254336.44,0.0,0.0,4,Unknown,-0.051228712914424976,-0.004092301814857689,0.7611361867922601,0.11218969400062377,-0.870961612798731,0.147020896679936
PT039_P121_D09_S333,PT039,P121,4231,1636409.11,0.0,0.0,9,Unknown,-0.013146959552294935,-0.0036696534817046897,1.0033764027121463,-0.17911784706062892,2.1035080801534214,0.6181428633510696
PT039_P121_D10_S334,PT039,P121,1085,13929.850000000002,0.0,0.0,1,Unknown,-0.018786804945986647,-0.007234189926514813,-0.03107640892998964,-0.14118068252240148,-0.28994402214229476,1.0122984091377663
PT039_P121_D11_S335,PT039,P121,3778,2751013.9000000004,0.0,0.0,4,Unknown,-0.04740440566344839,-0.00742477883811876,0.7089066225211613,-0.13984415060000988,-0.2508245870172807,-0.07820445230919892
PT039_P121_D12_S336,PT039,P121,2471,1814592.53,0.0,0.0,8,Unknown,-0.06626499942383558,-0.017355894582966946,0.9592887777038219,0.15782655044885474,-0.7643287354867687,0.3557536019539073
PT039_P121_E01_S337,PT039,P121,2918,1860433.69,0.0,0.0,4,Unknown,-0.028525619421119176,-0.003706709884800937,0.7663619432340216,-0.15533076636895926,-0.9086342289763096,0.7122939674174156
PT039_P121_E02_S338,PT039,P121,2677,1419274.57,0.0,0.0,4,Unknown,-0.035273310005249824,-8.007487599277365e-05,0.8209422853949784,-0.1201952232521886,-0.2851868651979126,1.5013701277226132
PT039_P121_E03_S339,PT039,P121,5221,831757.91,0.0,0.0,6,Unknown,-0.09824301141194682,-0.029151722051818693,0.4080674094248975,-0.17248016467551652,-0.4645491014637759,0.22277954969384972
PT039_P121_E04_S340,PT039,P121,2938,335012.68,0.0,0.0,4,Unknown,-0.07458085668809784,-0.0015325031567782438,1.044675930467366,-0.21346155160331173,-0.6937728816709519,0.46455808487754185
PT084_P121_E06_S342,PT084,P121,2869,887159.9400000001,0.0,0.0,8,Unknown,-0.08878947300551557,-8.074984679555271e-05,-0.3421002795496626,-0.1523015845973063,-0.672362391233499,0.2681603559261791
PT084_P121_E07_S343,PT084,P121,4760,1419347.6400000001,0.0,0.0,8,Unknown,-0.09783220500495055,-0.02873050613983877,-0.5905906109653287,0.05197435253190569,-1.0086388791268202,0.9694334769107933
PT084_P121_E08_S344,PT084,P121,4789,711485.27,0.0,0.0,6,Unknown,-0.09219870370380322,-0.01331919098849885,-0.4045897540481734,-0.19960468851738356,-0.2825797307714931,0.41755728464041114
PT084_P121_E09_S345,PT084,P121,4928,2149095.5,0.0,0.0,6,Unknown,-0.07674541755679347,-0.019882925638200787,0.23624113196782126,-0.24912727520073602,-0.9113453814324433,0.33271303566297616
PT084_P121_E10_S346,PT084,P121,736,3052.21,0.0,0.0,1,Unknown,0.2518081716904532,0.0,-0.14764564522303306,0.5500087174479951,-0.015166306935982199,-0.12598282424201512
PT084_P121_E11_S347,PT084,P121,700,70048.07999999999,0.0,0.0,0,Unknown,-0.025895242297904922,0.0,-0.1186550269439895,-0.07668423405750226,-0.4065631494287229,-0.20471474079606686
PT084_P121_E12_S348,PT084,P121,2574,606126.3300000001,0.0,0.0,3,Unknown,-0.04794050230486819,-0.0005465350742493943,-0.43968055543992635,-0.09928048286703396,-0.6116642341913432,0.007347562785064932
PT084_P121_F01_S349,PT084,P121,3713,953217.87,0.0,0.0,6,Unknown,-0.06334908814855754,-0.008447628189417562,0.12759332447623517,-0.15873802304485296,-0.26589492292500955,0.589813950245961
PT084_P121_F02_S350,PT084,P121,1638,436648.94999999995,0.0,0.0,8,Unknown,-0.03153109148089872,-0.00015095590084121253,-0.2599575882564038,-0.11982983482323789,-0.6132099980164276,-0.2711050275308383
PT084_P121_F03_S351,PT084,P121,4329,664305.8500000001,0.0,0.0,8,Unknown,-0.10562468523438888,-0.03253097084971855,-0.549232529126533,-0.2133033778524491,-1.0715215943771526,0.8739343568442759
PT084_P121_F04_S352,PT084,P121,2675,282983.65,0.0,0.0,0,Unknown,-0.0982094286019203,-0.03786709342559789,0.6910272109080868,-0.08412123062105747,-0.418587348550905,0.1480883729338904
PT084_P121_F05_S353,PT084,P121,3766,394002.79000000004,0.0,0.0,13,Unknown,-0.05588406012963413,-0.004679403424362228,-0.314863138419879,-0.06270437663964458,-0.5668782276951919,-0.03298067046568948
PT084_P121_F06_S354,PT084,P121,2347,559212.5199999999,0.0,0.0,0,Unknown,-0.005905491610984926,0.01067771281253405,-0.3370952263341714,-0.05057844766793652,-0.3381436720320993,-0.34805847394234074
PT084_P121_F07_S355,PT084,P121,4172,2063956.0099999998,0.0,0.0,5,Unknown,-0.07936493542784906,-0.00014895045840634084,0.4520937736137248,-0.18638391538892324,-0.8544758633024607,0.3570117410548571
PT084_P121_F08_S356,PT084,P121,5973,1433470.3800000001,0.0,0.0,2,Unknown,-0.08273604105767668,-0.01453708196545719,0.01929443754148985,0.07160890190318192,-0.9903727797123781,0.22764644707619552
PT084_P121_F09_S357,PT084,P121,4381,2159771.5700000003,0.0,0.0,3,Unknown,0.48221125995819425,0.27199589579771527,-0.46485316584373243,-0.20557937702788953,-0.7987297659898684,0.5991481033192515
PT084_P121_F10_S358,PT084,P121,2537,234303.65999999997,0.0,0.0,13,Unknown,-0.04677845007461073,-0.014615677629710081,-0.4350183722629161,0.13444396619294072,-0.5872614852518848,0.35851850841615807
PT084_P121_F11_S359,PT084,P121,3288,1282213.44,0.0,0.0,3,Unknown,-0.06452722327536771,-0.006000894949011941,-0.44890828681750994,-0.14776112234410918,-0.50247437723906,-0.11424853510276983
PT084_P121_F12_S360,PT084,P121,3400,1036075.2000000001,0.0,0.0,8,Unknown,-0.061053362276576,-0.0013514914192262037,-0.49024247315316,-0.16354227296107515,-0.8096086288921989,0.9765841920389849
PT084_P121_G01_S361,PT084,P121,4204,1770556.6099999999,0.0,0.0,5,Unknown,-0.06178659903141414,-0.00786932082823346,-0.27566056143346995,-0.27155156539454567,-0.8760912514415411,0.6598322134047478
PT084_P121_G02_S362,PT084,P121,3020,1155109.05,0.0,0.0,6,Unknown,-0.06392373195060051,-0.0116831090443801,0.42201573157231753,-0.16227232530818234,-0.6000203708519366,0.024504990263522097
PT084_P121_G03_S363,PT084,P121,3513,1203938.97,0.0,0.0,3,Unknown,-0.05454527016307077,-0.02376534320874753,-0.3994560808998232,-0.1401503176693072,-0.7103254466279995,0.640837131590198
PT084_P121_G04_S364,PT084,P121,2779,1203571.41,0.0,0.0,9,Unknown,-0.05719368574201975,-0.00037384418650186795,0.3344509635332524,-0.21351270126204008,2.6722432634984683,0.5136954002409088
PT084_P121_G05_S365,PT084,P121,3857,942379.1,0.0,0.0,8,Unknown,-0.07162193250458396,0.05684904785262156,-0.4951040355204873,-0.17991765348026714,-0.2446008495605171,0.8182867682457244
PT084_P121_G06_S366,PT084,P121,5300,1224810.3599999999,0.0,0.0,5,Unknown,-0.07158182157151735,-0.029891842482387628,0.49174463552628844,-0.22552534552922612,-1.1407263812567299,0.605611741512291
PT084_P121_G07_S367,PT084,P121,2959,1289181.69,0.0,0.0,3,Unknown,0.09444470808555346,0.2411320774117261,-0.40819467525255054,-0.11706905171285503,-0.47872688821675213,0.2980838135239514
PT084_P121_G08_S368,PT084,P121,3559,1626747.83,0.0,0.0,8,Unknown,-0.09594358438273622,-0.02100556237806213,-0.5293446326222101,-0.12016289301067339,-0.7748804119169529,1.2555903148795862
PT084_P121_G09_S369,PT084,P121,4064,2258689.8,0.0,0.0,0,Unknown,-0.030997015019357983,-0.0129747682539003,-0.4681346348531554,-0.13484254550700064,-0.7325117021362664,0.010877815351448106
PT084_P121_G10_S370,PT084,P121,2983,1511441.65,0.0,0.0,3,Unknown,-0.006893771724695249,-6.652254540667367e-05,-0.30443403605899244,-0.08910375034932769,-0.5831887721646516,-0.009001092072966677
PT084_P121_G11_S371,PT084,P121,3585,2442965.16,0.0,0.0,3,Unknown,-0.0753925008740624,-0.01720749666732823,-0.4534652286880829,-0.11089012269385295,-0.6732001195408591,0.49855727990595633
PT084_P121_G12_S372,PT084,P121,3062,2839464.58,0.0,0.0,5,Unknown,-0.09670717963691407,-0.017748856977354364,0.27134416506376563,-0.16138738570460093,-0.7982354594164549,0.6507671993588111
PT084_P121_H01_S373,PT084,P121,3061,288964.24,0.0,0.0,11,Unknown,-0.06685174929588891,-0.009463450204982985,0.6422968334445192,-0.20166992382116247,-0.9166501119091081,0.19280371381096034
PT084_P121_H02_S374,PT084,P121,3476,3075027.2,0.0,0.0,9,Unknown,-0.06616481807407222,-0.005110666495938286,0.34986411624989944,0.04138498865278034,2.736457868841737,0.13068184774897318
PT084_P121_H03_S375,PT084,P121,432,1079.5500000000002,0.0,0.0,1,Unknown,-0.023419944964236016,0.0,-0.12683692525426124,-0.20518215134451023,-0.29355383035770477,-0.13660292504982371
PT084_P121_H04_S376,PT084,P121,416,4553.9,0.0,0.0,1,Unknown,-0.005809374951275699,0.0,0.17963127612259844,-0.10131370844187802,-0.2808407490296283,-0.08378750548852676
PT084_P121_H05_S377,PT084,P121,2834,518912.54000000004,0.0,0.0,9,Unknown,-0.03457865456356799,-0.014371645259807414,0.5682213803600307,-0.13784123563612238,3.0601975477002403,-0.4029377719680681
PT084_P121_H06_S378,PT084,P121,1034,21586.440000000002,0.0,0.0,8,Unknown,-0.029056442765747745,-0.012172536405371307,0.1512863405789632,-0.13156384957429054,-0.5152743965898374,1.4086652485940037
PT084_P121_H07_S379,PT084,P121,1682,154165.52000000002,0.0,0.0,0,Unknown,-0.036165369120825235,-0.0030965622314430823,-0.11942769800174419,-0.04243214994225594,-0.44610422692764556,0.277875935735997
PT084_P121_H08_S380,PT084,P121,1502,329476.66,0.0,0.0,8,Unknown,-0.05105483567866379,-0.018923384671146785,-0.26152083788983244,-0.023295222967582747,0.44191787683456596,-0.29716665266805226
PT084_P121_H09_S381,PT084,P121,1708,149413.11,0.0,0.0,0,Unknown,0.019959183752942287,-0.0008637865205796489,-0.23505725421056617,-0.05794625445558271,-0.3023896445121432,-0.17858634092747647
PT084_P121_H10_S382,PT084,P121,2338,830171.0700000001,0.0,0.0,8,Unknown,-0.07178209437334436,-0.019899519669653233,-0.0878039684035164,-0.1368424022980653,-0.8504749141294496,-0.32704207542813607
PT084_P121_H11_S383,PT084,P121,1914,272524.14,0.0,0.0,6,Unknown,-0.069527739100916,-0.03313557192310906,-0.33025082361178876,-0.08341564972218588,-0.3236454620599335,-0.3311696460538846
PT084_P121_H12_S384,PT084,P121,3357,761597.98,0.0,0.0,8,Unknown,-0.008578696033838406,-0.013118809090923585,0.2538965169341818,-0.08883244994751006,-0.21844106065968638,0.8218547693922393
PT039_P10_A01_S193,PT039,P10,260,836.48,0.0,0.0,1,Unknown,-0.012807354440082961,-0.017076472586777282,-0.08357944236860305,-0.08839862098229884,0.8468256019243665,-0.09292041646377372
PT039_P10_A02_S194,PT039,P10,1038,7372.83,0.0,0.0,1,Unknown,-0.0622537675297931,-0.047546809167619615,0.30461048941442087,0.28250767406495847,0.42384097367162166,-0.1587262860052935
PT039_P10_A03_S195,PT039,P10,5938,1050400.2000000002,0.0,0.0,4,Unknown,-0.07220098366381396,-0.017255183300623127,0.859789176259782,-0.2119268277058884,-0.4377708122152051,0.4576818571730863
PT039_P10_A04_S196,PT039,P10,635,5722.329999999999,0.0,0.0,1,Unknown,-0.044231428945025734,-0.006695501572755086,0.4375483277095229,-0.13774799276403982,-0.23221142057912164,0.13638587950099074
PT039_P10_A05_S197,PT039,P10,420,5018.32,0.0,0.0,1,Unknown,-0.017725369422523247,-0.007307837152515023,0.6912501203877414,-0.07605020881806143,0.5035975454263075,-0.06668147257405915
PT039_P10_A06_S198,PT039,P10,1039,3206.13,0.0,0.0,10,Unknown,0.2256493346148047,-0.0236698399162484,0.9121640660245015,1.5122879701925451,0.13123860754638267,-0.0036979065223770036
PT039_P10_A07_S199,PT039,P10,797,1494880.8099999998,0.0,0.0,0,Unknown,-0.013452346933423382,-4.4448140930036784e-05,1.2649803379420503,-0.013648131093130976,0.1591714331107879,0.3918938949045292
PT039_P10_A08_S200,PT039,P10,560,3527.1000000000004,0.0,0.0,1,Unknown,-0.006721095385711132,-0.03293544145167843,0.45412147234896794,-0.16945856759636654,0.045957088093689286,-0.1302372174213847
PT039_P10_A09_S201,PT039,P10,6259,1123031.29,0.0,0.0,4,Unknown,-0.08634544000790317,-0.009888461561386973,0.8923161587664438,-0.08349743998606968,-0.9471816876769961,0.30285611134685164
PT039_P10_A10_S202,PT039,P10,4985,1203851.7,0.0,0.0,6,Unknown,-0.11277990078495834,-0.03075865824432943,-0.4207554082002942,-0.009201934850582627,-0.35484447707930966,0.8945372933731376
PT039_P10_A11_S203,PT039,P10,5585,1229062.0499999998,0.0,0.0,10,Unknown,0.08138854306247847,-0.017555458483783336,-0.01924924133059286,0.4004599061059917,-0.09064564267165831,0.219848202522114
PT039_P10_A12_S204,PT039,P10,4600,871878.23,0.0,0.0,4,Unknown,-0.05872722570210984,-0.012178404754982419,0.8525969600485919,-0.26051384328678384,-0.1338735028982626,1.6000039550419838
PT039_P10_B01_S205,PT039,P10,357,19311.36,0.0,0.0,1,Unknown,0.07514492686342367,0.0,1.4879436548622944,-0.0319920182982973,-0.10413443312546883,-0.043529579937368584
PT039_P10_B02_S206,PT039,P10,5850,283006.45999999996,0.0,0.0,4,Unknown,-0.08271958385673385,-0.04345210673186384,0.7248892301606676,-0.1630079324465892,-1.1207254285215928,0.5609949670090797
PT039_P10_B03_S207,PT039,P10,2009,71681.42000000001,0.0,0.0,1,Unknown,-0.013878256119084678,-0.07053595331919588,1.2354544870160755,-0.12894832700603398,-0.170630077264029,-0.07492197939852563
PT039_P10_B04_S208,PT039,P10,405,1228.38,0.0,0.0,1,Unknown,-0.011063741368890307,0.0,0.5988470235667304,-0.15057025024875467,-0.19312845221275837,-0.09047805157433146
PT039_P10_B06_S210,PT039,P10,3749,1391043.8199999998,0.0,0.0,10,Unknown,-0.07247113469395423,-0.043630059790261126,0.05333019650069787,0.1193073578229252,-0.46743967176652523,-0.1588000100509221
PT039_P10_B07_S211,PT039,P10,5839,1527203.1800000002,0.0,0.0,4,Unknown,-0.07877208541990714,-0.025819737289364462,0.6298403598070982,-0.22013419033683979,-0.9261991559400617,0.15115685314129806
PT039_P10_B08_S212,PT039,P10,348,1190.23,0.0,0.0,1,Unknown,-0.045897921218888735,0.0,0.48495243371580715,-0.18890049694853137,-0.1893879331815687,-0.06885423107892062
PT039_P10_B09_S213,PT039,P10,351,1867.68,0.0,0.0,1,Unknown,-0.04148498053498944,-0.0636892534492244,0.48995445032873414,-0.09620429371107458,-0.2595321542425326,-0.048848822070780964
PT039_P10_B10_S214,PT039,P10,4350,1476864.0300000003,0.0,0.0,10,Unknown,0.2411804448349225,-0.019598458911249245,0.47184435399798,1.471220882561373,0.24094199699692642,0.5013203993580325
PT039_P10_B11_S215,PT039,P10,800,3915.0200000000004,0.0,0.0,1,Unknown,0.21023132902905328,-0.03381729051435068,0.4103330280972386,-0.0631266129175592,1.1695583701048522,0.12227241297615946
PT039_P10_B12_S216,PT039,P10,3596,1246001.8099999998,0.0,0.0,3,Unknown,0.048310318934875265,0.09627889073151594,-0.41899879937704837,0.6911986542481904,-0.720169864577561,0.2764738913154743
PT039_P10_C01_S217,PT039,P10,254,1302.6399999999999,0.0,0.0,1,Unknown,-0.010803216761381027,-0.007808799498505267,-0.07989678749580924,-0.04349844728260835,0.26444272680013914,-0.03282857698353687
PT039_P10_C02_S218,PT039,P10,4725,311849.43,0.0,0.0,6,Unknown,-0.10639116266201766,-0.04692541494262298,-0.36091194675322935,-0.20710958015074032,-0.47031528260851946,0.33608353027700977
PT039_P10_C03_S219,PT039,P10,5944,956320.95,0.0,0.0,4,Unknown,-0.09111481448467873,-0.016304161005724658,0.45791432109982955,-0.12009730865052395,-1.0595542976582728,0.2336432772395558
PT039_P10_C04_S220,PT039,P10,579,1996.66,0.0,0.0,1,Unknown,-0.04434444924605614,-0.03039291761129333,-0.10177160168738478,-0.2105781334041944,-0.2752427630640099,-0.1109317838086483
PT039_P10_C05_S221,PT039,P10,4430,1532568.12,0.0,0.0,4,Unknown,-0.07495503868697456,-0.029207338357573238,0.9135609575945501,-0.020711021260927248,-0.4513495415189441,0.5227919797201748
PT039_P10_C06_S222,PT039,P10,482,1850.79,0.0,0.0,1,Unknown,-0.01856781957058516,0.0,-0.1450807455632051,-0.14434091557389203,0.17193553409090365,-0.14449087281358383
PT039_P10_C07_S223,PT039,P10,800,380154.31,0.0,0.0,0,Unknown,-0.01287486755661115,-0.00017660694734757286,1.4732973776782579,-0.01311908298015715,-0.3424019687332709,-0.22768874309052184
PT039_P10_C08_S224,PT039,P10,3432,1367579.33,0.0,0.0,10,Unknown,0.30053542649735454,-0.005511604089393152,0.9467377366267716,0.23979596362606947,0.41940654786989695,-0.09202883308677912
PT039_P10_C09_S225,PT039,P10,253,2048.31,0.0,0.0,1,Unknown,0.0,0.0,-0.03720172228653571,-0.06269513587827912,-0.24072246644099,0.3024060820909677
PT039_P10_C11_S227,PT039,P10,3888,1179094.31,0.0,0.0,10,Unknown,-0.07717799480409229,-0.020852788054395215,1.324553836499611,2.1453138630609336,-0.08288478144239908,0.6664556342759616
PT039_P10_C12_S228,PT039,P10,6344,1337608.23,0.0,0.0,4,Unknown,-0.10666040402824634,-0.018539303983781858,0.692435343331239,-0.12037491170996126,-0.9430691556026387,0.46290323630104924
PT039_P10_D01_S229,PT039,P10,403,1234.96,0.0,0.0,1,Unknown,-0.03948606181407852,-0.018964068661262747,-0.22793534583075492,-0.07413442716386912,0.20554801761066166,-0.14083569863607945
PT039_P10_D02_S230,PT039,P10,229,3826.27,0.0,0.0,0,Unknown,-0.009144491575786498,0.0,1.1707130680971582,0.0,0.36094377856605386,-0.15193105577226423
PT039_P10_D03_S231,PT039,P10,5821,980156.1,0.0,0.0,4,Unknown,-0.10596355288296797,-0.01910890887497854,0.7856733747775583,-0.3141948687073464,-0.48483973434824906,1.3431639399331936
PT039_P10_D05_S233,PT039,P10,3782,1366420.06,0.0,0.0,10,Unknown,0.26872058489960915,-0.02264173475345869,1.8685303672661293,0.0050849357084915,-0.2997260890221848,0.6447585626478921
PT039_P10_D06_S234,PT039,P10,3072,698734.99,0.0,0.0,7,Unknown,-0.023859223313328716,-0.011168998466567185,-0.13255584283914346,0.057557931323586525,3.7929340807107135,0.5682641058649778
PT039_P10_D08_S236,PT039,P10,4587,1442381.6,0.0,0.0,10,Unknown,0.2750349082543515,-0.01725865549977902,0.9814707038818715,0.08855176252893185,-0.07618972260048085,0.7793416394537549
PT039_P10_D09_S237,PT039,P10,4748,893420.1799999999,0.0,0.0,4,Unknown,-0.08581541966886175,-0.020133387136536333,0.08197625147012522,-0.30500875315676734,-0.8445013076009806,0.33058942185821
PT039_P10_D10_S238,PT039,P10,6899,1356520.1,0.0,0.0,4,Unknown,-0.08819274121781659,-0.02485624869947212,0.671339459349775,-0.1071126608449777,-0.4068659918360984,1.194044583670171
PT039_P10_D11_S239,PT039,P10,1542,67624.41,0.0,0.0,1,Unknown,0.005800910139249205,-0.030174527942012953,-0.07911295546848351,-0.088853892969081,-0.1517289151726719,0.774309712023695
PT039_P10_D12_S240,PT039,P10,406,2514.85,0.0,0.0,1,Unknown,-0.04891338028438421,0.0,0.4140824849605578,-0.04323899434901773,-0.32936554374187904,-0.09616092620644708
PT039_P10_E01_S241,PT039,P10,1122,522003.2,0.0,0.0,0,Unknown,-0.026517103275278276,-0.018271267135284732,1.3416249435256242,-0.12337113666871585,-0.5001003678588106,-0.30142640436157664
PT039_P10_E02_S242,PT039,P10,4004,349795.73,0.0,0.0,10,Unknown,0.15193941872977723,-0.041028485672343545,1.0843642487787999,2.2938280977229333,-0.028041435726656516,0.6856554142509409
PT039_P10_E03_S243,PT039,P10,2259,573332.29,0.0,0.0,10,Unknown,-0.0311602008289738,-0.007842890175428828,0.9172614695206963,1.708740565277559,-0.4800188511260566,0.7977470907213472
PT039_P10_E04_S244,PT039,P10,4117,1243163.42,0.0,0.0,7,Unknown,-0.06922166422303258,-0.017669519578598775,0.03459726354371834,0.17714345022523775,4.270881730769972,0.8920564982677577
PT039_P10_E06_S246,PT039,P10,1740,1244120.7,0.0,0.0,10,Unknown,0.058474441094899535,-0.0010504125981690648,-0.351948554049051,-0.12375567637385948,-0.4043681918032812,-0.30067747101824505
PT039_P10_E07_S247,PT039,P10,737,38009.58,0.0,0.0,1,Unknown,0.009853085398637563,-0.003284471826410886,0.01704495263138968,-0.0379650341687435,-0.15418766411923046,-0.09056422658499015
PT039_P10_E08_S248,PT039,P10,673,7362.139999999999,0.0,0.0,1,Unknown,-0.05101111831930824,-0.04233391211964962,-0.12149347649923477,-0.08699886227317942,-0.25669012472713104,0.09442127420993923
PT039_P10_E09_S249,PT039,P10,1351,4709.37,0.0,0.0,1,Unknown,-0.0649799973861463,-0.030371481721810506,0.1222391144652927,-0.13179618034633778,-0.3617146701816095,0.12278785286195709
PT039_P10_E10_S250,PT039,P10,794,5953.0,0.0,0.0,1,Unknown,-0.035191791506876104,-0.009917912175519211,1.9288826214310455,-0.18251775604996368,-0.04259176124921957,-0.16172778741410299
PT039_P10_E11_S251,PT039,P10,705,4462.01,0.0,0.0,1,Unknown,0.33890105905678375,0.0,0.5885798683094204,0.09869244335898683,0.011176791920845364,-0.18691459921858886
PT039_P10_E12_S252,PT039,P10,1199,11713.92,0.0,0.0,1,Unknown,-0.045707158128532904,-0.01468205423159819,0.07475849891202221,-0.20746985773360124,-0.3111385298643524,-0.09557660619345279
PT039_P10_F01_S253,PT039,P10,2855,774676.24,0.0,0.0,3,Unknown,0.4533590993016037,-0.014257963549943256,-0.5244144846742623,0.5520467400883234,-0.6358211906066269,1.2743297872826562
PT039_P10_F02_S254,PT039,P10,1384,244112.59,0.0,0.0,3,Unknown,0.2042054504027267,1.07450654528084,0.7251421848588774,0.7361788301617357,-0.5658165099181766,0.9662052532356574
PT039_P10_F03_S255,PT039,P10,460,3201.5499999999997,0.0,0.0,1,Unknown,0.37381449570782815,-0.009444661196047232,0.24728724258765744,-0.04143610594436626,-0.25953179251322855,0.19116989896085906
PT039_P10_F04_S256,PT039,P10,2449,1362546.02,0.0,0.0,10,Unknown,-0.05844560042535303,-0.03971395410844045,-0.298272447414589,2.1063201053250977,-0.5286488651542723,1.039511005295522
PT039_P10_F05_S257,PT039,P10,1558,1035807.5599999999,0.0,0.0,7,Unknown,-0.04855926130150214,-0.016537772520172907,0.3769530769538855,-0.17490184552687993,4.057417113532789,1.7752067463876968
PT039_P10_F06_S258,PT039,P10,913,289883.6,0.0,0.0,7,Unknown,-0.01193070801156986,0.0,-0.16607309252751032,-0.0889663009818703,1.7393303177574948,-0.1578302208440739
PT039_P10_F07_S259,PT039,P10,358,1587.89,0.0,0.0,1,Unknown,-0.046906648725656,0.0,0.5272282280157792,-0.13697502754796403,-0.16485121798981442,-0.05796439395811186
PT039_P10_F08_S260,PT039,P10,3824,1400165.4,0.0,0.0,10,Unknown,-0.08715446671757514,-0.02550232930835307,0.5134442310941598,0.2225264730346391,0.15001649494534175,0.7154628279319284
PT039_P10_F09_S261,PT039,P10,542,6323.93,0.0,0.0,1,Unknown,-0.02391703369396305,0.0,-0.11693917857214642,-0.12156208051386234,-0.26527869638177826,0.13314015656087816
PT039_P10_F10_S262,PT039,P10,520,6245.170000000001,0.0,0.0,1,Unknown,-0.029562212254689774,-0.0282509502022542,0.12174762323067108,-0.06907769057378106,-0.17230778326597507,0.2170901995418167
PT039_P10_F11_S263,PT039,P10,3179,1140686.56,0.0,0.0,10,Unknown,-0.08710423637390623,0.6491835932312869,0.9707501634023838,-0.14475312948660557,-0.2480778883806064,0.587619129801745
PT039_P10_F12_S264,PT039,P10,4932,1816377.8,0.0,0.0,10,Unknown,0.39904716429875176,0.19533667214994754,0.9631444214250737,0.006613597440511043,-0.3137832340529059,0.5533037937015508
PT039_P10_G01_S265,PT039,P10,3772,1472610.62,0.0,0.0,7,Unknown,-0.04841149147473691,-0.04367172746433749,-0.3539259012517937,-0.19772783164080124,4.129465459179944,0.8691099737459766
PT039_P10_G02_S266,PT039,P10,511,54349.68,0.0,0.0,0,Unknown,-0.016696090900240317,-0.001125954902929349,-0.18988555098136783,-0.07356142807145254,3.0056239915678535,2.1803857662460078
PT039_P10_G03_S267,PT039,P10,6431,1396909.52,0.0,0.0,4,Unknown,-0.09896073243676781,-0.024896283008053927,0.9237113100012361,-0.2746727385227779,-0.9365742121857619,0.43359826066178264
PT039_P10_G04_S268,PT039,P10,3363,871734.54,0.0,0.0,10,Unknown,0.0220459106076156,-0.005725841762274911,1.1654219546660372,0.27130000284901734,-0.010432488466103784,1.0818728429390976
PT039_P10_G05_S269,PT039,P10,2591,1644456.53,0.0,0.0,4,Unknown,-0.04322393380491061,-0.0001609421446693347,0.9509961127931466,-0.07046306038245245,-0.5815769055280287,0.5347824105329541
PT039_P10_G06_S270,PT039,P10,2919,1261710.62,0.0,0.0,4,Unknown,-0.032281736575760785,-0.01612378093343157,1.0331704365344765,0.1568153667325745,-0.4646360403163746,-0.4783391354181217
PT039_P10_G07_S271,PT039,P10,3594,996001.78,0.0,0.0,4,Unknown,-0.062779617607515,-0.02453711480190717,0.8640269161025638,-0.07123031118092643,-0.40063621108847514,0.8518657517319244
PT039_P10_G08_S272,PT039,P10,2907,973999.88,0.0,0.0,7,Unknown,-0.020266311710034495,-0.0035754932276397242,-0.3705694152714835,-0.18594871180362352,4.013988008066453,0.056269384593961747
PT039_P10_G09_S273,PT039,P10,5090,1593231.5499999998,0.0,0.0,7,Unknown,-0.07296657929144358,-0.018870368558365293,-0.44387404962401067,-0.051823221981822765,4.521372403354675,0.8863476277215611
PT039_P10_G10_S274,PT039,P10,963,136725.55,0.0,0.0,0,Unknown,-0.022623609462730093,-0.0004705880203232902,0.7985942037738232,-0.05325727230962077,-0.2906463078108013,-0.22538260410703984
PT039_P10_G11_S275,PT039,P10,395,1355.65,0.0,0.0,1,Unknown,-0.010627171866585447,0.0,0.4213666543573852,-0.1382090954201394,-0.2970756058740679,-0.0941428845524522
PT039_P10_G12_S276,PT039,P10,1822,900763.6599999999,0.0,0.0,10,Unknown,-0.015562673126983543,-0.0021336878050850438,0.6814793998153255,2.170970189700229,-0.5375725634651846,0.23426687583951888
PT039_P10_H01_S277,PT039,P10,2270,1420002.39,0.0,0.0,7,Unknown,-0.014223058517748785,-0.00662067425486444,-0.35646710586058045,-0.07072624750526418,3.829295124010666,1.8994698188928325
PT039_P10_H02_S278,PT039,P10,1904,376238.91000000003,0.0,0.0,10,Unknown,-0.04613533891442541,-0.009952342582732017,0.08465156291753434,2.4656591556674896,-0.44878317156567443,0.7762423688934911
PT039_P10_H03_S279,PT039,P10,433,1073.23,0.0,0.0,1,Unknown,0.3921759183141593,-0.015559051271892749,0.9381493945987627,-0.10718538066955285,-0.3640779775243258,0.33457008741641076
PT039_P10_H04_S280,PT039,P10,878,568605.78,0.0,0.0,0,Unknown,-0.03520664088484159,0.0,1.5853403639552945,-0.021783240814055436,0.349873789108499,0.48113387517829687
PT039_P10_H05_S281,PT039,P10,592,241478.43,0.0,0.0,0,Unknown,-0.00672512359308039,0.0,1.4096416006660726,-0.06781943690533522,-0.23351376268925922,0.6752006861159787
PT039_P10_H06_S282,PT039,P10,439,105135.29999999999,0.0,0.0,7,Unknown,-0.008933487061753068,0.0,-0.15865343677367527,-0.007671634430579874,2.1909799735920608,-0.18790112485961552
PT039_P10_H07_S283,PT039,P10,2909,1528742.31,0.0,0.0,4,Unknown,-0.04531089395589108,-0.011994987044304463,1.1173052343441334,-0.1421168550357405,0.7149709249405417,1.8176838003191023
PT039_P10_H08_S284,PT039,P10,3564,1725245.2399999998,0.0,0.0,10,Unknown,0.15163218296075964,0.5371662087097944,-0.3236837474994572,-0.13558949460147957,-0.5700767739038823,0.4689483206154625
PT039_P10_H09_S285,PT039,P10,6862,1623002.4,0.0,0.0,4,Unknown,-0.1280803061447863,-0.04410259191475538,0.5330082947243937,-0.2072734112514839,-0.7177415871918087,0.2211113464692256
PT039_P10_H10_S286,PT039,P10,518,33602.95,0.0,0.0,0,Unknown,0.06731990375300205,-0.001736739652549032,-0.048053733309641564,-0.019670947696009522,-0.09462118864581719,-0.04737734464150006
PT039_P10_H11_S287,PT039,P10,992,16558.86,0.0,0.0,1,Unknown,-0.014533501906877402,-0.02845006627485156,0.5660895497060044,0.09982509732581567,0.3433041024771079,-0.04939402879508621
